enrollee_id,city,city_development_index,gender,relevent_experience,enrolled_university,education_level,major_discipline,experience,company_size,company_type,last_new_job,training_hours,progression_score,score_intent,exp_years,score_experience,score_education,score_training,score_relevance,composite_score,rank,percentile,intent_percent,experience_percent,education_percent,training_percent,relevance_percent,badge,highlights,prediction,status
10856,city_103,0.92,Male,Has relevent experience,no_enrollment,Masters,Other,>20,,,>4,196,0.5384615384615384,0.5384615384615384,22.0,1.0,0.88,0.98,1.0,81.25,1,100.0,53.8,100.0,88.0,98.0,100.0,Senior Specialist,"['Open to progression', 'Deep seniority (22+ yrs)', 'Advanced degree (Masters)', 'Committed upskiller (196 hrs)']",1,Ready for Transition
31402,city_103,0.92,Male,Has relevent experience,no_enrollment,Graduate,STEM,>20,,,2,192,0.5733333333333334,0.5733333333333334,22.0,1.0,0.7999999999999999,0.96,1.0,80.67,2,100.0,57.3,100.0,80.0,96.0,100.0,Senior Specialist,"['Open to progression', 'Deep seniority (22+ yrs)', 'STEM discipline', 'Committed upskiller (192 hrs)']",1,Ready for Transition
32029,city_103,0.92,Male,Has relevent experience,no_enrollment,Phd,STEM,20,10000+,Public Sector,3,110,0.5733333333333334,0.5733333333333334,20.0,1.0,1.0,0.55,1.0,80.57,3,99.9,57.3,100.0,100.0,55.0,100.0,Senior Specialist,"['Open to progression', 'Deep seniority (20+ yrs)', 'Advanced degree (Phd)', 'STEM discipline']",1,Ready for Transition
9047,city_103,0.92,Other,Has relevent experience,no_enrollment,Graduate,STEM,>20,,,>4,174,0.5838509316770185,0.5838509316770185,22.0,1.0,0.7999999999999999,0.87,1.0,80.13,4,99.9,58.4,100.0,80.0,87.0,100.0,Senior Specialist,"['Open to progression', 'Deep seniority (22+ yrs)', 'STEM discipline', 'Committed upskiller (174 hrs)']",1,Ready for Transition
6312,city_160,0.92,Male,Has relevent experience,no_enrollment,Graduate,STEM,>20,,,1,270,0.5289855072463768,0.5289855072463768,22.0,1.0,0.7999999999999999,1.0,1.0,79.51,5,99.8,52.9,100.0,80.0,100.0,100.0,Senior Specialist,"['Open to progression', 'Deep seniority (22+ yrs)', 'STEM discipline', 'Committed upskiller (270 hrs)']",1,Ready for Transition
31337,city_103,0.92,Male,Has relevent experience,no_enrollment,Masters,STEM,>20,,,>4,111,0.5384615384615384,0.5384615384615384,22.0,1.0,0.98,0.555,1.0,79.0,6,99.8,53.8,100.0,98.0,55.5,100.0,Senior Specialist,"['Open to progression', 'Deep seniority (22+ yrs)', 'Advanced degree (Masters)', 'STEM discipline']",1,Ready for Transition
32981,city_165,0.903,Male,Has relevent experience,no_enrollment,Phd,STEM,>20,,,1,76,0.5733333333333334,0.5733333333333334,22.0,1.0,1.0,0.38,1.0,78.87,7,99.7,57.3,100.0,100.0,38.0,100.0,Senior Specialist,"['Open to progression', 'Deep seniority (22+ yrs)', 'Advanced degree (Phd)', 'STEM discipline']",1,Ready for Transition
13211,city_103,0.92,Male,Has relevent experience,no_enrollment,Masters,STEM,>20,,,>4,80,0.5733333333333334,0.5733333333333334,22.0,1.0,0.98,0.4,1.0,78.67,8,99.7,57.3,100.0,98.0,40.0,100.0,Senior Specialist,"['Open to progression', 'Deep seniority (22+ yrs)', 'Advanced degree (Masters)', 'STEM discipline']",1,Ready for Transition
22975,city_160,0.92,Male,Has relevent experience,no_enrollment,Graduate,STEM,>20,,,2,138,0.5733333333333334,0.5733333333333334,22.0,1.0,0.7999999999999999,0.69,1.0,77.97,9,99.6,57.3,100.0,80.0,69.0,100.0,Senior Specialist,"['Open to progression', 'Deep seniority (22+ yrs)', 'STEM discipline', 'Committed upskiller (138 hrs)']",1,Ready for Transition
22042,city_103,0.92,Male,Has relevent experience,no_enrollment,Masters,STEM,>20,,,>4,64,0.5733333333333334,0.5733333333333334,22.0,1.0,0.98,0.32,1.0,77.87,10,99.6,57.3,100.0,98.0,32.0,100.0,Senior Specialist,"['Open to progression', 'Deep seniority (22+ yrs)', 'Advanced degree (Masters)', 'STEM discipline']",1,Ready for Transition
2934,city_75,0.939,Male,Has relevent experience,no_enrollment,Phd,STEM,>20,1000-4999,Pvt Ltd,3,328,0.3644859813084112,0.3644859813084112,22.0,1.0,1.0,1.0,1.0,77.76,11,99.5,36.4,100.0,100.0,100.0,100.0,Senior Specialist,"['Deep seniority (22+ yrs)', 'Advanced degree (Phd)', 'STEM discipline', 'Committed upskiller (328 hrs)']",0,Stable in Role
30512,city_103,0.92,Male,Has relevent experience,no_enrollment,Graduate,STEM,>20,,,1,156,0.5384615384615384,0.5384615384615384,22.0,1.0,0.7999999999999999,0.78,1.0,77.65,12,99.5,53.8,100.0,80.0,78.0,100.0,Senior Specialist,"['Open to progression', 'Deep seniority (22+ yrs)', 'STEM discipline', 'Committed upskiller (156 hrs)']",1,Ready for Transition
11440,city_103,0.92,Female,Has relevent experience,no_enrollment,Graduate,STEM,>20,,,3,123,0.5838509316770185,0.5838509316770185,22.0,1.0,0.7999999999999999,0.615,1.0,77.58,13,99.4,58.4,100.0,80.0,61.5,100.0,Senior Specialist,"['Open to progression', 'Deep seniority (22+ yrs)', 'STEM discipline', 'Committed upskiller (123 hrs)']",1,Ready for Transition
28370,city_103,0.92,Male,Has relevent experience,no_enrollment,Graduate,STEM,>20,,,1,112,0.5733333333333334,0.5733333333333334,22.0,1.0,0.7999999999999999,0.56,1.0,76.67,14,99.4,57.3,100.0,80.0,56.0,100.0,Senior Specialist,"['Open to progression', 'Deep seniority (22+ yrs)', 'STEM discipline', 'Committed upskiller (112 hrs)']",1,Ready for Transition
20691,city_21,0.624,Male,Has relevent experience,no_enrollment,Masters,STEM,19,50-99,Other,never,37,0.6077348066298343,0.6077348066298343,19.0,0.95,0.98,0.185,1.0,76.47,15,99.3,60.8,95.0,98.0,18.5,100.0,Senior Specialist,"['Open to progression', 'Deep seniority (19+ yrs)', 'Advanced degree (Masters)', 'STEM discipline']",1,Ready for Transition
22974,city_160,0.92,Male,Has relevent experience,no_enrollment,Masters,Humanities,>20,,,2,105,0.5289855072463768,0.5289855072463768,22.0,1.0,0.88,0.525,1.0,76.36,16,99.3,52.9,100.0,88.0,52.5,100.0,Senior Specialist,"['Open to progression', 'Deep seniority (22+ yrs)', 'Advanced degree (Masters)', 'Committed upskiller (105 hrs)']",1,Ready for Transition
25802,city_103,0.92,,Has relevent experience,no_enrollment,Masters,STEM,>20,,,>4,42,0.5614035087719298,0.5614035087719298,22.0,1.0,0.98,0.21,1.0,76.35,17,99.2,56.1,100.0,98.0,21.0,100.0,Senior Specialist,"['Open to progression', 'Deep seniority (22+ yrs)', 'Advanced degree (Masters)', 'STEM discipline']",1,Ready for Transition
6209,city_21,0.624,,Has relevent experience,no_enrollment,Masters,STEM,18,100-500,Pvt Ltd,>4,50,0.6077348066298343,0.6077348066298343,18.0,0.9,0.98,0.25,1.0,75.87,18,99.2,60.8,90.0,98.0,25.0,100.0,Senior Specialist,"['Open to progression', 'Deep seniority (18+ yrs)', 'Advanced degree (Masters)', 'STEM discipline']",1,Ready for Transition
2444,city_103,0.92,Male,Has relevent experience,no_enrollment,Graduate,STEM,>20,,,3,88,0.5838509316770185,0.5838509316770185,22.0,1.0,0.7999999999999999,0.44,1.0,75.83,19,99.2,58.4,100.0,80.0,44.0,100.0,Senior Specialist,"['Open to progression', 'Deep seniority (22+ yrs)', 'STEM discipline', 'Committed upskiller (88 hrs)']",1,Ready for Transition
14019,city_103,0.92,,Has relevent experience,no_enrollment,Masters,STEM,>20,,,3,15,0.5838509316770185,0.5838509316770185,22.0,1.0,0.98,0.075,1.0,75.78,20,99.1,58.4,100.0,98.0,7.5,100.0,Senior Specialist,"['Open to progression', 'Deep seniority (22+ yrs)', 'Advanced degree (Masters)', 'STEM discipline']",1,Ready for Transition
27302,city_160,0.92,Female,Has relevent experience,no_enrollment,Graduate,STEM,>20,,,>4,81,0.5838509316770185,0.5838509316770185,22.0,1.0,0.7999999999999999,0.405,1.0,75.48,21,99.1,58.4,100.0,80.0,40.5,100.0,Senior Specialist,"['Open to progression', 'Deep seniority (22+ yrs)', 'STEM discipline', 'Committed upskiller (81 hrs)']",1,Ready for Transition
6356,city_160,0.92,Male,Has relevent experience,no_enrollment,Masters,STEM,19,,,1,32,0.5838509316770185,0.5838509316770185,19.0,0.95,0.98,0.16,1.0,75.38,22,99.0,58.4,95.0,98.0,16.0,100.0,Senior Specialist,"['Open to progression', 'Deep seniority (19+ yrs)', 'Advanced degree (Masters)', 'STEM discipline']",1,Ready for Transition
32000,city_103,0.92,Male,Has relevent experience,no_enrollment,Masters,STEM,>20,,,2,7,0.5838509316770185,0.5838509316770185,22.0,1.0,0.98,0.035,1.0,75.38,22,99.0,58.4,100.0,98.0,3.5,100.0,Senior Specialist,"['Open to progression', 'Deep seniority (22+ yrs)', 'Advanced degree (Masters)', 'STEM discipline']",1,Ready for Transition
20103,city_103,0.92,Male,Has relevent experience,no_enrollment,Masters,STEM,>20,,,>4,18,0.5614035087719298,0.5614035087719298,22.0,1.0,0.98,0.09,1.0,75.15,24,98.9,56.1,100.0,98.0,9.0,100.0,Senior Specialist,"['Open to progression', 'Deep seniority (22+ yrs)', 'Advanced degree (Masters)', 'STEM discipline']",1,Ready for Transition
4273,city_103,0.92,Male,Has relevent experience,no_enrollment,Masters,STEM,>20,,,>4,15,0.5614035087719298,0.5614035087719298,22.0,1.0,0.98,0.075,1.0,75.0,25,98.9,56.1,100.0,98.0,7.5,100.0,Senior Specialist,"['Open to progression', 'Deep seniority (22+ yrs)', 'Advanced degree (Masters)', 'STEM discipline']",1,Ready for Transition
1456,city_103,0.92,Male,Has relevent experience,no_enrollment,Graduate,STEM,15,,,4,170,0.6077348066298343,0.6077348066298343,15.0,0.75,0.7999999999999999,0.85,1.0,74.52,26,98.8,60.8,75.0,80.0,85.0,100.0,Senior Specialist,"['Open to progression', 'Deep seniority (15+ yrs)', 'STEM discipline', 'Committed upskiller (170 hrs)']",1,Ready for Transition
32099,city_160,0.92,Male,Has relevent experience,no_enrollment,Graduate,STEM,>20,,,3,66,0.5733333333333334,0.5733333333333334,22.0,1.0,0.7999999999999999,0.33,1.0,74.37,27,98.8,57.3,100.0,80.0,33.0,100.0,Senior Specialist,"['Open to progression', 'Deep seniority (22+ yrs)', 'STEM discipline', 'Domain-relevant experience']",1,Ready for Transition
30428,city_160,0.92,Male,Has relevent experience,no_enrollment,Graduate,STEM,>20,,,>4,56,0.5838509316770185,0.5838509316770185,22.0,1.0,0.7999999999999999,0.28,1.0,74.23,28,98.7,58.4,100.0,80.0,28.0,100.0,Senior Specialist,"['Open to progression', 'Deep seniority (22+ yrs)', 'STEM discipline', 'Domain-relevant experience']",1,Ready for Transition
9852,city_103,0.92,Male,Has relevent experience,no_enrollment,Graduate,STEM,>20,,,3,23,0.6287878787878788,0.6287878787878788,22.0,1.0,0.7999999999999999,0.115,1.0,74.16,29,98.7,62.9,100.0,80.0,11.5,100.0,Senior Specialist,"['Open to progression', 'Deep seniority (22+ yrs)', 'STEM discipline', 'Domain-relevant experience']",1,Ready for Transition
19459,city_160,0.92,Male,Has relevent experience,no_enrollment,Graduate,STEM,>20,,,2,43,0.5838509316770185,0.5838509316770185,22.0,1.0,0.7999999999999999,0.215,1.0,73.58,30,98.6,58.4,100.0,80.0,21.5,100.0,Senior Specialist,"['Open to progression', 'Deep seniority (22+ yrs)', 'STEM discipline', 'Domain-relevant experience']",1,Ready for Transition
8911,city_103,0.92,Male,Has relevent experience,no_enrollment,Graduate,STEM,>20,,,>4,9,0.6287878787878788,0.6287878787878788,22.0,1.0,0.7999999999999999,0.045,1.0,73.46,31,98.6,62.9,100.0,80.0,4.5,100.0,Senior Specialist,"['Open to progression', 'Deep seniority (22+ yrs)', 'STEM discipline', 'Domain-relevant experience']",1,Ready for Transition
16931,city_31,0.807,Male,Has relevent experience,no_enrollment,Graduate,STEM,15,,,>4,134,0.6287878787878788,0.6287878787878788,15.0,0.75,0.7999999999999999,0.67,1.0,73.46,31,98.6,62.9,75.0,80.0,67.0,100.0,Senior Specialist,"['Open to progression', 'Deep seniority (15+ yrs)', 'STEM discipline', 'Committed upskiller (134 hrs)']",1,Ready for Transition
13204,city_103,0.92,,Has relevent experience,no_enrollment,Graduate,STEM,15,,,2,210,0.5289855072463768,0.5289855072463768,15.0,0.75,0.7999999999999999,1.0,1.0,73.26,33,98.5,52.9,75.0,80.0,100.0,100.0,Senior Specialist,"['Open to progression', 'Deep seniority (15+ yrs)', 'STEM discipline', 'Committed upskiller (210 hrs)']",1,Ready for Transition
12996,city_103,0.92,Male,Has relevent experience,no_enrollment,Graduate,STEM,>20,,,>4,39,0.5733333333333334,0.5733333333333334,22.0,1.0,0.7999999999999999,0.195,1.0,73.02,34,98.4,57.3,100.0,80.0,19.5,100.0,Senior Specialist,"['Open to progression', 'Deep seniority (22+ yrs)', 'STEM discipline', 'Domain-relevant experience']",1,Ready for Transition
26235,city_160,0.92,Male,Has relevent experience,no_enrollment,Graduate,STEM,>20,,,>4,24,0.5838509316770185,0.5838509316770185,22.0,1.0,0.7999999999999999,0.12,1.0,72.63,35,98.4,58.4,100.0,80.0,12.0,100.0,Senior Specialist,"['Open to progression', 'Deep seniority (22+ yrs)', 'STEM discipline', 'Domain-relevant experience']",1,Ready for Transition
26670,city_103,0.92,Male,Has relevent experience,no_enrollment,Graduate,STEM,>20,,,2,52,0.5384615384615384,0.5384615384615384,22.0,1.0,0.7999999999999999,0.26,1.0,72.45,36,98.4,53.8,100.0,80.0,26.0,100.0,Senior Specialist,"['Open to progression', 'Deep seniority (22+ yrs)', 'STEM discipline', 'Domain-relevant experience']",1,Ready for Transition
15242,city_103,0.92,Male,Has relevent experience,no_enrollment,Graduate,STEM,>20,,,>4,15,0.5838509316770185,0.5838509316770185,22.0,1.0,0.7999999999999999,0.075,1.0,72.18,37,98.3,58.4,100.0,80.0,7.5,100.0,Senior Specialist,"['Open to progression', 'Deep seniority (22+ yrs)', 'STEM discipline', 'Domain-relevant experience']",1,Ready for Transition
28494,city_103,0.92,Male,Has relevent experience,no_enrollment,Graduate,STEM,>20,,,3,12,0.5838509316770185,0.5838509316770185,22.0,1.0,0.7999999999999999,0.06,1.0,72.03,38,98.3,58.4,100.0,80.0,6.0,100.0,Senior Specialist,"['Open to progression', 'Deep seniority (22+ yrs)', 'STEM discipline', 'Domain-relevant experience']",1,Ready for Transition
25492,city_103,0.92,,Has relevent experience,no_enrollment,Graduate,STEM,>20,,,1,10,0.5838509316770185,0.5838509316770185,22.0,1.0,0.7999999999999999,0.05,1.0,71.93,39,98.2,58.4,100.0,80.0,5.0,100.0,Senior Specialist,"['Open to progression', 'Deep seniority (22+ yrs)', 'STEM discipline', 'Domain-relevant experience']",1,Ready for Transition
16540,city_21,0.624,Male,Has relevent experience,no_enrollment,Masters,STEM,16,10000+,Pvt Ltd,1,53,0.5614035087719298,0.5614035087719298,16.0,0.8,0.98,0.265,1.0,71.9,40,98.1,56.1,80.0,98.0,26.5,100.0,Senior Specialist,"['Open to progression', 'Deep seniority (16+ yrs)', 'Advanced degree (Masters)', 'STEM discipline']",1,Ready for Transition
27337,city_21,0.624,Male,Has relevent experience,no_enrollment,Graduate,STEM,15,10000+,Pvt Ltd,1,166,0.5384615384615384,0.5384615384615384,15.0,0.75,0.7999999999999999,0.83,1.0,71.9,40,98.1,53.8,75.0,80.0,83.0,100.0,Senior Specialist,"['Open to progression', 'Deep seniority (15+ yrs)', 'STEM discipline', 'Committed upskiller (166 hrs)']",1,Ready for Transition
2610,city_1,0.847,Male,Has relevent experience,no_enrollment,Graduate,STEM,>20,,,>4,9,0.5838509316770185,0.5838509316770185,22.0,1.0,0.7999999999999999,0.045,1.0,71.88,42,98.1,58.4,100.0,80.0,4.5,100.0,Senior Specialist,"['Open to progression', 'Deep seniority (22+ yrs)', 'STEM discipline', 'Domain-relevant experience']",1,Ready for Transition
8216,city_21,0.624,,Has relevent experience,no_enrollment,Masters,STEM,11,100-500,Pvt Ltd,2,214,0.5289855072463768,0.5289855072463768,11.0,0.55,0.98,1.0,1.0,71.86,43,98.0,52.9,55.0,98.0,100.0,100.0,Qualified Applicant,"['Open to progression', 'Mid-to-Senior (11 yrs)', 'Advanced degree (Masters)', 'STEM discipline']",1,Ready for Transition
14369,city_79,0.698,,Has relevent experience,Full time course,Masters,STEM,11,,,1,220,0.5289855072463768,0.5289855072463768,11.0,0.55,0.98,1.0,1.0,71.86,43,98.0,52.9,55.0,98.0,100.0,100.0,Qualified Applicant,"['Open to progression', 'Mid-to-Senior (11 yrs)', 'Advanced degree (Masters)', 'STEM discipline']",1,Ready for Transition
10246,city_160,0.92,Male,Has relevent experience,no_enrollment,Masters,STEM,17,,,1,9,0.5838509316770185,0.5838509316770185,17.0,0.85,0.98,0.045,1.0,71.73,45,97.9,58.4,85.0,98.0,4.5,100.0,Senior Specialist,"['Open to progression', 'Deep seniority (17+ yrs)', 'Advanced degree (Masters)', 'STEM discipline']",1,Ready for Transition
23883,city_128,0.527,Male,Has relevent experience,Part time course,Masters,STEM,16,5000-9999,Public Sector,>4,70,0.5289855072463768,0.5289855072463768,16.0,0.8,0.98,0.35,1.0,71.61,46,97.9,52.9,80.0,98.0,35.0,100.0,Senior Specialist,"['Open to progression', 'Deep seniority (16+ yrs)', 'Advanced degree (Masters)', 'STEM discipline']",1,Ready for Transition
27245,city_21,0.624,Male,Has relevent experience,no_enrollment,Masters,STEM,16,1000-4999,Pvt Ltd,1,36,0.5733333333333334,0.5733333333333334,16.0,0.8,0.98,0.18,1.0,71.47,47,97.8,57.3,80.0,98.0,18.0,100.0,Senior Specialist,"['Open to progression', 'Deep seniority (16+ yrs)', 'Advanced degree (Masters)', 'STEM discipline']",1,Ready for Transition
13539,city_143,0.74,Male,Has relevent experience,no_enrollment,Graduate,STEM,13,<10,Pvt Ltd,2,182,0.5733333333333334,0.5733333333333334,13.0,0.65,0.7999999999999999,0.91,1.0,71.42,48,97.8,57.3,65.0,80.0,91.0,100.0,Senior Specialist,"['Open to progression', 'Mid-to-Senior (13 yrs)', 'STEM discipline', 'Committed upskiller (182 hrs)']",1,Ready for Transition
19243,city_103,0.92,,Has relevent experience,no_enrollment,Graduate,STEM,19,100-500,,1,31,0.5733333333333334,0.5733333333333334,19.0,0.95,0.7999999999999999,0.155,1.0,71.37,49,97.7,57.3,95.0,80.0,15.5,100.0,Senior Specialist,"['Open to progression', 'Deep seniority (19+ yrs)', 'STEM discipline', 'Domain-relevant experience']",1,Ready for Transition
24234,city_11,0.55,Male,Has relevent experience,Full time course,Graduate,STEM,19,10/49,Pvt Ltd,>4,19,0.5733333333333334,0.5733333333333334,19.0,0.95,0.7999999999999999,0.095,1.0,70.77,50,97.7,57.3,95.0,80.0,9.5,100.0,Senior Specialist,"['Open to progression', 'Deep seniority (19+ yrs)', 'STEM discipline', 'Domain-relevant experience']",1,Ready for Transition
9275,city_158,0.7659999999999999,Male,Has relevent experience,Part time course,Graduate,STEM,13,,,>4,324,0.5289855072463768,0.5289855072463768,13.0,0.65,0.7999999999999999,1.0,1.0,70.76,51,97.7,52.9,65.0,80.0,100.0,100.0,Senior Specialist,"['Open to progression', 'Mid-to-Senior (13 yrs)', 'STEM discipline', 'Committed upskiller (324 hrs)']",1,Ready for Transition
9618,city_103,0.92,Female,Has relevent experience,no_enrollment,Graduate,Humanities,>20,,,>4,22,0.5838509316770185,0.5838509316770185,22.0,1.0,0.7,0.11,1.0,70.53,52,97.6,58.4,100.0,70.0,11.0,100.0,Senior Specialist,"['Open to progression', 'Deep seniority (22+ yrs)', 'Domain-relevant experience']",1,Ready for Transition
5980,city_21,0.624,,Has relevent experience,no_enrollment,Graduate,STEM,10,50-99,Pvt Ltd,2,288,0.6287878787878788,0.6287878787878788,10.0,0.5,0.7999999999999999,1.0,1.0,70.51,53,97.6,62.9,50.0,80.0,100.0,100.0,Qualified Applicant,"['Open to progression', 'Mid-to-Senior (10 yrs)', 'STEM discipline', 'Committed upskiller (288 hrs)']",1,Ready for Transition
19501,city_21,0.624,Male,Has relevent experience,no_enrollment,Masters,STEM,15,50-99,Pvt Ltd,>4,34,0.5733333333333334,0.5733333333333334,15.0,0.75,0.98,0.17,1.0,70.12,54,97.5,57.3,75.0,98.0,17.0,100.0,Senior Specialist,"['Open to progression', 'Deep seniority (15+ yrs)', 'Advanced degree (Masters)', 'STEM discipline']",1,Ready for Transition
33064,city_21,0.624,Male,Has relevent experience,no_enrollment,Masters,STEM,13,1000-4999,Pvt Ltd,4,78,0.5733333333333334,0.5733333333333334,13.0,0.65,0.98,0.39,1.0,69.82,55,97.5,57.3,65.0,98.0,39.0,100.0,Senior Specialist,"['Open to progression', 'Mid-to-Senior (13 yrs)', 'Advanced degree (Masters)', 'STEM discipline']",1,Ready for Transition
25038,city_16,0.91,Male,Has relevent experience,no_enrollment,Graduate,STEM,>20,,,>4,182,0.27564102564102566,0.27564102564102566,22.0,1.0,0.7999999999999999,0.91,1.0,69.75,56,97.4,27.6,100.0,80.0,91.0,100.0,Senior Specialist,"['Deep seniority (22+ yrs)', 'STEM discipline', 'Committed upskiller (182 hrs)', 'Domain-relevant experience']",0,Stable in Role
23344,city_11,0.55,Male,Has relevent experience,no_enrollment,Masters,STEM,9,,,2,324,0.5384615384615384,0.5384615384615384,9.0,0.45,0.98,1.0,1.0,69.7,57,97.4,53.8,45.0,98.0,100.0,100.0,Qualified Applicant,"['Open to progression', 'Mid-to-Senior (9 yrs)', 'Advanced degree (Masters)', 'STEM discipline']",1,Ready for Transition
18706,city_143,0.74,Male,Has relevent experience,Full time course,Masters,STEM,>20,,,>4,107,0.27564102564102566,0.27564102564102566,22.0,1.0,0.98,0.535,1.0,69.6,58,97.3,27.6,100.0,98.0,53.5,100.0,Senior Specialist,"['Deep seniority (22+ yrs)', 'Advanced degree (Masters)', 'STEM discipline', 'Committed upskiller (107 hrs)']",0,Stable in Role
18581,city_101,0.5579999999999999,Male,Has relevent experience,no_enrollment,Masters,STEM,15,100-500,Pvt Ltd,4,20,0.5733333333333334,0.5733333333333334,15.0,0.75,0.98,0.1,1.0,69.42,59,97.3,57.3,75.0,98.0,10.0,100.0,Senior Specialist,"['Open to progression', 'Deep seniority (15+ yrs)', 'Advanced degree (Masters)', 'STEM discipline']",1,Ready for Transition
16180,city_103,0.92,Male,Has relevent experience,no_enrollment,Graduate,STEM,18,,,1,14,0.5733333333333334,0.5733333333333334,18.0,0.9,0.7999999999999999,0.07,1.0,69.27,60,97.2,57.3,90.0,80.0,7.0,100.0,Senior Specialist,"['Open to progression', 'Deep seniority (18+ yrs)', 'STEM discipline', 'Domain-relevant experience']",1,Ready for Transition
14026,city_160,0.92,,Has relevent experience,no_enrollment,Graduate,STEM,17,,,>4,39,0.5733333333333334,0.5733333333333334,17.0,0.85,0.7999999999999999,0.195,1.0,69.27,60,97.2,57.3,85.0,80.0,19.5,100.0,Senior Specialist,"['Open to progression', 'Deep seniority (17+ yrs)', 'STEM discipline', 'Domain-relevant experience']",1,Ready for Transition
7792,city_76,0.698,,No relevent experience,no_enrollment,Masters,STEM,>20,,,2,168,0.3644859813084112,0.3644859813084112,22.0,1.0,0.98,0.84,0.35,69.26,62,97.1,36.4,100.0,98.0,84.0,35.0,Senior Specialist,"['Deep seniority (22+ yrs)', 'Advanced degree (Masters)', 'STEM discipline', 'Committed upskiller (168 hrs)']",0,Stable in Role
26801,city_103,0.92,Male,Has relevent experience,no_enrollment,Graduate,Humanities,>20,,,1,2,0.5733333333333334,0.5733333333333334,22.0,1.0,0.7,0.01,1.0,69.17,63,97.1,57.3,100.0,70.0,1.0,100.0,Senior Specialist,"['Open to progression', 'Deep seniority (22+ yrs)', 'Domain-relevant experience']",1,Ready for Transition
17924,city_10,0.895,Male,No relevent experience,Full time course,Masters,STEM,>20,,,1,44,0.5384615384615384,0.5384615384615384,22.0,1.0,0.98,0.22,0.35,69.15,64,97.0,53.8,100.0,98.0,22.0,35.0,Senior Specialist,"['Open to progression', 'Deep seniority (22+ yrs)', 'Advanced degree (Masters)', 'STEM discipline']",1,Ready for Transition
10803,city_114,0.926,Male,Has relevent experience,no_enrollment,Phd,STEM,>20,,,4,322,0.11859838274932614,0.11859838274932614,22.0,1.0,1.0,1.0,1.0,69.15,64,97.0,11.9,100.0,100.0,100.0,100.0,Senior Specialist,"['Deep seniority (22+ yrs)', 'Advanced degree (Phd)', 'STEM discipline', 'Committed upskiller (322 hrs)']",0,Stable in Role
9562,city_73,0.754,Male,Has relevent experience,no_enrollment,Graduate,STEM,>20,,,1,167,0.27564102564102566,0.27564102564102566,22.0,1.0,0.7999999999999999,0.835,1.0,69.0,66,96.9,27.6,100.0,80.0,83.5,100.0,Senior Specialist,"['Deep seniority (22+ yrs)', 'STEM discipline', 'Committed upskiller (167 hrs)', 'Domain-relevant experience']",0,Stable in Role
16107,city_103,0.92,,Has relevent experience,no_enrollment,Graduate,STEM,15,,,>4,108,0.5384615384615384,0.5384615384615384,15.0,0.75,0.7999999999999999,0.54,1.0,69.0,66,96.9,53.8,75.0,80.0,54.0,100.0,Senior Specialist,"['Open to progression', 'Deep seniority (15+ yrs)', 'STEM discipline', 'Committed upskiller (108 hrs)']",1,Ready for Transition
17549,city_21,0.624,Male,Has relevent experience,no_enrollment,Masters,STEM,13,10/49,Pvt Ltd,2,65,0.5614035087719298,0.5614035087719298,13.0,0.65,0.98,0.325,1.0,68.75,68,96.8,56.1,65.0,98.0,32.5,100.0,Senior Specialist,"['Open to progression', 'Mid-to-Senior (13 yrs)', 'Advanced degree (Masters)', 'STEM discipline']",1,Ready for Transition
14816,city_61,0.913,Male,Has relevent experience,no_enrollment,Masters,STEM,>20,,,>4,212,0.11859838274932614,0.11859838274932614,22.0,1.0,0.98,1.0,1.0,68.75,68,96.8,11.9,100.0,98.0,100.0,100.0,Senior Specialist,"['Deep seniority (22+ yrs)', 'Advanced degree (Masters)', 'STEM discipline', 'Committed upskiller (212 hrs)']",0,Stable in Role
4810,city_160,0.92,,No relevent experience,no_enrollment,Graduate,STEM,>20,,,1,76,0.5838509316770185,0.5838509316770185,22.0,1.0,0.7999999999999999,0.38,0.35,68.73,70,96.8,58.4,100.0,80.0,38.0,35.0,Senior Specialist,"['Open to progression', 'Deep seniority (22+ yrs)', 'STEM discipline']",1,Ready for Transition
17129,city_103,0.92,Male,No relevent experience,Full time course,Masters,STEM,14,,,never,136,0.6077348066298343,0.6077348066298343,14.0,0.7,0.98,0.68,0.35,68.67,71,96.7,60.8,70.0,98.0,68.0,35.0,Senior Specialist,"['Open to progression', 'Mid-to-Senior (14 yrs)', 'Advanced degree (Masters)', 'STEM discipline']",1,Ready for Transition
11460,city_74,0.579,Male,Has relevent experience,no_enrollment,Graduate,STEM,13,100-500,Pvt Ltd,1,157,0.5289855072463768,0.5289855072463768,13.0,0.65,0.7999999999999999,0.785,1.0,68.61,72,96.7,52.9,65.0,80.0,78.5,100.0,Senior Specialist,"['Open to progression', 'Mid-to-Senior (13 yrs)', 'STEM discipline', 'Committed upskiller (157 hrs)']",1,Ready for Transition
24914,city_21,0.624,,Has relevent experience,Full time course,Graduate,STEM,13,1000-4999,Pvt Ltd,1,125,0.5733333333333334,0.5733333333333334,13.0,0.65,0.7999999999999999,0.625,1.0,68.57,73,96.6,57.3,65.0,80.0,62.5,100.0,Senior Specialist,"['Open to progression', 'Mid-to-Senior (13 yrs)', 'STEM discipline', 'Committed upskiller (125 hrs)']",1,Ready for Transition
9726,city_160,0.92,Male,Has relevent experience,no_enrollment,Graduate,STEM,16,,,>4,42,0.5733333333333334,0.5733333333333334,16.0,0.8,0.7999999999999999,0.21,1.0,68.17,74,96.6,57.3,80.0,80.0,21.0,100.0,Senior Specialist,"['Open to progression', 'Deep seniority (16+ yrs)', 'STEM discipline', 'Domain-relevant experience']",1,Ready for Transition
17836,city_21,0.624,Male,Has relevent experience,no_enrollment,Graduate,STEM,18,10000+,Pvt Ltd,2,22,0.5289855072463768,0.5289855072463768,18.0,0.9,0.7999999999999999,0.11,1.0,68.11,75,96.5,52.9,90.0,80.0,11.0,100.0,Senior Specialist,"['Open to progression', 'Deep seniority (18+ yrs)', 'STEM discipline', 'Domain-relevant experience']",1,Ready for Transition
1441,city_103,0.92,Male,No relevent experience,Full time course,Masters,STEM,16,,,never,96,0.5733333333333334,0.5733333333333334,16.0,0.8,0.98,0.48,0.35,67.97,76,96.5,57.3,80.0,98.0,48.0,35.0,Senior Specialist,"['Open to progression', 'Deep seniority (16+ yrs)', 'Advanced degree (Masters)', 'STEM discipline']",1,Ready for Transition
1680,city_19,0.682,Male,Has relevent experience,no_enrollment,Masters,STEM,19,1000-4999,,4,99,0.27564102564102566,0.27564102564102566,19.0,0.95,0.98,0.495,1.0,67.95,77,96.4,27.6,95.0,98.0,49.5,100.0,Senior Specialist,"['Deep seniority (19+ yrs)', 'Advanced degree (Masters)', 'STEM discipline', 'Committed upskiller (99 hrs)']",0,Stable in Role
5967,city_21,0.624,Male,Has relevent experience,no_enrollment,Masters,STEM,9,10/49,Pvt Ltd,>4,101,0.6287878787878788,0.6287878787878788,9.0,0.45,0.98,0.505,1.0,67.91,78,96.4,62.9,45.0,98.0,50.5,100.0,Qualified Applicant,"['Open to progression', 'Mid-to-Senior (9 yrs)', 'Advanced degree (Masters)', 'STEM discipline']",1,Ready for Transition
22407,city_11,0.55,,Has relevent experience,no_enrollment,Masters,STEM,8,50-99,Pvt Ltd,3,162,0.5733333333333334,0.5733333333333334,8.0,0.4,0.98,0.81,1.0,67.77,79,96.3,57.3,40.0,98.0,81.0,100.0,Qualified Applicant,"['Open to progression', 'Mid-to-Senior (8 yrs)', 'Advanced degree (Masters)', 'STEM discipline']",1,Ready for Transition
1382,city_103,0.92,,Has relevent experience,Part time course,Graduate,STEM,14,,,4,74,0.5838509316770185,0.5838509316770185,14.0,0.7,0.7999999999999999,0.37,1.0,67.63,80,96.3,58.4,70.0,80.0,37.0,100.0,Senior Specialist,"['Open to progression', 'Mid-to-Senior (14 yrs)', 'STEM discipline', 'Domain-relevant experience']",1,Ready for Transition
6969,city_41,0.8270000000000001,Male,Has relevent experience,no_enrollment,Graduate,STEM,16,,,1,62,0.5289855072463768,0.5289855072463768,16.0,0.8,0.7999999999999999,0.31,1.0,67.61,81,96.2,52.9,80.0,80.0,31.0,100.0,Senior Specialist,"['Open to progression', 'Deep seniority (16+ yrs)', 'STEM discipline', 'Domain-relevant experience']",1,Ready for Transition
25101,city_21,0.624,,No relevent experience,Full time course,Masters,STEM,2,5000-9999,Pvt Ltd,1,284,0.9139304156248006,0.9139304156248006,2.0,0.1,0.98,1.0,0.35,67.59,82,96.2,91.4,10.0,98.0,100.0,35.0,High-Velocity Learner,"['High transition readiness (91%)', '2 yrs exp', 'Advanced degree (Masters)', 'STEM discipline']",1,Ready for Transition
3214,city_16,0.91,Male,Has relevent experience,no_enrollment,Masters,STEM,>20,1000-4999,Pvt Ltd,4,282,0.0847457627118644,0.0847457627118644,22.0,1.0,0.98,1.0,1.0,67.57,83,96.1,8.5,100.0,98.0,100.0,100.0,Senior Specialist,"['Deep seniority (22+ yrs)', 'Advanced degree (Masters)', 'STEM discipline', 'Committed upskiller (282 hrs)']",0,Stable in Role
15165,city_160,0.92,,No relevent experience,Part time course,Graduate,STEM,>20,,,,16,0.6287878787878788,0.6287878787878788,22.0,1.0,0.7999999999999999,0.08,0.35,67.31,84,96.1,62.9,100.0,80.0,8.0,35.0,Senior Specialist,"['Open to progression', 'Deep seniority (22+ yrs)', 'STEM discipline']",1,Ready for Transition
12115,city_114,0.926,Male,Has relevent experience,no_enrollment,Phd,STEM,>20,,,>4,158,0.11859838274932614,0.11859838274932614,22.0,1.0,1.0,0.79,1.0,67.05,85,96.1,11.9,100.0,100.0,79.0,100.0,Senior Specialist,"['Deep seniority (22+ yrs)', 'Advanced degree (Phd)', 'STEM discipline', 'Committed upskiller (158 hrs)']",0,Stable in Role
25644,city_16,0.91,,Has relevent experience,no_enrollment,Graduate,STEM,>20,100-500,Pvt Ltd,3,304,0.17117117117117117,0.17117117117117117,22.0,1.0,0.7999999999999999,1.0,1.0,66.99,86,96.0,17.1,100.0,80.0,100.0,100.0,Senior Specialist,"['Deep seniority (22+ yrs)', 'STEM discipline', 'Committed upskiller (304 hrs)', 'Domain-relevant experience']",0,Stable in Role
16782,city_160,0.92,Male,Has relevent experience,no_enrollment,Graduate,STEM,>20,,,1,256,0.17117117117117117,0.17117117117117117,22.0,1.0,0.7999999999999999,1.0,1.0,66.99,86,96.0,17.1,100.0,80.0,100.0,100.0,Senior Specialist,"['Deep seniority (22+ yrs)', 'STEM discipline', 'Committed upskiller (256 hrs)', 'Domain-relevant experience']",0,Stable in Role
17703,city_103,0.92,Male,Has relevent experience,no_enrollment,Masters,STEM,>20,10000+,Public Sector,>4,50,0.27564102564102566,0.27564102564102566,22.0,1.0,0.98,0.25,1.0,66.75,88,95.9,27.6,100.0,98.0,25.0,100.0,Senior Specialist,"['Deep seniority (22+ yrs)', 'Advanced degree (Masters)', 'STEM discipline', 'Domain-relevant experience']",0,Stable in Role
8141,city_103,0.92,,No relevent experience,no_enrollment,Graduate,STEM,>20,,,>4,36,0.5838509316770185,0.5838509316770185,22.0,1.0,0.7999999999999999,0.18,0.35,66.73,89,95.9,58.4,100.0,80.0,18.0,35.0,Senior Specialist,"['Open to progression', 'Deep seniority (22+ yrs)', 'STEM discipline']",1,Ready for Transition
27439,city_100,0.887,Male,Has relevent experience,Part time course,Graduate,STEM,15,,,1,61,0.5384615384615384,0.5384615384615384,15.0,0.75,0.7999999999999999,0.305,1.0,66.65,90,95.8,53.8,75.0,80.0,30.5,100.0,Senior Specialist,"['Open to progression', 'Deep seniority (15+ yrs)', 'STEM discipline', 'Domain-relevant experience']",1,Ready for Transition
12709,city_21,0.624,,Has relevent experience,no_enrollment,Graduate,STEM,10,,,1,136,0.6077348066298343,0.6077348066298343,10.0,0.5,0.7999999999999999,0.68,1.0,66.57,91,95.8,60.8,50.0,80.0,68.0,100.0,Qualified Applicant,"['Open to progression', 'Mid-to-Senior (10 yrs)', 'STEM discipline', 'Committed upskiller (136 hrs)']",1,Ready for Transition
22450,city_21,0.624,Male,Has relevent experience,no_enrollment,Graduate,STEM,10,,,2,150,0.5838509316770185,0.5838509316770185,10.0,0.5,0.7999999999999999,0.75,1.0,66.43,92,95.7,58.4,50.0,80.0,75.0,100.0,Qualified Applicant,"['Open to progression', 'Mid-to-Senior (10 yrs)', 'STEM discipline', 'Committed upskiller (150 hrs)']",1,Ready for Transition
3408,city_106,0.698,Male,Has relevent experience,no_enrollment,Masters,STEM,9,,,2,101,0.5838509316770185,0.5838509316770185,9.0,0.45,0.98,0.505,1.0,66.33,93,95.7,58.4,45.0,98.0,50.5,100.0,Qualified Applicant,"['Open to progression', 'Mid-to-Senior (9 yrs)', 'Advanced degree (Masters)', 'STEM discipline']",1,Ready for Transition
24495,city_114,0.926,Male,Has relevent experience,no_enrollment,Masters,STEM,>20,50-99,Pvt Ltd,>4,212,0.049019607843137254,0.049019607843137254,22.0,1.0,0.98,1.0,1.0,66.32,94,95.6,4.9,100.0,98.0,100.0,100.0,Senior Specialist,"['Deep seniority (22+ yrs)', 'Advanced degree (Masters)', 'STEM discipline', 'Committed upskiller (212 hrs)']",0,Stable in Role
31272,city_21,0.624,Male,Has relevent experience,no_enrollment,Graduate,STEM,13,5000-9999,Pvt Ltd,4,56,0.6077348066298343,0.6077348066298343,13.0,0.65,0.7999999999999999,0.28,1.0,66.32,94,95.6,60.8,65.0,80.0,28.0,100.0,Senior Specialist,"['Open to progression', 'Mid-to-Senior (13 yrs)', 'STEM discipline', 'Domain-relevant experience']",1,Ready for Transition
27773,city_114,0.926,Male,Has relevent experience,no_enrollment,Masters,STEM,>20,50-99,Pvt Ltd,>4,200,0.049019607843137254,0.049019607843137254,22.0,1.0,0.98,1.0,1.0,66.32,94,95.6,4.9,100.0,98.0,100.0,100.0,Senior Specialist,"['Deep seniority (22+ yrs)', 'Advanced degree (Masters)', 'STEM discipline', 'Committed upskiller (200 hrs)']",0,Stable in Role
20907,city_103,0.92,Male,Has relevent experience,no_enrollment,Masters,STEM,5,,,2,212,0.5838509316770185,0.5838509316770185,5.0,0.25,0.98,1.0,1.0,66.28,97,95.5,58.4,25.0,98.0,100.0,100.0,Qualified Applicant,"['Open to progression', '5 yrs exp', 'Advanced degree (Masters)', 'STEM discipline']",1,Ready for Transition
28562,city_50,0.8959999999999999,Male,Has relevent experience,no_enrollment,Masters,STEM,>20,,,4,170,0.0847457627118644,0.0847457627118644,22.0,1.0,0.98,0.85,1.0,66.07,98,95.4,8.5,100.0,98.0,85.0,100.0,Senior Specialist,"['Deep seniority (22+ yrs)', 'Advanced degree (Masters)', 'STEM discipline', 'Committed upskiller (170 hrs)']",0,Stable in Role
15593,city_90,0.698,Male,Has relevent experience,no_enrollment,Graduate,STEM,14,,,1,58,0.5614035087719298,0.5614035087719298,14.0,0.7,0.7999999999999999,0.29,1.0,66.05,99,95.4,56.1,70.0,80.0,29.0,100.0,Senior Specialist,"['Open to progression', 'Mid-to-Senior (14 yrs)', 'STEM discipline', 'Domain-relevant experience']",1,Ready for Transition
5126,city_165,0.903,Male,Has relevent experience,no_enrollment,Masters,STEM,>20,10000+,Pvt Ltd,2,35,0.27564102564102566,0.27564102564102566,22.0,1.0,0.98,0.175,1.0,66.0,100,95.3,27.6,100.0,98.0,17.5,100.0,Senior Specialist,"['Deep seniority (22+ yrs)', 'Advanced degree (Masters)', 'STEM discipline', 'Domain-relevant experience']",0,Stable in Role
40,city_21,0.624,Male,Has relevent experience,no_enrollment,Graduate,STEM,11,5000-9999,Pvt Ltd,never,109,0.5838509316770185,0.5838509316770185,11.0,0.55,0.7999999999999999,0.545,1.0,65.63,101,95.3,58.4,55.0,80.0,54.5,100.0,Qualified Applicant,"['Open to progression', 'Mid-to-Senior (11 yrs)', 'STEM discipline', 'Committed upskiller (109 hrs)']",1,Ready for Transition
28694,city_103,0.92,Male,Has relevent experience,no_enrollment,Masters,Humanities,>20,50-99,NGO,1,290,0.0847457627118644,0.0847457627118644,22.0,1.0,0.88,1.0,1.0,65.57,102,95.3,8.5,100.0,88.0,100.0,100.0,Senior Specialist,"['Deep seniority (22+ yrs)', 'Advanced degree (Masters)', 'Committed upskiller (290 hrs)', 'Domain-relevant experience']",0,Stable in Role
11386,city_103,0.92,Male,Has relevent experience,no_enrollment,Masters,STEM,10,,,3,66,0.5733333333333334,0.5733333333333334,10.0,0.5,0.98,0.33,1.0,65.47,103,95.2,57.3,50.0,98.0,33.0,100.0,Qualified Applicant,"['Open to progression', 'Mid-to-Senior (10 yrs)', 'Advanced degree (Masters)', 'STEM discipline']",1,Ready for Transition
8239,city_21,0.624,Male,Has relevent experience,Full time course,Masters,STEM,9,5000-9999,Pvt Ltd,never,48,0.6287878787878788,0.6287878787878788,9.0,0.45,0.98,0.24,1.0,65.26,104,95.1,62.9,45.0,98.0,24.0,100.0,Qualified Applicant,"['Open to progression', 'Mid-to-Senior (9 yrs)', 'Advanced degree (Masters)', 'STEM discipline']",1,Ready for Transition
15253,city_16,0.91,Male,Has relevent experience,no_enrollment,Phd,STEM,>20,50-99,Funded Startup,3,156,0.07035175879396985,0.07035175879396985,22.0,1.0,1.0,0.78,1.0,65.26,104,95.1,7.0,100.0,100.0,78.0,100.0,Senior Specialist,"['Deep seniority (22+ yrs)', 'Advanced degree (Phd)', 'STEM discipline', 'Committed upskiller (156 hrs)']",0,Stable in Role
9055,city_21,0.624,Male,Has relevent experience,no_enrollment,Graduate,STEM,13,100-500,Public Sector,2,90,0.5289855072463768,0.5289855072463768,13.0,0.65,0.7999999999999999,0.45,1.0,65.26,104,95.1,52.9,65.0,80.0,45.0,100.0,Senior Specialist,"['Open to progression', 'Mid-to-Senior (13 yrs)', 'STEM discipline', 'Committed upskiller (90 hrs)']",1,Ready for Transition
4398,city_155,0.556,Male,Has relevent experience,no_enrollment,Graduate,STEM,7,50-99,,3,200,0.5838509316770185,0.5838509316770185,7.0,0.35,0.7999999999999999,1.0,1.0,65.18,107,95.0,58.4,35.0,80.0,100.0,100.0,Qualified Applicant,"['Open to progression', '7 yrs exp', 'STEM discipline', 'Committed upskiller (200 hrs)']",1,Ready for Transition
16336,city_21,0.624,Male,Has relevent experience,no_enrollment,Graduate,STEM,7,10000+,Pvt Ltd,>4,272,0.5838509316770185,0.5838509316770185,7.0,0.35,0.7999999999999999,1.0,1.0,65.18,107,95.0,58.4,35.0,80.0,100.0,100.0,Qualified Applicant,"['Open to progression', '7 yrs exp', 'STEM discipline', 'Committed upskiller (272 hrs)']",1,Ready for Transition
22045,city_10,0.895,Male,Has relevent experience,no_enrollment,Graduate,STEM,>20,,,>4,280,0.11859838274932614,0.11859838274932614,22.0,1.0,0.7999999999999999,1.0,1.0,65.15,109,94.9,11.9,100.0,80.0,100.0,100.0,Senior Specialist,"['Deep seniority (22+ yrs)', 'STEM discipline', 'Committed upskiller (280 hrs)', 'Domain-relevant experience']",0,Stable in Role
24022,city_21,0.624,Male,Has relevent experience,no_enrollment,Graduate,STEM,14,10000+,Pvt Ltd,1,23,0.5838509316770185,0.5838509316770185,14.0,0.7,0.7999999999999999,0.115,1.0,65.08,110,94.9,58.4,70.0,80.0,11.5,100.0,Senior Specialist,"['Open to progression', 'Mid-to-Senior (14 yrs)', 'STEM discipline', 'Domain-relevant experience']",1,Ready for Transition
1663,city_134,0.698,,Has relevent experience,Part time course,Masters,STEM,>20,,,>4,15,0.27564102564102566,0.27564102564102566,22.0,1.0,0.98,0.075,1.0,65.0,111,94.8,27.6,100.0,98.0,7.5,100.0,Senior Specialist,"['Deep seniority (22+ yrs)', 'Advanced degree (Masters)', 'STEM discipline', 'Domain-relevant experience']",0,Stable in Role
167,city_103,0.92,Male,Has relevent experience,no_enrollment,Graduate,STEM,13,,,3,29,0.6077348066298343,0.6077348066298343,13.0,0.65,0.7999999999999999,0.145,1.0,64.97,112,94.8,60.8,65.0,80.0,14.5,100.0,Senior Specialist,"['Open to progression', 'Mid-to-Senior (13 yrs)', 'STEM discipline', 'Domain-relevant experience']",1,Ready for Transition
25415,city_102,0.804,Male,Has relevent experience,Part time course,Graduate,STEM,>20,,,1,24,0.3644859813084112,0.3644859813084112,22.0,1.0,0.7999999999999999,0.12,1.0,64.96,113,94.7,36.4,100.0,80.0,12.0,100.0,Senior Specialist,"['Deep seniority (22+ yrs)', 'STEM discipline', 'Domain-relevant experience']",0,Stable in Role
32105,city_21,0.624,Male,Has relevent experience,Part time course,Graduate,STEM,14,100-500,Pvt Ltd,2,34,0.5614035087719298,0.5614035087719298,14.0,0.7,0.7999999999999999,0.17,1.0,64.85,114,94.7,56.1,70.0,80.0,17.0,100.0,Senior Specialist,"['Open to progression', 'Mid-to-Senior (14 yrs)', 'STEM discipline', 'Domain-relevant experience']",1,Ready for Transition
28799,city_103,0.92,Female,Has relevent experience,no_enrollment,Masters,STEM,>20,<10,Early Stage Startup,2,170,0.049019607843137254,0.049019607843137254,22.0,1.0,0.98,0.85,1.0,64.82,115,94.6,4.9,100.0,98.0,85.0,100.0,Senior Specialist,"['Deep seniority (22+ yrs)', 'Advanced degree (Masters)', 'STEM discipline', 'Committed upskiller (170 hrs)']",0,Stable in Role
31072,city_123,0.738,Male,Has relevent experience,no_enrollment,Phd,STEM,>20,50-99,Pvt Ltd,2,113,0.11859838274932614,0.11859838274932614,22.0,1.0,1.0,0.565,1.0,64.8,116,94.6,11.9,100.0,100.0,56.5,100.0,Senior Specialist,"['Deep seniority (22+ yrs)', 'Advanced degree (Phd)', 'STEM discipline', 'Committed upskiller (113 hrs)']",0,Stable in Role
6332,city_160,0.92,,Has relevent experience,no_enrollment,Masters,STEM,11,,,1,51,0.5384615384615384,0.5384615384615384,11.0,0.55,0.98,0.255,1.0,64.75,117,94.6,53.8,55.0,98.0,25.5,100.0,Qualified Applicant,"['Open to progression', 'Mid-to-Senior (11 yrs)', 'Advanced degree (Masters)', 'STEM discipline']",1,Ready for Transition
32075,city_21,0.624,Male,Has relevent experience,no_enrollment,Masters,STEM,8,,,2,92,0.5838509316770185,0.5838509316770185,8.0,0.4,0.98,0.46,1.0,64.63,118,94.5,58.4,40.0,98.0,46.0,100.0,Qualified Applicant,"['Open to progression', 'Mid-to-Senior (8 yrs)', 'Advanced degree (Masters)', 'STEM discipline']",1,Ready for Transition
4804,city_21,0.624,Male,Has relevent experience,no_enrollment,Masters,STEM,10,,,1,41,0.5838509316770185,0.5838509316770185,10.0,0.5,0.98,0.205,1.0,64.58,119,94.5,58.4,50.0,98.0,20.5,100.0,Qualified Applicant,"['Open to progression', 'Mid-to-Senior (10 yrs)', 'Advanced degree (Masters)', 'STEM discipline']",1,Ready for Transition
9205,city_143,0.74,,Has relevent experience,no_enrollment,Graduate,STEM,13,,,>4,37,0.5838509316770185,0.5838509316770185,13.0,0.65,0.7999999999999999,0.185,1.0,64.53,120,94.4,58.4,65.0,80.0,18.5,100.0,Senior Specialist,"['Open to progression', 'Mid-to-Senior (13 yrs)', 'STEM discipline', 'Domain-relevant experience']",1,Ready for Transition
9302,city_149,0.6890000000000001,,Has relevent experience,no_enrollment,Graduate,STEM,9,,,2,152,0.5614035087719298,0.5614035087719298,9.0,0.45,0.7999999999999999,0.76,1.0,64.5,121,94.4,56.1,45.0,80.0,76.0,100.0,Qualified Applicant,"['Open to progression', 'Mid-to-Senior (9 yrs)', 'STEM discipline', 'Committed upskiller (152 hrs)']",1,Ready for Transition
26354,city_103,0.92,Male,Has relevent experience,no_enrollment,Masters,STEM,>20,10000+,Pvt Ltd,>4,114,0.11859838274932614,0.11859838274932614,22.0,1.0,0.98,0.57,1.0,64.45,122,94.3,11.9,100.0,98.0,57.0,100.0,Senior Specialist,"['Deep seniority (22+ yrs)', 'Advanced degree (Masters)', 'STEM discipline', 'Committed upskiller (114 hrs)']",0,Stable in Role
5280,city_134,0.698,Male,Has relevent experience,Full time course,Masters,STEM,6,,,1,167,0.5384615384615384,0.5384615384615384,6.0,0.3,0.98,0.835,1.0,64.3,123,94.3,53.8,30.0,98.0,83.5,100.0,Qualified Applicant,"['Open to progression', '6 yrs exp', 'Advanced degree (Masters)', 'STEM discipline']",1,Ready for Transition
181,city_21,0.624,Male,Has relevent experience,no_enrollment,Graduate,STEM,<1,10/49,Early Stage Startup,1,300,0.7857142857142857,0.7857142857142857,0.5,0.025,0.7999999999999999,1.0,1.0,64.12,124,94.2,78.6,2.5,80.0,100.0,100.0,High-Velocity Learner,"['High transition readiness (79%)', '0 yrs exp', 'STEM discipline', 'Committed upskiller (300 hrs)']",1,Ready for Transition
12695,city_179,0.512,Male,Has relevent experience,no_enrollment,Masters,STEM,9,10/49,Pvt Ltd,1,53,0.5838509316770185,0.5838509316770185,9.0,0.45,0.98,0.265,1.0,63.93,125,94.2,58.4,45.0,98.0,26.5,100.0,Qualified Applicant,"['Open to progression', 'Mid-to-Senior (9 yrs)', 'Advanced degree (Masters)', 'STEM discipline']",1,Ready for Transition
20456,city_21,0.624,,Has relevent experience,Full time course,Graduate,STEM,6,10000+,Pvt Ltd,never,202,0.5838509316770185,0.5838509316770185,6.0,0.3,0.7999999999999999,1.0,1.0,63.93,125,94.2,58.4,30.0,80.0,100.0,100.0,Qualified Applicant,"['Open to progression', '6 yrs exp', 'STEM discipline', 'Committed upskiller (202 hrs)']",1,Ready for Transition
24507,city_90,0.698,,No relevent experience,no_enrollment,Graduate,STEM,20,,,never,133,0.3644859813084112,0.3644859813084112,20.0,1.0,0.7999999999999999,0.665,0.35,63.91,127,94.1,36.4,100.0,80.0,66.5,35.0,Senior Specialist,"['Deep seniority (20+ yrs)', 'STEM discipline', 'Committed upskiller (133 hrs)']",0,Stable in Role
11188,city_103,0.92,,Has relevent experience,no_enrollment,Graduate,STEM,14,,,1,6,0.5733333333333334,0.5733333333333334,14.0,0.7,0.7999999999999999,0.03,1.0,63.87,128,94.0,57.3,70.0,80.0,3.0,100.0,Senior Specialist,"['Open to progression', 'Mid-to-Senior (14 yrs)', 'STEM discipline', 'Domain-relevant experience']",1,Ready for Transition
22477,city_21,0.624,Male,Has relevent experience,no_enrollment,Masters,STEM,9,10000+,Pvt Ltd,1,49,0.5838509316770185,0.5838509316770185,9.0,0.45,0.98,0.245,1.0,63.73,129,94.0,58.4,45.0,98.0,24.5,100.0,Qualified Applicant,"['Open to progression', 'Mid-to-Senior (9 yrs)', 'Advanced degree (Masters)', 'STEM discipline']",1,Ready for Transition
31594,city_41,0.8270000000000001,Male,Has relevent experience,no_enrollment,Masters,STEM,>20,50-99,Funded Startup,>4,154,0.037037037037037035,0.037037037037037035,22.0,1.0,0.98,0.77,1.0,63.6,130,93.9,3.7,100.0,98.0,77.0,100.0,Senior Specialist,"['Deep seniority (22+ yrs)', 'Advanced degree (Masters)', 'STEM discipline', 'Committed upskiller (154 hrs)']",0,Stable in Role
16328,city_114,0.926,Male,Has relevent experience,no_enrollment,Phd,Business Degree,>20,50-99,Pvt Ltd,1,112,0.0847457627118644,0.0847457627118644,22.0,1.0,1.0,0.56,1.0,63.57,131,93.9,8.5,100.0,100.0,56.0,100.0,Senior Specialist,"['Deep seniority (22+ yrs)', 'Advanced degree (Phd)', 'Committed upskiller (112 hrs)', 'Domain-relevant experience']",0,Stable in Role
2892,city_41,0.8270000000000001,,Has relevent experience,,Masters,STEM,8,,,,109,0.5289855072463768,0.5289855072463768,8.0,0.4,0.98,0.545,1.0,63.56,132,93.8,52.9,40.0,98.0,54.5,100.0,Qualified Applicant,"['Open to progression', 'Mid-to-Senior (8 yrs)', 'Advanced degree (Masters)', 'STEM discipline']",1,Ready for Transition
16798,city_100,0.887,,Has relevent experience,no_enrollment,Masters,STEM,>20,50-99,Pvt Ltd,1,81,0.14,0.14,22.0,1.0,0.98,0.405,1.0,63.55,133,93.8,14.0,100.0,98.0,40.5,100.0,Senior Specialist,"['Deep seniority (22+ yrs)', 'Advanced degree (Masters)', 'STEM discipline', 'Committed upskiller (81 hrs)']",0,Stable in Role
30373,city_136,0.897,Male,Has relevent experience,no_enrollment,Masters,STEM,>20,10000+,Pvt Ltd,3,129,0.07035175879396985,0.07035175879396985,22.0,1.0,0.98,0.645,1.0,63.51,134,93.7,7.0,100.0,98.0,64.5,100.0,Senior Specialist,"['Deep seniority (22+ yrs)', 'Advanced degree (Masters)', 'STEM discipline', 'Committed upskiller (129 hrs)']",0,Stable in Role
4222,city_21,0.624,Female,Has relevent experience,no_enrollment,Graduate,STEM,10,50-99,Pvt Ltd,1,130,0.5289855072463768,0.5289855072463768,10.0,0.5,0.7999999999999999,0.65,1.0,63.51,134,93.7,52.9,50.0,80.0,65.0,100.0,Qualified Applicant,"['Open to progression', 'Mid-to-Senior (10 yrs)', 'STEM discipline', 'Committed upskiller (130 hrs)']",1,Ready for Transition
23570,city_118,0.722,Male,Has relevent experience,no_enrollment,Graduate,STEM,19,100-500,Pvt Ltd,>4,19,0.3644859813084112,0.3644859813084112,19.0,0.95,0.7999999999999999,0.095,1.0,63.46,136,93.6,36.4,95.0,80.0,9.5,100.0,Senior Specialist,"['Deep seniority (19+ yrs)', 'STEM discipline', 'Domain-relevant experience']",0,Stable in Role
9195,city_21,0.624,Male,Has relevent experience,no_enrollment,Graduate,STEM,10,100-500,Pvt Ltd,2,129,0.5289855072463768,0.5289855072463768,10.0,0.5,0.7999999999999999,0.645,1.0,63.46,136,93.6,52.9,50.0,80.0,64.5,100.0,Qualified Applicant,"['Open to progression', 'Mid-to-Senior (10 yrs)', 'STEM discipline', 'Committed upskiller (129 hrs)']",1,Ready for Transition
11770,city_162,0.767,Male,Has relevent experience,no_enrollment,Masters,STEM,17,50-99,NGO,2,192,0.0847457627118644,0.0847457627118644,17.0,0.85,0.98,0.96,1.0,63.42,138,93.6,8.5,85.0,98.0,96.0,100.0,Senior Specialist,"['Deep seniority (17+ yrs)', 'Advanced degree (Masters)', 'STEM discipline', 'Committed upskiller (192 hrs)']",0,Stable in Role
16050,city_160,0.92,,Has relevent experience,no_enrollment,,,>20,,,1,72,0.3644859813084112,0.3644859813084112,22.0,1.0,0.6,0.36,1.0,63.36,139,93.5,36.4,100.0,60.0,36.0,100.0,Senior Specialist,"['Deep seniority (22+ yrs)', 'Domain-relevant experience']",0,Stable in Role
3486,city_165,0.903,Male,Has relevent experience,no_enrollment,Phd,STEM,14,100-500,Pvt Ltd,>4,61,0.3644859813084112,0.3644859813084112,14.0,0.7,1.0,0.305,1.0,63.31,140,93.5,36.4,70.0,100.0,30.5,100.0,Senior Specialist,"['Mid-to-Senior (14 yrs)', 'Advanced degree (Phd)', 'STEM discipline', 'Domain-relevant experience']",0,Stable in Role
18752,city_33,0.4479999999999999,Male,Has relevent experience,no_enrollment,Masters,STEM,9,,,1,40,0.5838509316770185,0.5838509316770185,9.0,0.45,0.98,0.2,1.0,63.28,141,93.4,58.4,45.0,98.0,20.0,100.0,Qualified Applicant,"['Open to progression', 'Mid-to-Senior (9 yrs)', 'Advanced degree (Masters)', 'STEM discipline']",1,Ready for Transition
28172,city_114,0.926,,Has relevent experience,no_enrollment,Masters,STEM,>20,100-500,Pvt Ltd,>4,139,0.049019607843137254,0.049019607843137254,22.0,1.0,0.98,0.695,1.0,63.27,142,93.4,4.9,100.0,98.0,69.5,100.0,Senior Specialist,"['Deep seniority (22+ yrs)', 'Advanced degree (Masters)', 'STEM discipline', 'Committed upskiller (139 hrs)']",0,Stable in Role
7645,city_21,0.624,Male,Has relevent experience,no_enrollment,Masters,STEM,10,10000+,Public Sector,1,30,0.5614035087719298,0.5614035087719298,10.0,0.5,0.98,0.15,1.0,63.25,143,93.3,56.1,50.0,98.0,15.0,100.0,Qualified Applicant,"['Open to progression', 'Mid-to-Senior (10 yrs)', 'Advanced degree (Masters)', 'STEM discipline']",1,Ready for Transition
18356,city_11,0.55,Male,Has relevent experience,no_enrollment,Graduate,STEM,12,50-99,Pvt Ltd,3,43,0.5733333333333334,0.5733333333333334,12.0,0.6,0.7999999999999999,0.215,1.0,63.22,144,93.3,57.3,60.0,80.0,21.5,100.0,Senior Specialist,"['Open to progression', 'Mid-to-Senior (12 yrs)', 'STEM discipline', 'Domain-relevant experience']",1,Ready for Transition
26068,city_93,0.865,Male,Has relevent experience,Full time course,Graduate,STEM,6,10000+,Pvt Ltd,>4,218,0.5614035087719298,0.5614035087719298,6.0,0.3,0.7999999999999999,1.0,1.0,63.15,145,93.2,56.1,30.0,80.0,100.0,100.0,Qualified Applicant,"['Open to progression', '6 yrs exp', 'STEM discipline', 'Committed upskiller (218 hrs)']",1,Ready for Transition
19654,city_21,0.624,Female,Has relevent experience,Full time course,Masters,STEM,4,500-999,Pvt Ltd,1,314,0.5289855072463768,0.5289855072463768,4.0,0.2,0.98,1.0,1.0,63.11,146,93.2,52.9,20.0,98.0,100.0,100.0,Qualified Applicant,"['Open to progression', '4 yrs exp', 'Advanced degree (Masters)', 'STEM discipline']",1,Ready for Transition
11927,city_149,0.6890000000000001,,Has relevent experience,no_enrollment,Graduate,STEM,14,,,2,21,0.5289855072463768,0.5289855072463768,14.0,0.7,0.7999999999999999,0.105,1.0,63.06,147,93.1,52.9,70.0,80.0,10.5,100.0,Senior Specialist,"['Open to progression', 'Mid-to-Senior (14 yrs)', 'STEM discipline', 'Domain-relevant experience']",1,Ready for Transition
13157,city_103,0.92,Male,Has relevent experience,Part time course,Graduate,STEM,11,,,1,40,0.6077348066298343,0.6077348066298343,11.0,0.55,0.7999999999999999,0.2,1.0,63.02,148,93.1,60.8,55.0,80.0,20.0,100.0,Qualified Applicant,"['Open to progression', 'Mid-to-Senior (11 yrs)', 'STEM discipline', 'Domain-relevant experience']",1,Ready for Transition
8488,city_101,0.5579999999999999,Male,Has relevent experience,Part time course,Masters,STEM,3,,,2,258,0.5614035087719298,0.5614035087719298,3.0,0.15,0.98,1.0,1.0,63.0,149,93.0,56.1,15.0,98.0,100.0,100.0,Qualified Applicant,"['Open to progression', '3 yrs exp', 'Advanced degree (Masters)', 'STEM discipline']",1,Ready for Transition
32540,city_21,0.624,Male,Has relevent experience,no_enrollment,Graduate,STEM,>20,<10,Pvt Ltd,1,46,0.27564102564102566,0.27564102564102566,22.0,1.0,0.7999999999999999,0.23,1.0,62.95,150,93.0,27.6,100.0,80.0,23.0,100.0,Senior Specialist,"['Deep seniority (22+ yrs)', 'STEM discipline', 'Domain-relevant experience']",0,Stable in Role
32727,city_21,0.624,Male,Has relevent experience,Full time course,Graduate,STEM,11,<10,Pvt Ltd,2,38,0.6077348066298343,0.6077348066298343,11.0,0.55,0.7999999999999999,0.19,1.0,62.92,151,93.0,60.8,55.0,80.0,19.0,100.0,Qualified Applicant,"['Open to progression', 'Mid-to-Senior (11 yrs)', 'STEM discipline', 'Domain-relevant experience']",1,Ready for Transition
6935,city_16,0.91,Male,Has relevent experience,Full time course,Masters,STEM,>20,50-99,Pvt Ltd,2,130,0.049019607843137254,0.049019607843137254,22.0,1.0,0.98,0.65,1.0,62.82,152,92.9,4.9,100.0,98.0,65.0,100.0,Senior Specialist,"['Deep seniority (22+ yrs)', 'Advanced degree (Masters)', 'STEM discipline', 'Committed upskiller (130 hrs)']",0,Stable in Role
30475,city_16,0.91,Male,Has relevent experience,no_enrollment,Graduate,STEM,>20,,Pvt Ltd,>4,176,0.0847457627118644,0.0847457627118644,22.0,1.0,0.7999999999999999,0.88,1.0,62.77,153,92.9,8.5,100.0,80.0,88.0,100.0,Senior Specialist,"['Deep seniority (22+ yrs)', 'STEM discipline', 'Committed upskiller (176 hrs)', 'Domain-relevant experience']",0,Stable in Role
18719,city_21,0.624,Male,Has relevent experience,no_enrollment,Graduate,STEM,10,500-999,Pvt Ltd,1,108,0.5384615384615384,0.5384615384615384,10.0,0.5,0.7999999999999999,0.54,1.0,62.75,154,92.8,53.8,50.0,80.0,54.0,100.0,Qualified Applicant,"['Open to progression', 'Mid-to-Senior (10 yrs)', 'STEM discipline', 'Committed upskiller (108 hrs)']",1,Ready for Transition
5101,city_21,0.624,Male,Has relevent experience,no_enrollment,Graduate,STEM,>20,10/49,Early Stage Startup,>4,42,0.27564102564102566,0.27564102564102566,22.0,1.0,0.7999999999999999,0.21,1.0,62.75,154,92.8,27.6,100.0,80.0,21.0,100.0,Senior Specialist,"['Deep seniority (22+ yrs)', 'STEM discipline', 'Domain-relevant experience']",0,Stable in Role
9234,city_61,0.913,,Has relevent experience,no_enrollment,Graduate,STEM,>20,<10,Pvt Ltd,3,220,0.049019607843137254,0.049019607843137254,22.0,1.0,0.7999999999999999,1.0,1.0,62.72,156,92.7,4.9,100.0,80.0,100.0,100.0,Senior Specialist,"['Deep seniority (22+ yrs)', 'STEM discipline', 'Committed upskiller (220 hrs)', 'Domain-relevant experience']",0,Stable in Role
24681,city_160,0.92,Male,Has relevent experience,no_enrollment,Graduate,STEM,>20,1000-4999,Public Sector,>4,200,0.049019607843137254,0.049019607843137254,22.0,1.0,0.7999999999999999,1.0,1.0,62.72,156,92.7,4.9,100.0,80.0,100.0,100.0,Senior Specialist,"['Deep seniority (22+ yrs)', 'STEM discipline', 'Committed upskiller (200 hrs)', 'Domain-relevant experience']",0,Stable in Role
3543,city_103,0.92,Male,Has relevent experience,no_enrollment,Graduate,STEM,>20,50-99,Pvt Ltd,>4,292,0.049019607843137254,0.049019607843137254,22.0,1.0,0.7999999999999999,1.0,1.0,62.72,156,92.7,4.9,100.0,80.0,100.0,100.0,Senior Specialist,"['Deep seniority (22+ yrs)', 'STEM discipline', 'Committed upskiller (292 hrs)', 'Domain-relevant experience']",0,Stable in Role
17153,city_160,0.92,Male,Has relevent experience,no_enrollment,Masters,STEM,7,100-500,,1,108,0.5384615384615384,0.5384615384615384,7.0,0.35,0.98,0.54,1.0,62.6,159,92.6,53.8,35.0,98.0,54.0,100.0,Qualified Applicant,"['Open to progression', '7 yrs exp', 'Advanced degree (Masters)', 'STEM discipline']",1,Ready for Transition
27417,city_103,0.92,Male,Has relevent experience,no_enrollment,Masters,STEM,>20,10000+,Pvt Ltd,>4,100,0.0847457627118644,0.0847457627118644,22.0,1.0,0.98,0.5,1.0,62.57,160,92.5,8.5,100.0,98.0,50.0,100.0,Senior Specialist,"['Deep seniority (22+ yrs)', 'Advanced degree (Masters)', 'STEM discipline', 'Committed upskiller (100 hrs)']",0,Stable in Role
18171,city_103,0.92,Male,Has relevent experience,no_enrollment,Graduate,STEM,12,,,2,29,0.5733333333333334,0.5733333333333334,12.0,0.6,0.7999999999999999,0.145,1.0,62.52,161,92.5,57.3,60.0,80.0,14.5,100.0,Senior Specialist,"['Open to progression', 'Mid-to-Senior (12 yrs)', 'STEM discipline', 'Domain-relevant experience']",1,Ready for Transition
27304,city_115,0.789,Male,No relevent experience,no_enrollment,Masters,STEM,20,50-99,Pvt Ltd,>4,94,0.27564102564102566,0.27564102564102566,20.0,1.0,0.98,0.47,0.35,62.45,162,92.4,27.6,100.0,98.0,47.0,35.0,Senior Specialist,"['Deep seniority (20+ yrs)', 'Advanced degree (Masters)', 'STEM discipline', 'Committed upskiller (94 hrs)']",0,Stable in Role
21462,city_21,0.624,Male,No relevent experience,no_enrollment,Graduate,STEM,10,10000+,Public Sector,1,218,0.5838509316770185,0.5838509316770185,10.0,0.5,0.7999999999999999,1.0,0.35,62.43,163,92.4,58.4,50.0,80.0,100.0,35.0,Qualified Applicant,"['Open to progression', 'Mid-to-Senior (10 yrs)', 'STEM discipline', 'Committed upskiller (218 hrs)']",1,Ready for Transition
30756,city_21,0.624,,Has relevent experience,Full time course,Graduate,STEM,11,,,never,43,0.5838509316770185,0.5838509316770185,11.0,0.55,0.7999999999999999,0.215,1.0,62.33,164,92.3,58.4,55.0,80.0,21.5,100.0,Qualified Applicant,"['Open to progression', 'Mid-to-Senior (11 yrs)', 'STEM discipline', 'Domain-relevant experience']",1,Ready for Transition
32487,city_21,0.624,Male,Has relevent experience,no_enrollment,Graduate,STEM,11,10000+,Pvt Ltd,1,25,0.6077348066298343,0.6077348066298343,11.0,0.55,0.7999999999999999,0.125,1.0,62.27,165,92.3,60.8,55.0,80.0,12.5,100.0,Qualified Applicant,"['Open to progression', 'Mid-to-Senior (11 yrs)', 'STEM discipline', 'Domain-relevant experience']",1,Ready for Transition
25612,city_71,0.884,Male,Has relevent experience,no_enrollment,Masters,STEM,>20,,,1,69,0.11859838274932614,0.11859838274932614,22.0,1.0,0.98,0.345,1.0,62.2,166,92.2,11.9,100.0,98.0,34.5,100.0,Senior Specialist,"['Deep seniority (22+ yrs)', 'Advanced degree (Masters)', 'STEM discipline', 'Domain-relevant experience']",0,Stable in Role
13621,city_21,0.624,Male,Has relevent experience,no_enrollment,Graduate,STEM,8,<10,Early Stage Startup,1,121,0.5733333333333334,0.5733333333333334,8.0,0.4,0.7999999999999999,0.605,1.0,62.12,167,92.2,57.3,40.0,80.0,60.5,100.0,Qualified Applicant,"['Open to progression', 'Mid-to-Senior (8 yrs)', 'STEM discipline', 'Committed upskiller (121 hrs)']",1,Ready for Transition
25072,city_136,0.897,Male,Has relevent experience,no_enrollment,Masters,STEM,>20,50-99,Pvt Ltd,1,116,0.049019607843137254,0.049019607843137254,22.0,1.0,0.98,0.58,1.0,62.12,167,92.2,4.9,100.0,98.0,58.0,100.0,Senior Specialist,"['Deep seniority (22+ yrs)', 'Advanced degree (Masters)', 'STEM discipline', 'Committed upskiller (116 hrs)']",0,Stable in Role
22468,city_21,0.624,Male,Has relevent experience,Part time course,Masters,STEM,7,,,2,66,0.5838509316770185,0.5838509316770185,7.0,0.35,0.98,0.33,1.0,62.08,169,92.1,58.4,35.0,98.0,33.0,100.0,Qualified Applicant,"['Open to progression', '7 yrs exp', 'Advanced degree (Masters)', 'STEM discipline']",1,Ready for Transition
2529,city_19,0.682,,Has relevent experience,no_enrollment,Graduate,STEM,11,,,2,45,0.5733333333333334,0.5733333333333334,11.0,0.55,0.7999999999999999,0.225,1.0,62.07,170,92.0,57.3,55.0,80.0,22.5,100.0,Qualified Applicant,"['Open to progression', 'Mid-to-Senior (11 yrs)', 'STEM discipline', 'Domain-relevant experience']",1,Ready for Transition
16955,city_10,0.895,Male,Has relevent experience,Full time course,Masters,STEM,>20,1000-4999,Public Sector,>4,90,0.0847457627118644,0.0847457627118644,22.0,1.0,0.98,0.45,1.0,62.07,170,92.0,8.5,100.0,98.0,45.0,100.0,Senior Specialist,"['Deep seniority (22+ yrs)', 'Advanced degree (Masters)', 'STEM discipline', 'Committed upskiller (90 hrs)']",0,Stable in Role
31733,city_103,0.92,Male,Has relevent experience,no_enrollment,Masters,STEM,>20,50-99,,>4,51,0.14,0.14,22.0,1.0,0.98,0.255,1.0,62.05,172,92.0,14.0,100.0,98.0,25.5,100.0,Senior Specialist,"['Deep seniority (22+ yrs)', 'Advanced degree (Masters)', 'STEM discipline', 'Domain-relevant experience']",0,Stable in Role
20536,city_21,0.624,Male,Has relevent experience,Full time course,Graduate,STEM,9,10/49,Pvt Ltd,1,86,0.5838509316770185,0.5838509316770185,9.0,0.45,0.7999999999999999,0.43,1.0,61.98,173,91.9,58.4,45.0,80.0,43.0,100.0,Qualified Applicant,"['Open to progression', 'Mid-to-Senior (9 yrs)', 'STEM discipline', 'Committed upskiller (86 hrs)']",1,Ready for Transition
19385,city_21,0.624,Male,Has relevent experience,no_enrollment,Graduate,STEM,11,10000+,Pvt Ltd,1,36,0.5838509316770185,0.5838509316770185,11.0,0.55,0.7999999999999999,0.18,1.0,61.98,173,91.9,58.4,55.0,80.0,18.0,100.0,Qualified Applicant,"['Open to progression', 'Mid-to-Senior (11 yrs)', 'STEM discipline', 'Domain-relevant experience']",1,Ready for Transition
17085,city_16,0.91,Male,Has relevent experience,no_enrollment,Masters,STEM,>20,,,>4,88,0.0847457627118644,0.0847457627118644,22.0,1.0,0.98,0.44,1.0,61.97,175,91.8,8.5,100.0,98.0,44.0,100.0,Senior Specialist,"['Deep seniority (22+ yrs)', 'Advanced degree (Masters)', 'STEM discipline', 'Committed upskiller (88 hrs)']",0,Stable in Role
32360,city_160,0.92,Male,Has relevent experience,no_enrollment,Graduate,Business Degree,>20,50-99,Pvt Ltd,>4,298,0.0847457627118644,0.0847457627118644,22.0,1.0,0.7,1.0,1.0,61.97,175,91.8,8.5,100.0,70.0,100.0,100.0,Senior Specialist,"['Deep seniority (22+ yrs)', 'Committed upskiller (298 hrs)', 'Domain-relevant experience']",0,Stable in Role
19567,city_21,0.624,Male,Has relevent experience,no_enrollment,Graduate,STEM,12,1000-4999,Pvt Ltd,1,42,0.5384615384615384,0.5384615384615384,12.0,0.6,0.7999999999999999,0.21,1.0,61.95,177,91.7,53.8,60.0,80.0,21.0,100.0,Senior Specialist,"['Open to progression', 'Mid-to-Senior (12 yrs)', 'STEM discipline', 'Domain-relevant experience']",1,Ready for Transition
5817,city_61,0.913,Male,Has relevent experience,no_enrollment,Masters,STEM,>20,100-500,Pvt Ltd,>4,112,0.049019607843137254,0.049019607843137254,22.0,1.0,0.98,0.56,1.0,61.92,178,91.7,4.9,100.0,98.0,56.0,100.0,Senior Specialist,"['Deep seniority (22+ yrs)', 'Advanced degree (Masters)', 'STEM discipline', 'Committed upskiller (112 hrs)']",0,Stable in Role
2535,city_14,0.698,Male,Has relevent experience,no_enrollment,Masters,STEM,>20,<10,Early Stage Startup,>4,97,0.07035175879396985,0.07035175879396985,22.0,1.0,0.98,0.485,1.0,61.91,179,91.6,7.0,100.0,98.0,48.5,100.0,Senior Specialist,"['Deep seniority (22+ yrs)', 'Advanced degree (Masters)', 'STEM discipline', 'Committed upskiller (97 hrs)']",0,Stable in Role
25603,city_103,0.92,Male,Has relevent experience,no_enrollment,Graduate,STEM,7,,,1,172,0.5289855072463768,0.5289855072463768,7.0,0.35,0.7999999999999999,0.86,1.0,61.86,180,91.6,52.9,35.0,80.0,86.0,100.0,Qualified Applicant,"['Open to progression', '7 yrs exp', 'STEM discipline', 'Committed upskiller (172 hrs)']",1,Ready for Transition
12645,city_21,0.624,Male,Has relevent experience,no_enrollment,Graduate,STEM,5,100-500,Pvt Ltd,1,190,0.5733333333333334,0.5733333333333334,5.0,0.25,0.7999999999999999,0.95,1.0,61.82,181,91.5,57.3,25.0,80.0,95.0,100.0,Qualified Applicant,"['Open to progression', '5 yrs exp', 'STEM discipline', 'Committed upskiller (190 hrs)']",1,Ready for Transition
26950,city_103,0.92,Female,Has relevent experience,no_enrollment,Graduate,STEM,11,,,2,16,0.6077348066298343,0.6077348066298343,11.0,0.55,0.7999999999999999,0.08,1.0,61.82,181,91.5,60.8,55.0,80.0,8.0,100.0,Qualified Applicant,"['Open to progression', 'Mid-to-Senior (11 yrs)', 'STEM discipline', 'Domain-relevant experience']",1,Ready for Transition
9556,city_40,0.7759999999999999,,Has relevent experience,no_enrollment,Graduate,STEM,20,,,1,23,0.27564102564102566,0.27564102564102566,20.0,1.0,0.7999999999999999,0.115,1.0,61.8,183,91.5,27.6,100.0,80.0,11.5,100.0,Senior Specialist,"['Deep seniority (20+ yrs)', 'STEM discipline', 'Domain-relevant experience']",0,Stable in Role
26862,city_103,0.92,,Has relevent experience,Part time course,Masters,STEM,>20,100-500,Pvt Ltd,>4,79,0.09259259259259259,0.09259259259259259,22.0,1.0,0.98,0.395,1.0,61.79,184,91.4,9.3,100.0,98.0,39.5,100.0,Senior Specialist,"['Deep seniority (22+ yrs)', 'Advanced degree (Masters)', 'STEM discipline', 'Domain-relevant experience']",0,Stable in Role
4082,city_103,0.92,Male,Has relevent experience,no_enrollment,Graduate,STEM,>20,10000+,Public Sector,>4,96,0.17117117117117117,0.17117117117117117,22.0,1.0,0.7999999999999999,0.48,1.0,61.79,184,91.4,17.1,100.0,80.0,48.0,100.0,Senior Specialist,"['Deep seniority (22+ yrs)', 'STEM discipline', 'Committed upskiller (96 hrs)', 'Domain-relevant experience']",0,Stable in Role
7953,city_21,0.624,,Has relevent experience,Full time course,Graduate,STEM,3,10/49,Pvt Ltd,1,300,0.6287878787878788,0.6287878787878788,3.0,0.15,0.7999999999999999,1.0,1.0,61.76,186,91.3,62.9,15.0,80.0,100.0,100.0,Qualified Applicant,"['Open to progression', '3 yrs exp', 'STEM discipline', 'Committed upskiller (300 hrs)']",1,Ready for Transition
7877,city_28,0.939,Male,Has relevent experience,no_enrollment,Masters,STEM,>20,10/49,Pvt Ltd,>4,108,0.049019607843137254,0.049019607843137254,22.0,1.0,0.98,0.54,1.0,61.72,187,91.2,4.9,100.0,98.0,54.0,100.0,Senior Specialist,"['Deep seniority (22+ yrs)', 'Advanced degree (Masters)', 'STEM discipline', 'Committed upskiller (108 hrs)']",0,Stable in Role
27813,city_16,0.91,Male,Has relevent experience,no_enrollment,Phd,Humanities,16,5000-9999,Public Sector,>4,258,0.049019607843137254,0.049019607843137254,16.0,0.8,1.0,1.0,1.0,61.72,187,91.2,4.9,80.0,100.0,100.0,100.0,Senior Specialist,"['Deep seniority (16+ yrs)', 'Advanced degree (Phd)', 'Committed upskiller (258 hrs)', 'Domain-relevant experience']",0,Stable in Role
24155,city_21,0.624,Male,Has relevent experience,no_enrollment,Graduate,STEM,11,<10,Pvt Ltd,2,14,0.6077348066298343,0.6077348066298343,11.0,0.55,0.7999999999999999,0.07,1.0,61.72,187,91.2,60.8,55.0,80.0,7.0,100.0,Qualified Applicant,"['Open to progression', 'Mid-to-Senior (11 yrs)', 'STEM discipline', 'Domain-relevant experience']",1,Ready for Transition
24781,city_103,0.92,Male,Has relevent experience,no_enrollment,Masters,STEM,>20,50-99,Pvt Ltd,2,76,0.09259259259259259,0.09259259259259259,22.0,1.0,0.98,0.38,1.0,61.64,190,91.1,9.3,100.0,98.0,38.0,100.0,Senior Specialist,"['Deep seniority (22+ yrs)', 'Advanced degree (Masters)', 'STEM discipline', 'Domain-relevant experience']",0,Stable in Role
8484,city_103,0.92,,Has relevent experience,no_enrollment,Graduate,STEM,>20,10000+,Pvt Ltd,>4,163,0.07035175879396985,0.07035175879396985,22.0,1.0,0.7999999999999999,0.815,1.0,61.61,191,91.1,7.0,100.0,80.0,81.5,100.0,Senior Specialist,"['Deep seniority (22+ yrs)', 'STEM discipline', 'Committed upskiller (163 hrs)', 'Domain-relevant experience']",0,Stable in Role
4166,city_98,0.949,Male,Has relevent experience,no_enrollment,Masters,STEM,>20,100-500,Pvt Ltd,>4,105,0.049019607843137254,0.049019607843137254,22.0,1.0,0.98,0.525,1.0,61.57,192,91.0,4.9,100.0,98.0,52.5,100.0,Senior Specialist,"['Deep seniority (22+ yrs)', 'Advanced degree (Masters)', 'STEM discipline', 'Committed upskiller (105 hrs)']",0,Stable in Role
1216,city_173,0.878,Male,Has relevent experience,no_enrollment,Masters,STEM,>20,1000-4999,Pvt Ltd,2,80,0.0847457627118644,0.0847457627118644,22.0,1.0,0.98,0.4,1.0,61.57,192,91.0,8.5,100.0,98.0,40.0,100.0,Senior Specialist,"['Deep seniority (22+ yrs)', 'Advanced degree (Masters)', 'STEM discipline', 'Committed upskiller (80 hrs)']",0,Stable in Role
5943,city_61,0.913,Male,Has relevent experience,no_enrollment,Phd,STEM,>20,100-500,Pvt Ltd,3,33,0.14,0.14,22.0,1.0,1.0,0.165,1.0,61.55,194,90.9,14.0,100.0,100.0,16.5,100.0,Senior Specialist,"['Deep seniority (22+ yrs)', 'Advanced degree (Phd)', 'STEM discipline', 'Domain-relevant experience']",0,Stable in Role
31802,city_64,0.6659999999999999,Male,Has relevent experience,no_enrollment,Masters,STEM,16,,,3,46,0.27564102564102566,0.27564102564102566,16.0,0.8,0.98,0.23,1.0,61.55,194,90.9,27.6,80.0,98.0,23.0,100.0,Senior Specialist,"['Deep seniority (16+ yrs)', 'Advanced degree (Masters)', 'STEM discipline', 'Domain-relevant experience']",0,Stable in Role
3697,city_21,0.624,,No relevent experience,Full time course,Graduate,STEM,15,10000+,Pvt Ltd,>4,57,0.5838509316770185,0.5838509316770185,15.0,0.75,0.7999999999999999,0.285,0.35,61.53,196,90.8,58.4,75.0,80.0,28.5,35.0,Senior Specialist,"['Open to progression', 'Deep seniority (15+ yrs)', 'STEM discipline']",1,Ready for Transition
16462,city_128,0.527,Male,Has relevent experience,no_enrollment,Graduate,Business Degree,6,<10,Pvt Ltd,2,50,0.7857142857142857,0.7857142857142857,6.0,0.3,0.7,0.25,1.0,61.5,197,90.8,78.6,30.0,70.0,25.0,100.0,Qualified Applicant,"['High transition readiness (79%)', '6 yrs exp', 'Domain-relevant experience']",1,Ready for Transition
27184,city_28,0.939,Male,Has relevent experience,no_enrollment,Masters,STEM,>20,,,3,54,0.11859838274932614,0.11859838274932614,22.0,1.0,0.98,0.27,1.0,61.45,198,90.7,11.9,100.0,98.0,27.0,100.0,Senior Specialist,"['Deep seniority (22+ yrs)', 'Advanced degree (Masters)', 'STEM discipline', 'Domain-relevant experience']",0,Stable in Role
32273,city_21,0.624,,Has relevent experience,Full time course,Masters,STEM,8,50-99,Pvt Ltd,1,35,0.5733333333333334,0.5733333333333334,8.0,0.4,0.98,0.175,1.0,61.42,199,90.7,57.3,40.0,98.0,17.5,100.0,Qualified Applicant,"['Open to progression', 'Mid-to-Senior (8 yrs)', 'Advanced degree (Masters)', 'STEM discipline']",1,Ready for Transition
8049,city_65,0.802,,Has relevent experience,no_enrollment,Masters,STEM,>20,50-99,Pvt Ltd,1,102,0.049019607843137254,0.049019607843137254,22.0,1.0,0.98,0.51,1.0,61.42,199,90.7,4.9,100.0,98.0,51.0,100.0,Senior Specialist,"['Deep seniority (22+ yrs)', 'Advanced degree (Masters)', 'STEM discipline', 'Committed upskiller (102 hrs)']",0,Stable in Role
14158,city_103,0.92,,Has relevent experience,no_enrollment,Masters,STEM,9,,,1,18,0.5614035087719298,0.5614035087719298,9.0,0.45,0.98,0.09,1.0,61.4,201,90.6,56.1,45.0,98.0,9.0,100.0,Qualified Applicant,"['Open to progression', 'Mid-to-Senior (9 yrs)', 'Advanced degree (Masters)', 'STEM discipline']",1,Ready for Transition
33251,city_114,0.926,Male,Has relevent experience,,Masters,STEM,>20,10000+,Pvt Ltd,>4,76,0.0847457627118644,0.0847457627118644,22.0,1.0,0.98,0.38,1.0,61.37,202,90.6,8.5,100.0,98.0,38.0,100.0,Senior Specialist,"['Deep seniority (22+ yrs)', 'Advanced degree (Masters)', 'STEM discipline', 'Domain-relevant experience']",0,Stable in Role
14292,city_103,0.92,,Has relevent experience,no_enrollment,Masters,STEM,16,10000+,Pvt Ltd,>4,292,0.049019607843137254,0.049019607843137254,16.0,0.8,0.98,1.0,1.0,61.32,203,90.5,4.9,80.0,98.0,100.0,100.0,Senior Specialist,"['Deep seniority (16+ yrs)', 'Advanced degree (Masters)', 'STEM discipline', 'Committed upskiller (292 hrs)']",0,Stable in Role
2415,city_114,0.926,Male,Has relevent experience,no_enrollment,Masters,STEM,16,50-99,,>4,228,0.049019607843137254,0.049019607843137254,16.0,0.8,0.98,1.0,1.0,61.32,203,90.5,4.9,80.0,98.0,100.0,100.0,Senior Specialist,"['Deep seniority (16+ yrs)', 'Advanced degree (Masters)', 'STEM discipline', 'Committed upskiller (228 hrs)']",0,Stable in Role
2491,city_71,0.884,Male,Has relevent experience,no_enrollment,Masters,STEM,16,50-99,Pvt Ltd,1,210,0.049019607843137254,0.049019607843137254,16.0,0.8,0.98,1.0,1.0,61.32,203,90.5,4.9,80.0,98.0,100.0,100.0,Senior Specialist,"['Deep seniority (16+ yrs)', 'Advanced degree (Masters)', 'STEM discipline', 'Committed upskiller (210 hrs)']",0,Stable in Role
29977,city_21,0.624,,Has relevent experience,Full time course,Graduate,STEM,9,,,1,72,0.5838509316770185,0.5838509316770185,9.0,0.45,0.7999999999999999,0.36,1.0,61.28,206,90.4,58.4,45.0,80.0,36.0,100.0,Qualified Applicant,"['Open to progression', 'Mid-to-Senior (9 yrs)', 'STEM discipline', 'Domain-relevant experience']",1,Ready for Transition
11330,city_114,0.926,Male,Has relevent experience,Part time course,Masters,STEM,18,50-99,Pvt Ltd,4,149,0.049019607843137254,0.049019607843137254,18.0,0.9,0.98,0.745,1.0,61.27,207,90.3,4.9,90.0,98.0,74.5,100.0,Senior Specialist,"['Deep seniority (18+ yrs)', 'Advanced degree (Masters)', 'STEM discipline', 'Committed upskiller (149 hrs)']",0,Stable in Role
21353,city_21,0.624,,No relevent experience,no_enrollment,Graduate,STEM,15,10000+,Public Sector,>4,67,0.5614035087719298,0.5614035087719298,15.0,0.75,0.7999999999999999,0.335,0.35,61.25,208,90.3,56.1,75.0,80.0,33.5,35.0,Senior Specialist,"['Open to progression', 'Deep seniority (15+ yrs)', 'STEM discipline']",1,Ready for Transition
22591,city_21,0.624,Male,Has relevent experience,no_enrollment,Masters,STEM,8,5000-9999,Pvt Ltd,1,23,0.5838509316770185,0.5838509316770185,8.0,0.4,0.98,0.115,1.0,61.18,209,90.2,58.4,40.0,98.0,11.5,100.0,Qualified Applicant,"['Open to progression', 'Mid-to-Senior (8 yrs)', 'Advanced degree (Masters)', 'STEM discipline']",1,Ready for Transition
20154,city_136,0.897,Male,Has relevent experience,no_enrollment,Graduate,STEM,>20,10000+,Pvt Ltd,>4,10,0.27564102564102566,0.27564102564102566,22.0,1.0,0.7999999999999999,0.05,1.0,61.15,210,90.2,27.6,100.0,80.0,5.0,100.0,Senior Specialist,"['Deep seniority (22+ yrs)', 'STEM discipline', 'Domain-relevant experience']",0,Stable in Role
28808,city_71,0.884,Male,Has relevent experience,no_enrollment,Masters,STEM,>20,,,>4,66,0.09259259259259259,0.09259259259259259,22.0,1.0,0.98,0.33,1.0,61.14,211,90.1,9.3,100.0,98.0,33.0,100.0,Senior Specialist,"['Deep seniority (22+ yrs)', 'Advanced degree (Masters)', 'STEM discipline', 'Domain-relevant experience']",0,Stable in Role
27164,city_16,0.91,Male,Has relevent experience,no_enrollment,Graduate,STEM,>20,<10,Pvt Ltd,1,168,0.049019607843137254,0.049019607843137254,22.0,1.0,0.7999999999999999,0.84,1.0,61.12,212,90.1,4.9,100.0,80.0,84.0,100.0,Senior Specialist,"['Deep seniority (22+ yrs)', 'STEM discipline', 'Committed upskiller (168 hrs)', 'Domain-relevant experience']",0,Stable in Role
13170,city_103,0.92,Male,Has relevent experience,no_enrollment,Masters,STEM,16,50-99,Pvt Ltd,1,196,0.049019607843137254,0.049019607843137254,16.0,0.8,0.98,0.98,1.0,61.12,212,90.1,4.9,80.0,98.0,98.0,100.0,Senior Specialist,"['Deep seniority (16+ yrs)', 'Advanced degree (Masters)', 'STEM discipline', 'Committed upskiller (196 hrs)']",0,Stable in Role
9561,city_28,0.939,,Has relevent experience,no_enrollment,Masters,STEM,19,,,2,72,0.11859838274932614,0.11859838274932614,19.0,0.95,0.98,0.36,1.0,61.1,214,90.0,11.9,95.0,98.0,36.0,100.0,Senior Specialist,"['Deep seniority (19+ yrs)', 'Advanced degree (Masters)', 'STEM discipline', 'Domain-relevant experience']",0,Stable in Role
6823,city_28,0.939,Male,Has relevent experience,no_enrollment,Graduate,STEM,>20,50-99,Funded Startup,1,167,0.049019607843137254,0.049019607843137254,22.0,1.0,0.7999999999999999,0.835,1.0,61.07,215,89.9,4.9,100.0,80.0,83.5,100.0,Senior Specialist,"['Deep seniority (22+ yrs)', 'STEM discipline', 'Committed upskiller (167 hrs)', 'Domain-relevant experience']",0,Stable in Role
5056,city_103,0.92,Male,No relevent experience,Full time course,Masters,Humanities,>20,10000+,Public Sector,2,106,0.27564102564102566,0.27564102564102566,22.0,1.0,0.88,0.53,0.35,61.05,216,89.9,27.6,100.0,88.0,53.0,35.0,Senior Specialist,"['Deep seniority (22+ yrs)', 'Advanced degree (Masters)', 'Committed upskiller (106 hrs)']",0,Stable in Role
9005,city_21,0.624,Male,No relevent experience,no_enrollment,Masters,STEM,6,100-500,Pvt Ltd,>4,200,0.5838509316770185,0.5838509316770185,6.0,0.3,0.98,1.0,0.35,61.03,217,89.9,58.4,30.0,98.0,100.0,35.0,Qualified Applicant,"['Open to progression', '6 yrs exp', 'Advanced degree (Masters)', 'STEM discipline']",1,Ready for Transition
22525,city_50,0.8959999999999999,Male,Has relevent experience,no_enrollment,Graduate,STEM,>20,10000+,Pvt Ltd,>4,7,0.27564102564102566,0.27564102564102566,22.0,1.0,0.7999999999999999,0.035,1.0,61.0,218,89.8,27.6,100.0,80.0,3.5,100.0,Senior Specialist,"['Deep seniority (22+ yrs)', 'STEM discipline', 'Domain-relevant experience']",0,Stable in Role
9021,city_103,0.92,,Has relevent experience,no_enrollment,Graduate,STEM,>20,10/49,Funded Startup,>4,248,0.0,0.0,22.0,1.0,0.7999999999999999,1.0,1.0,61.0,218,89.8,0.0,100.0,80.0,100.0,100.0,Senior Specialist,"['Deep seniority (22+ yrs)', 'STEM discipline', 'Committed upskiller (248 hrs)', 'Domain-relevant experience']",0,Stable in Role
30930,city_67,0.855,Male,Has relevent experience,no_enrollment,Graduate,STEM,>20,<10,Pvt Ltd,never,248,0.0,0.0,22.0,1.0,0.7999999999999999,1.0,1.0,61.0,218,89.8,0.0,100.0,80.0,100.0,100.0,Senior Specialist,"['Deep seniority (22+ yrs)', 'STEM discipline', 'Committed upskiller (248 hrs)', 'Domain-relevant experience']",0,Stable in Role
31333,city_99,0.915,Male,Has relevent experience,no_enrollment,Graduate,STEM,>20,50-99,Pvt Ltd,>4,140,0.0847457627118644,0.0847457627118644,22.0,1.0,0.7999999999999999,0.7,1.0,60.97,221,89.7,8.5,100.0,80.0,70.0,100.0,Senior Specialist,"['Deep seniority (22+ yrs)', 'STEM discipline', 'Committed upskiller (140 hrs)', 'Domain-relevant experience']",0,Stable in Role
25608,city_165,0.903,,Has relevent experience,no_enrollment,Masters,STEM,17,50-99,Pvt Ltd,>4,8,0.27564102564102566,0.27564102564102566,17.0,0.85,0.98,0.04,1.0,60.9,222,89.6,27.6,85.0,98.0,4.0,100.0,Senior Specialist,"['Deep seniority (17+ yrs)', 'Advanced degree (Masters)', 'STEM discipline', 'Domain-relevant experience']",0,Stable in Role
18232,city_103,0.92,Male,Has relevent experience,no_enrollment,Masters,STEM,>20,100-500,Pvt Ltd,3,42,0.11859838274932614,0.11859838274932614,22.0,1.0,0.98,0.21,1.0,60.85,223,89.6,11.9,100.0,98.0,21.0,100.0,Senior Specialist,"['Deep seniority (22+ yrs)', 'Advanced degree (Masters)', 'STEM discipline', 'Domain-relevant experience']",0,Stable in Role
18607,city_16,0.91,Male,Has relevent experience,no_enrollment,Graduate,STEM,>20,,,1,112,0.11859838274932614,0.11859838274932614,22.0,1.0,0.7999999999999999,0.56,1.0,60.75,224,89.5,11.9,100.0,80.0,56.0,100.0,Senior Specialist,"['Deep seniority (22+ yrs)', 'STEM discipline', 'Committed upskiller (112 hrs)', 'Domain-relevant experience']",0,Stable in Role
31236,city_21,0.624,Male,Has relevent experience,no_enrollment,Graduate,STEM,10,,Pvt Ltd,2,43,0.5733333333333334,0.5733333333333334,10.0,0.5,0.7999999999999999,0.215,1.0,60.72,225,89.5,57.3,50.0,80.0,21.5,100.0,Qualified Applicant,"['Open to progression', 'Mid-to-Senior (10 yrs)', 'STEM discipline', 'Domain-relevant experience']",1,Ready for Transition
6548,city_103,0.92,Male,Has relevent experience,no_enrollment,Masters,STEM,>20,1000-4999,Pvt Ltd,>4,88,0.049019607843137254,0.049019607843137254,22.0,1.0,0.98,0.44,1.0,60.72,225,89.5,4.9,100.0,98.0,44.0,100.0,Senior Specialist,"['Deep seniority (22+ yrs)', 'Advanced degree (Masters)', 'STEM discipline', 'Committed upskiller (88 hrs)']",0,Stable in Role
19644,city_61,0.913,Male,Has relevent experience,no_enrollment,Graduate,STEM,>20,10000+,Pvt Ltd,>4,145,0.07035175879396985,0.07035175879396985,22.0,1.0,0.7999999999999999,0.725,1.0,60.71,227,89.4,7.0,100.0,80.0,72.5,100.0,Senior Specialist,"['Deep seniority (22+ yrs)', 'STEM discipline', 'Committed upskiller (145 hrs)', 'Domain-relevant experience']",0,Stable in Role
28776,city_114,0.926,Male,Has relevent experience,no_enrollment,Masters,STEM,>20,10000+,Pvt Ltd,>4,56,0.09259259259259259,0.09259259259259259,22.0,1.0,0.98,0.28,1.0,60.64,228,89.3,9.3,100.0,98.0,28.0,100.0,Senior Specialist,"['Deep seniority (22+ yrs)', 'Advanced degree (Masters)', 'STEM discipline', 'Domain-relevant experience']",0,Stable in Role
137,city_103,0.92,Male,Has relevent experience,no_enrollment,Masters,STEM,>20,100-500,NGO,3,37,0.11859838274932614,0.11859838274932614,22.0,1.0,0.98,0.185,1.0,60.6,229,89.3,11.9,100.0,98.0,18.5,100.0,Senior Specialist,"['Deep seniority (22+ yrs)', 'Advanced degree (Masters)', 'STEM discipline', 'Domain-relevant experience']",0,Stable in Role
6427,city_75,0.939,Male,Has relevent experience,Part time course,Phd,Arts,>20,,,>4,51,0.0847457627118644,0.0847457627118644,22.0,1.0,1.0,0.255,1.0,60.52,230,89.2,8.5,100.0,100.0,25.5,100.0,Senior Specialist,"['Deep seniority (22+ yrs)', 'Advanced degree (Phd)', 'Domain-relevant experience']",0,Stable in Role
29031,city_94,0.698,Male,Has relevent experience,Part time course,Graduate,STEM,6,,,1,162,0.5384615384615384,0.5384615384615384,6.0,0.3,0.7999999999999999,0.81,1.0,60.45,231,89.1,53.8,30.0,80.0,81.0,100.0,Qualified Applicant,"['Open to progression', '6 yrs exp', 'STEM discipline', 'Committed upskiller (162 hrs)']",1,Ready for Transition
8375,city_53,0.74,Male,Has relevent experience,no_enrollment,Graduate,STEM,9,,,2,71,0.5614035087719298,0.5614035087719298,9.0,0.45,0.7999999999999999,0.355,1.0,60.45,231,89.1,56.1,45.0,80.0,35.5,100.0,Qualified Applicant,"['Open to progression', 'Mid-to-Senior (9 yrs)', 'STEM discipline', 'Domain-relevant experience']",1,Ready for Transition
10493,city_21,0.624,,Has relevent experience,no_enrollment,Masters,STEM,8,1000-4999,Pvt Ltd,2,40,0.5384615384615384,0.5384615384615384,8.0,0.4,0.98,0.2,1.0,60.45,231,89.1,53.8,40.0,98.0,20.0,100.0,Qualified Applicant,"['Open to progression', 'Mid-to-Senior (8 yrs)', 'Advanced degree (Masters)', 'STEM discipline']",1,Ready for Transition
27338,city_21,0.624,Male,No relevent experience,Full time course,Graduate,STEM,11,,,1,103,0.6287878787878788,0.6287878787878788,11.0,0.55,0.7999999999999999,0.515,0.35,60.41,234,89.1,62.9,55.0,80.0,51.5,35.0,Qualified Applicant,"['Open to progression', 'Mid-to-Senior (11 yrs)', 'STEM discipline', 'Committed upskiller (103 hrs)']",1,Ready for Transition
32545,city_103,0.92,Male,Has relevent experience,no_enrollment,Masters,STEM,20,10/49,Early Stage Startup,1,56,0.0847457627118644,0.0847457627118644,20.0,1.0,0.98,0.28,1.0,60.37,235,89.0,8.5,100.0,98.0,28.0,100.0,Senior Specialist,"['Deep seniority (20+ yrs)', 'Advanced degree (Masters)', 'STEM discipline', 'Domain-relevant experience']",0,Stable in Role
17249,city_28,0.939,Male,Has relevent experience,no_enrollment,Masters,STEM,>20,50-99,Pvt Ltd,>4,81,0.049019607843137254,0.049019607843137254,22.0,1.0,0.98,0.405,1.0,60.37,235,89.0,4.9,100.0,98.0,40.5,100.0,Senior Specialist,"['Deep seniority (22+ yrs)', 'Advanced degree (Masters)', 'STEM discipline', 'Committed upskiller (81 hrs)']",0,Stable in Role
4066,city_103,0.92,Male,Has relevent experience,no_enrollment,Masters,STEM,>20,50-99,Pvt Ltd,>4,56,0.0847457627118644,0.0847457627118644,22.0,1.0,0.98,0.28,1.0,60.37,235,89.0,8.5,100.0,98.0,28.0,100.0,Senior Specialist,"['Deep seniority (22+ yrs)', 'Advanced degree (Masters)', 'STEM discipline', 'Domain-relevant experience']",0,Stable in Role
10230,city_103,0.92,Male,Has relevent experience,no_enrollment,Masters,STEM,>20,500-999,Funded Startup,1,60,0.07894736842105263,0.07894736842105263,22.0,1.0,0.98,0.3,1.0,60.36,238,88.8,7.9,100.0,98.0,30.0,100.0,Senior Specialist,"['Deep seniority (22+ yrs)', 'Advanced degree (Masters)', 'STEM discipline', 'Domain-relevant experience']",0,Stable in Role
4899,city_136,0.897,Male,Has relevent experience,no_enrollment,Masters,STEM,>20,,,1,60,0.07894736842105263,0.07894736842105263,22.0,1.0,0.98,0.3,1.0,60.36,238,88.8,7.9,100.0,98.0,30.0,100.0,Senior Specialist,"['Deep seniority (22+ yrs)', 'Advanced degree (Masters)', 'STEM discipline', 'Domain-relevant experience']",0,Stable in Role
16449,city_114,0.926,,Has relevent experience,no_enrollment,Masters,STEM,>20,5000-9999,Pvt Ltd,>4,60,0.07894736842105263,0.07894736842105263,22.0,1.0,0.98,0.3,1.0,60.36,238,88.8,7.9,100.0,98.0,30.0,100.0,Senior Specialist,"['Deep seniority (22+ yrs)', 'Advanced degree (Masters)', 'STEM discipline', 'Domain-relevant experience']",0,Stable in Role
3559,city_114,0.926,Male,Has relevent experience,no_enrollment,Masters,STEM,>20,5000-9999,Pvt Ltd,>4,59,0.07894736842105263,0.07894736842105263,22.0,1.0,0.98,0.295,1.0,60.31,241,88.7,7.9,100.0,98.0,29.5,100.0,Senior Specialist,"['Deep seniority (22+ yrs)', 'Advanced degree (Masters)', 'STEM discipline', 'Domain-relevant experience']",0,Stable in Role
19146,city_103,0.92,Male,Has relevent experience,no_enrollment,Graduate,STEM,18,50-99,,1,43,0.27564102564102566,0.27564102564102566,18.0,0.9,0.7999999999999999,0.215,1.0,60.3,242,88.7,27.6,90.0,80.0,21.5,100.0,Senior Specialist,"['Deep seniority (18+ yrs)', 'STEM discipline', 'Domain-relevant experience']",0,Stable in Role
6509,city_21,0.624,Male,Has relevent experience,no_enrollment,Graduate,STEM,10,10000+,Pvt Ltd,>4,27,0.5838509316770185,0.5838509316770185,10.0,0.5,0.7999999999999999,0.135,1.0,60.28,243,88.6,58.4,50.0,80.0,13.5,100.0,Qualified Applicant,"['Open to progression', 'Mid-to-Senior (10 yrs)', 'STEM discipline', 'Domain-relevant experience']",1,Ready for Transition
515,city_103,0.92,Male,Has relevent experience,no_enrollment,Graduate,STEM,>20,10000+,Pvt Ltd,2,126,0.0847457627118644,0.0847457627118644,22.0,1.0,0.7999999999999999,0.63,1.0,60.27,244,88.6,8.5,100.0,80.0,63.0,100.0,Senior Specialist,"['Deep seniority (22+ yrs)', 'STEM discipline', 'Committed upskiller (126 hrs)', 'Domain-relevant experience']",0,Stable in Role
6398,city_16,0.91,,Has relevent experience,no_enrollment,Phd,STEM,>20,100-500,,>4,21,0.11859838274932614,0.11859838274932614,22.0,1.0,1.0,0.105,1.0,60.2,245,88.5,11.9,100.0,100.0,10.5,100.0,Senior Specialist,"['Deep seniority (22+ yrs)', 'Advanced degree (Phd)', 'STEM discipline', 'Domain-relevant experience']",0,Stable in Role
16595,city_21,0.624,Male,Has relevent experience,no_enrollment,Graduate,STEM,10,10000+,Pvt Ltd,2,8,0.6077348066298343,0.6077348066298343,10.0,0.5,0.7999999999999999,0.04,1.0,60.17,246,88.5,60.8,50.0,80.0,4.0,100.0,Qualified Applicant,"['Open to progression', 'Mid-to-Senior (10 yrs)', 'STEM discipline', 'Domain-relevant experience']",1,Ready for Transition
1466,city_103,0.92,Male,Has relevent experience,no_enrollment,Masters,STEM,>20,10000+,Pvt Ltd,>4,52,0.0847457627118644,0.0847457627118644,22.0,1.0,0.98,0.26,1.0,60.17,246,88.5,8.5,100.0,98.0,26.0,100.0,Senior Specialist,"['Deep seniority (22+ yrs)', 'Advanced degree (Masters)', 'STEM discipline', 'Domain-relevant experience']",0,Stable in Role
20909,city_16,0.91,Male,Has relevent experience,no_enrollment,Masters,STEM,>20,<10,Pvt Ltd,4,56,0.07894736842105263,0.07894736842105263,22.0,1.0,0.98,0.28,1.0,60.16,248,88.4,7.9,100.0,98.0,28.0,100.0,Senior Specialist,"['Deep seniority (22+ yrs)', 'Advanced degree (Masters)', 'STEM discipline', 'Domain-relevant experience']",0,Stable in Role
5150,city_75,0.939,Male,Has relevent experience,no_enrollment,Phd,STEM,>20,10000+,Pvt Ltd,2,43,0.0847457627118644,0.0847457627118644,22.0,1.0,1.0,0.215,1.0,60.12,249,88.3,8.5,100.0,100.0,21.5,100.0,Senior Specialist,"['Deep seniority (22+ yrs)', 'Advanced degree (Phd)', 'STEM discipline', 'Domain-relevant experience']",0,Stable in Role
32409,city_21,0.624,Male,Has relevent experience,no_enrollment,Graduate,STEM,8,500-999,NGO,1,57,0.6077348066298343,0.6077348066298343,8.0,0.4,0.7999999999999999,0.285,1.0,60.12,249,88.3,60.8,40.0,80.0,28.5,100.0,Qualified Applicant,"['Open to progression', 'Mid-to-Senior (8 yrs)', 'STEM discipline', 'Domain-relevant experience']",1,Ready for Transition
18816,city_21,0.624,,Has relevent experience,no_enrollment,Graduate,STEM,7,,,1,82,0.6077348066298343,0.6077348066298343,7.0,0.35,0.7999999999999999,0.41,1.0,60.12,249,88.3,60.8,35.0,80.0,41.0,100.0,Qualified Applicant,"['Open to progression', '7 yrs exp', 'STEM discipline', 'Committed upskiller (82 hrs)']",1,Ready for Transition
1838,city_21,0.624,Male,Has relevent experience,no_enrollment,Graduate,STEM,3,10/49,Pvt Ltd,3,167,0.6287878787878788,0.6287878787878788,3.0,0.15,0.7999999999999999,0.835,1.0,60.11,252,88.2,62.9,15.0,80.0,83.5,100.0,Qualified Applicant,"['Open to progression', '3 yrs exp', 'STEM discipline', 'Committed upskiller (167 hrs)']",1,Ready for Transition
18426,city_21,0.624,Male,Has relevent experience,no_enrollment,Graduate,STEM,10,,,1,23,0.5838509316770185,0.5838509316770185,10.0,0.5,0.7999999999999999,0.115,1.0,60.08,253,88.2,58.4,50.0,80.0,11.5,100.0,Qualified Applicant,"['Open to progression', 'Mid-to-Senior (10 yrs)', 'STEM discipline', 'Domain-relevant experience']",1,Ready for Transition
12064,city_90,0.698,Male,Has relevent experience,Full time course,Graduate,STEM,7,,,1,105,0.5733333333333334,0.5733333333333334,7.0,0.35,0.7999999999999999,0.525,1.0,60.07,254,88.0,57.3,35.0,80.0,52.5,100.0,Qualified Applicant,"['Open to progression', '7 yrs exp', 'STEM discipline', 'Committed upskiller (105 hrs)']",1,Ready for Transition
17854,city_114,0.926,,Has relevent experience,no_enrollment,Masters,STEM,15,10000+,Pvt Ltd,2,334,0.049019607843137254,0.049019607843137254,15.0,0.75,0.98,1.0,1.0,60.07,254,88.0,4.9,75.0,98.0,100.0,100.0,Senior Specialist,"['Deep seniority (15+ yrs)', 'Advanced degree (Masters)', 'STEM discipline', 'Committed upskiller (334 hrs)']",0,Stable in Role
22697,city_21,0.624,Male,Has relevent experience,no_enrollment,Graduate,STEM,8,50-99,Pvt Ltd,1,80,0.5733333333333334,0.5733333333333334,8.0,0.4,0.7999999999999999,0.4,1.0,60.07,254,88.0,57.3,40.0,80.0,40.0,100.0,Qualified Applicant,"['Open to progression', 'Mid-to-Senior (8 yrs)', 'STEM discipline', 'Committed upskiller (80 hrs)']",1,Ready for Transition
15150,city_98,0.949,,Has relevent experience,no_enrollment,Masters,STEM,>20,1000-4999,Pvt Ltd,>4,50,0.0847457627118644,0.0847457627118644,22.0,1.0,0.98,0.25,1.0,60.07,254,88.0,8.5,100.0,98.0,25.0,100.0,Senior Specialist,"['Deep seniority (22+ yrs)', 'Advanced degree (Masters)', 'STEM discipline', 'Domain-relevant experience']",0,Stable in Role
1679,city_103,0.92,,Has relevent experience,no_enrollment,Masters,Humanities,>20,100-500,Pvt Ltd,1,90,0.0847457627118644,0.0847457627118644,22.0,1.0,0.88,0.45,1.0,60.07,254,88.0,8.5,100.0,88.0,45.0,100.0,Senior Specialist,"['Deep seniority (22+ yrs)', 'Advanced degree (Masters)', 'Committed upskiller (90 hrs)', 'Domain-relevant experience']",0,Stable in Role
11849,city_73,0.754,Male,Has relevent experience,no_enrollment,Masters,STEM,12,,,>4,100,0.29919922558872647,0.29919922558872647,12.0,0.6,0.98,0.5,1.0,60.07,254,88.0,29.9,60.0,98.0,50.0,100.0,Senior Specialist,"['Mid-to-Senior (12 yrs)', 'Advanced degree (Masters)', 'STEM discipline', 'Committed upskiller (100 hrs)']",0,Stable in Role
13470,city_114,0.926,Male,Has relevent experience,no_enrollment,Masters,STEM,>20,10000+,Pvt Ltd,>4,26,0.11859838274932614,0.11859838274932614,22.0,1.0,0.98,0.13,1.0,60.05,260,87.8,11.9,100.0,98.0,13.0,100.0,Senior Specialist,"['Deep seniority (22+ yrs)', 'Advanced degree (Masters)', 'STEM discipline', 'Domain-relevant experience']",0,Stable in Role
22708,city_21,0.624,,Has relevent experience,no_enrollment,Masters,STEM,7,500-999,Pvt Ltd,1,25,0.5838509316770185,0.5838509316770185,7.0,0.35,0.98,0.125,1.0,60.03,261,87.8,58.4,35.0,98.0,12.5,100.0,Qualified Applicant,"['Open to progression', '7 yrs exp', 'Advanced degree (Masters)', 'STEM discipline']",1,Ready for Transition
20841,city_21,0.624,,Has relevent experience,no_enrollment,Masters,Other,9,,,>4,15,0.5838509316770185,0.5838509316770185,9.0,0.45,0.88,0.075,1.0,60.03,261,87.8,58.4,45.0,88.0,7.5,100.0,Qualified Applicant,"['Open to progression', 'Mid-to-Senior (9 yrs)', 'Advanced degree (Masters)', 'Domain-relevant experience']",1,Ready for Transition
14515,city_102,0.804,Male,Has relevent experience,no_enrollment,Masters,STEM,>20,10000+,Pvt Ltd,2,10,0.14,0.14,22.0,1.0,0.98,0.05,1.0,60.0,263,87.7,14.0,100.0,98.0,5.0,100.0,Senior Specialist,"['Deep seniority (22+ yrs)', 'Advanced degree (Masters)', 'STEM discipline', 'Domain-relevant experience']",0,Stable in Role
21490,city_21,0.624,,Has relevent experience,no_enrollment,Masters,STEM,4,100-500,Pvt Ltd,,99,0.5838509316770185,0.5838509316770185,4.0,0.2,0.98,0.495,1.0,59.98,264,87.6,58.4,20.0,98.0,49.5,100.0,Qualified Applicant,"['Open to progression', '4 yrs exp', 'Advanced degree (Masters)', 'STEM discipline']",1,Ready for Transition
16168,city_46,0.762,Female,Has relevent experience,no_enrollment,Masters,STEM,9,100-500,,2,12,0.5289855072463768,0.5289855072463768,9.0,0.45,0.98,0.06,1.0,59.96,265,87.6,52.9,45.0,98.0,6.0,100.0,Qualified Applicant,"['Open to progression', 'Mid-to-Senior (9 yrs)', 'Advanced degree (Masters)', 'STEM discipline']",1,Ready for Transition
129,city_103,0.92,Male,Has relevent experience,no_enrollment,Graduate,STEM,>20,5000-9999,Public Sector,>4,130,0.07035175879396985,0.07035175879396985,22.0,1.0,0.7999999999999999,0.65,1.0,59.96,265,87.6,7.0,100.0,80.0,65.0,100.0,Senior Specialist,"['Deep seniority (22+ yrs)', 'STEM discipline', 'Committed upskiller (130 hrs)', 'Domain-relevant experience']",0,Stable in Role
16212,city_21,0.624,Male,Has relevent experience,no_enrollment,Graduate,STEM,5,500-999,Pvt Ltd,1,152,0.5733333333333334,0.5733333333333334,5.0,0.25,0.7999999999999999,0.76,1.0,59.92,267,87.5,57.3,25.0,80.0,76.0,100.0,Qualified Applicant,"['Open to progression', '5 yrs exp', 'STEM discipline', 'Committed upskiller (152 hrs)']",1,Ready for Transition
32395,city_103,0.92,Female,Has relevent experience,no_enrollment,Masters,STEM,>20,10000+,Pvt Ltd,>4,23,0.11859838274932614,0.11859838274932614,22.0,1.0,0.98,0.115,1.0,59.9,268,87.5,11.9,100.0,98.0,11.5,100.0,Senior Specialist,"['Deep seniority (22+ yrs)', 'Advanced degree (Masters)', 'STEM discipline', 'Domain-relevant experience']",0,Stable in Role
16355,city_21,0.624,Female,Has relevent experience,no_enrollment,Masters,STEM,5,10000+,Pvt Ltd,1,72,0.5838509316770185,0.5838509316770185,5.0,0.25,0.98,0.36,1.0,59.88,269,87.4,58.4,25.0,98.0,36.0,100.0,Qualified Applicant,"['Open to progression', '5 yrs exp', 'Advanced degree (Masters)', 'STEM discipline']",1,Ready for Transition
18340,city_21,0.624,Female,Has relevent experience,Full time course,Graduate,STEM,5,,Public Sector,1,182,0.5289855072463768,0.5289855072463768,5.0,0.25,0.7999999999999999,0.91,1.0,59.86,270,87.4,52.9,25.0,80.0,91.0,100.0,Qualified Applicant,"['Open to progression', '5 yrs exp', 'STEM discipline', 'Committed upskiller (182 hrs)']",1,Ready for Transition
19966,city_61,0.913,,Has relevent experience,no_enrollment,Masters,STEM,>20,10000+,Pvt Ltd,>4,22,0.11859838274932614,0.11859838274932614,22.0,1.0,0.98,0.11,1.0,59.85,271,87.3,11.9,100.0,98.0,11.0,100.0,Senior Specialist,"['Deep seniority (22+ yrs)', 'Advanced degree (Masters)', 'STEM discipline', 'Domain-relevant experience']",0,Stable in Role
31984,city_40,0.7759999999999999,Male,Has relevent experience,no_enrollment,Masters,STEM,>20,10000+,Pvt Ltd,1,70,0.049019607843137254,0.049019607843137254,22.0,1.0,0.98,0.35,1.0,59.82,272,87.3,4.9,100.0,98.0,35.0,100.0,Senior Specialist,"['Deep seniority (22+ yrs)', 'Advanced degree (Masters)', 'STEM discipline', 'Domain-relevant experience']",0,Stable in Role
11707,city_103,0.92,Male,Has relevent experience,no_enrollment,Masters,STEM,>20,50-99,Pvt Ltd,3,21,0.11859838274932614,0.11859838274932614,22.0,1.0,0.98,0.105,1.0,59.8,273,87.2,11.9,100.0,98.0,10.5,100.0,Senior Specialist,"['Deep seniority (22+ yrs)', 'Advanced degree (Masters)', 'STEM discipline', 'Domain-relevant experience']",0,Stable in Role
17659,city_16,0.91,Male,Has relevent experience,no_enrollment,Graduate,STEM,>20,1000-4999,NGO,>4,140,0.049019607843137254,0.049019607843137254,22.0,1.0,0.7999999999999999,0.7,1.0,59.72,274,87.2,4.9,100.0,80.0,70.0,100.0,Senior Specialist,"['Deep seniority (22+ yrs)', 'STEM discipline', 'Committed upskiller (140 hrs)', 'Domain-relevant experience']",0,Stable in Role
31465,city_16,0.91,Male,Has relevent experience,no_enrollment,Masters,STEM,>20,10000+,Pvt Ltd,>4,53,0.07035175879396985,0.07035175879396985,22.0,1.0,0.98,0.265,1.0,59.71,275,87.1,7.0,100.0,98.0,26.5,100.0,Senior Specialist,"['Deep seniority (22+ yrs)', 'Advanced degree (Masters)', 'STEM discipline', 'Domain-relevant experience']",0,Stable in Role
15587,city_16,0.91,Male,Has relevent experience,no_enrollment,Graduate,STEM,>20,,,1,91,0.11859838274932614,0.11859838274932614,22.0,1.0,0.7999999999999999,0.455,1.0,59.7,276,87.1,11.9,100.0,80.0,45.5,100.0,Senior Specialist,"['Deep seniority (22+ yrs)', 'STEM discipline', 'Committed upskiller (91 hrs)', 'Domain-relevant experience']",0,Stable in Role
30621,city_160,0.92,Male,No relevent experience,Full time course,Masters,STEM,8,,,1,106,0.6077348066298343,0.6077348066298343,8.0,0.4,0.98,0.53,0.35,59.67,277,87.0,60.8,40.0,98.0,53.0,35.0,Qualified Applicant,"['Open to progression', 'Mid-to-Senior (8 yrs)', 'Advanced degree (Masters)', 'STEM discipline']",1,Ready for Transition
14870,city_11,0.55,Male,Has relevent experience,no_enrollment,Graduate,STEM,17,1000-4999,Pvt Ltd,1,55,0.27564102564102566,0.27564102564102566,17.0,0.85,0.7999999999999999,0.275,1.0,59.65,278,87.0,27.6,85.0,80.0,27.5,100.0,Senior Specialist,"['Deep seniority (17+ yrs)', 'STEM discipline', 'Domain-relevant experience']",0,Stable in Role
8805,city_103,0.92,Male,Has relevent experience,no_enrollment,Masters,STEM,>20,50-99,Funded Startup,2,66,0.049019607843137254,0.049019607843137254,22.0,1.0,0.98,0.33,1.0,59.62,279,86.9,4.9,100.0,98.0,33.0,100.0,Senior Specialist,"['Deep seniority (22+ yrs)', 'Advanced degree (Masters)', 'STEM discipline', 'Domain-relevant experience']",0,Stable in Role
13832,city_128,0.527,Male,Has relevent experience,Part time course,Graduate,STEM,10,10000+,Pvt Ltd,1,29,0.5614035087719298,0.5614035087719298,10.0,0.5,0.7999999999999999,0.145,1.0,59.6,280,86.9,56.1,50.0,80.0,14.5,100.0,Qualified Applicant,"['Open to progression', 'Mid-to-Senior (10 yrs)', 'STEM discipline', 'Domain-relevant experience']",1,Ready for Transition
1123,city_50,0.8959999999999999,Male,Has relevent experience,no_enrollment,Masters,STEM,16,10000+,Pvt Ltd,>4,7,0.27564102564102566,0.27564102564102566,16.0,0.8,0.98,0.035,1.0,59.6,280,86.9,27.6,80.0,98.0,3.5,100.0,Senior Specialist,"['Deep seniority (16+ yrs)', 'Advanced degree (Masters)', 'STEM discipline', 'Domain-relevant experience']",0,Stable in Role
29575,city_11,0.55,Male,Has relevent experience,no_enrollment,Graduate,STEM,7,,,3,88,0.5838509316770185,0.5838509316770185,7.0,0.35,0.7999999999999999,0.44,1.0,59.58,282,86.8,58.4,35.0,80.0,44.0,100.0,Qualified Applicant,"['Open to progression', '7 yrs exp', 'STEM discipline', 'Committed upskiller (88 hrs)']",1,Ready for Transition
9548,city_114,0.926,Male,Has relevent experience,no_enrollment,Masters,STEM,>20,50-99,Pvt Ltd,>4,65,0.049019607843137254,0.049019607843137254,22.0,1.0,0.98,0.325,1.0,59.57,283,86.7,4.9,100.0,98.0,32.5,100.0,Senior Specialist,"['Deep seniority (22+ yrs)', 'Advanced degree (Masters)', 'STEM discipline', 'Domain-relevant experience']",0,Stable in Role
29242,city_21,0.624,Male,Has relevent experience,no_enrollment,Masters,STEM,5,100-500,Pvt Ltd,1,49,0.6077348066298343,0.6077348066298343,5.0,0.25,0.98,0.245,1.0,59.57,283,86.7,60.8,25.0,98.0,24.5,100.0,Qualified Applicant,"['Open to progression', '5 yrs exp', 'Advanced degree (Masters)', 'STEM discipline']",1,Ready for Transition
10171,city_61,0.913,Male,Has relevent experience,no_enrollment,Masters,STEM,>20,10/49,Pvt Ltd,>4,40,0.0847457627118644,0.0847457627118644,22.0,1.0,0.98,0.2,1.0,59.57,283,86.7,8.5,100.0,98.0,20.0,100.0,Senior Specialist,"['Deep seniority (22+ yrs)', 'Advanced degree (Masters)', 'STEM discipline', 'Domain-relevant experience']",0,Stable in Role
27437,city_77,0.83,Male,Has relevent experience,no_enrollment,Phd,Business Degree,20,50-99,Pvt Ltd,1,57,0.049019607843137254,0.049019607843137254,20.0,1.0,1.0,0.285,1.0,59.57,283,86.7,4.9,100.0,100.0,28.5,100.0,Senior Specialist,"['Deep seniority (20+ yrs)', 'Advanced degree (Phd)', 'Domain-relevant experience']",0,Stable in Role
22982,city_16,0.91,Male,Has relevent experience,no_enrollment,Masters,STEM,>20,100-500,Pvt Ltd,1,50,0.07035175879396985,0.07035175879396985,22.0,1.0,0.98,0.25,1.0,59.56,287,86.6,7.0,100.0,98.0,25.0,100.0,Senior Specialist,"['Deep seniority (22+ yrs)', 'Advanced degree (Masters)', 'STEM discipline', 'Domain-relevant experience']",0,Stable in Role
9272,city_90,0.698,Male,Has relevent experience,no_enrollment,Graduate,STEM,20,10/49,Pvt Ltd,2,51,0.17117117117117117,0.17117117117117117,20.0,1.0,0.7999999999999999,0.255,1.0,59.54,288,86.5,17.1,100.0,80.0,25.5,100.0,Senior Specialist,"['Deep seniority (20+ yrs)', 'STEM discipline', 'Domain-relevant experience']",0,Stable in Role
1633,city_89,0.925,,Has relevent experience,no_enrollment,Graduate,STEM,>20,5000-9999,Pvt Ltd,>4,111,0.0847457627118644,0.0847457627118644,22.0,1.0,0.7999999999999999,0.555,1.0,59.52,289,86.4,8.5,100.0,80.0,55.5,100.0,Senior Specialist,"['Deep seniority (22+ yrs)', 'STEM discipline', 'Committed upskiller (111 hrs)', 'Domain-relevant experience']",0,Stable in Role
21257,city_157,0.769,Male,Has relevent experience,no_enrollment,Masters,STEM,>20,500-999,Pvt Ltd,>4,64,0.049019607843137254,0.049019607843137254,22.0,1.0,0.98,0.32,1.0,59.52,289,86.4,4.9,100.0,98.0,32.0,100.0,Senior Specialist,"['Deep seniority (22+ yrs)', 'Advanced degree (Masters)', 'STEM discipline', 'Domain-relevant experience']",0,Stable in Role
27854,city_103,0.92,Male,Has relevent experience,no_enrollment,Masters,STEM,>20,10000+,Public Sector,>4,15,0.11859838274932614,0.11859838274932614,22.0,1.0,0.98,0.075,1.0,59.5,291,86.4,11.9,100.0,98.0,7.5,100.0,Senior Specialist,"['Deep seniority (22+ yrs)', 'Advanced degree (Masters)', 'STEM discipline', 'Domain-relevant experience']",0,Stable in Role
11201,city_45,0.89,Male,No relevent experience,Full time course,Masters,STEM,9,,,1,110,0.5614035087719298,0.5614035087719298,9.0,0.45,0.98,0.55,0.35,59.5,291,86.4,56.1,45.0,98.0,55.0,35.0,Qualified Applicant,"['Open to progression', 'Mid-to-Senior (9 yrs)', 'Advanced degree (Masters)', 'STEM discipline']",1,Ready for Transition
14586,city_21,0.624,Male,Has relevent experience,no_enrollment,Graduate,STEM,7,50-99,Pvt Ltd,2,86,0.5838509316770185,0.5838509316770185,7.0,0.35,0.7999999999999999,0.43,1.0,59.48,293,86.3,58.4,35.0,80.0,43.0,100.0,Qualified Applicant,"['Open to progression', '7 yrs exp', 'STEM discipline', 'Committed upskiller (86 hrs)']",1,Ready for Transition
25408,city_21,0.624,,Has relevent experience,Full time course,Graduate,STEM,6,,,1,94,0.6077348066298343,0.6077348066298343,6.0,0.3,0.7999999999999999,0.47,1.0,59.47,294,86.2,60.8,30.0,80.0,47.0,100.0,Qualified Applicant,"['Open to progression', '6 yrs exp', 'STEM discipline', 'Committed upskiller (94 hrs)']",1,Ready for Transition
1937,city_23,0.899,Male,Has relevent experience,no_enrollment,Masters,STEM,>20,10000+,Pvt Ltd,4,14,0.11859838274932614,0.11859838274932614,22.0,1.0,0.98,0.07,1.0,59.45,295,86.2,11.9,100.0,98.0,7.0,100.0,Senior Specialist,"['Deep seniority (22+ yrs)', 'Advanced degree (Masters)', 'STEM discipline', 'Domain-relevant experience']",0,Stable in Role
9134,city_21,0.624,,Has relevent experience,no_enrollment,Graduate,STEM,7,50-99,Pvt Ltd,2,85,0.5838509316770185,0.5838509316770185,7.0,0.35,0.7999999999999999,0.425,1.0,59.43,296,86.1,58.4,35.0,80.0,42.5,100.0,Qualified Applicant,"['Open to progression', '7 yrs exp', 'STEM discipline', 'Committed upskiller (85 hrs)']",1,Ready for Transition
13498,city_16,0.91,Male,Has relevent experience,no_enrollment,Masters,STEM,>20,50-99,Pvt Ltd,>4,62,0.049019607843137254,0.049019607843137254,22.0,1.0,0.98,0.31,1.0,59.42,297,86.1,4.9,100.0,98.0,31.0,100.0,Senior Specialist,"['Deep seniority (22+ yrs)', 'Advanced degree (Masters)', 'STEM discipline', 'Domain-relevant experience']",0,Stable in Role
26651,city_61,0.913,Male,Has relevent experience,no_enrollment,Masters,STEM,>20,10/49,Public Sector,>4,37,0.0847457627118644,0.0847457627118644,22.0,1.0,0.98,0.185,1.0,59.42,297,86.1,8.5,100.0,98.0,18.5,100.0,Senior Specialist,"['Deep seniority (22+ yrs)', 'Advanced degree (Masters)', 'STEM discipline', 'Domain-relevant experience']",0,Stable in Role
16828,city_100,0.887,Male,Has relevent experience,Full time course,Graduate,STEM,10,,,2,16,0.5733333333333334,0.5733333333333334,10.0,0.5,0.7999999999999999,0.08,1.0,59.37,299,86.0,57.3,50.0,80.0,8.0,100.0,Qualified Applicant,"['Open to progression', 'Mid-to-Senior (10 yrs)', 'STEM discipline', 'Domain-relevant experience']",1,Ready for Transition
2010,city_114,0.926,Male,Has relevent experience,no_enrollment,Masters,STEM,>20,1000-4999,Pvt Ltd,>4,61,0.049019607843137254,0.049019607843137254,22.0,1.0,0.98,0.305,1.0,59.37,299,86.0,4.9,100.0,98.0,30.5,100.0,Senior Specialist,"['Deep seniority (22+ yrs)', 'Advanced degree (Masters)', 'STEM discipline', 'Domain-relevant experience']",0,Stable in Role
27764,city_152,0.698,Male,No relevent experience,Part time course,Graduate,STEM,13,,,2,71,0.5733333333333334,0.5733333333333334,13.0,0.65,0.7999999999999999,0.355,0.35,59.37,299,86.0,57.3,65.0,80.0,35.5,35.0,Senior Specialist,"['Open to progression', 'Mid-to-Senior (13 yrs)', 'STEM discipline']",1,Ready for Transition
23770,city_143,0.74,Male,Has relevent experience,no_enrollment,Masters,STEM,11,10/49,Pvt Ltd,2,127,0.27564102564102566,0.27564102564102566,11.0,0.55,0.98,0.635,1.0,59.35,302,85.9,27.6,55.0,98.0,63.5,100.0,Qualified Applicant,"['Mid-to-Senior (11 yrs)', 'Advanced degree (Masters)', 'STEM discipline', 'Committed upskiller (127 hrs)']",0,Stable in Role
13833,city_21,0.624,Male,Has relevent experience,no_enrollment,Graduate,STEM,10,100-500,Pvt Ltd,1,8,0.5838509316770185,0.5838509316770185,10.0,0.5,0.7999999999999999,0.04,1.0,59.33,303,85.8,58.4,50.0,80.0,4.0,100.0,Qualified Applicant,"['Open to progression', 'Mid-to-Senior (10 yrs)', 'STEM discipline', 'Domain-relevant experience']",1,Ready for Transition
21648,city_61,0.913,Male,Has relevent experience,no_enrollment,Masters,STEM,20,1000-4999,Pvt Ltd,never,60,0.049019607843137254,0.049019607843137254,20.0,1.0,0.98,0.3,1.0,59.32,304,85.8,4.9,100.0,98.0,30.0,100.0,Senior Specialist,"['Deep seniority (20+ yrs)', 'Advanced degree (Masters)', 'STEM discipline', 'Domain-relevant experience']",0,Stable in Role
12437,city_16,0.91,Male,Has relevent experience,no_enrollment,Masters,STEM,>20,50-99,Pvt Ltd,2,45,0.07035175879396985,0.07035175879396985,22.0,1.0,0.98,0.225,1.0,59.31,305,85.7,7.0,100.0,98.0,22.5,100.0,Senior Specialist,"['Deep seniority (22+ yrs)', 'Advanced degree (Masters)', 'STEM discipline', 'Domain-relevant experience']",0,Stable in Role
19946,city_61,0.913,Female,Has relevent experience,no_enrollment,Masters,STEM,>20,10000+,Pvt Ltd,>4,29,0.09259259259259259,0.09259259259259259,22.0,1.0,0.98,0.145,1.0,59.29,306,85.7,9.3,100.0,98.0,14.5,100.0,Senior Specialist,"['Deep seniority (22+ yrs)', 'Advanced degree (Masters)', 'STEM discipline', 'Domain-relevant experience']",0,Stable in Role
16881,city_103,0.92,Male,Has relevent experience,no_enrollment,Phd,STEM,>20,50-99,Pvt Ltd,1,25,0.0847457627118644,0.0847457627118644,22.0,1.0,1.0,0.125,1.0,59.22,307,85.6,8.5,100.0,100.0,12.5,100.0,Senior Specialist,"['Deep seniority (22+ yrs)', 'Advanced degree (Phd)', 'STEM discipline', 'Domain-relevant experience']",0,Stable in Role
24625,city_103,0.92,Male,Has relevent experience,no_enrollment,Masters,Humanities,>20,500-999,Pvt Ltd,1,73,0.0847457627118644,0.0847457627118644,22.0,1.0,0.88,0.365,1.0,59.22,307,85.6,8.5,100.0,88.0,36.5,100.0,Senior Specialist,"['Deep seniority (22+ yrs)', 'Advanced degree (Masters)', 'Domain-relevant experience']",0,Stable in Role
15974,city_103,0.92,,Has relevent experience,no_enrollment,Masters,STEM,19,5000-9999,Pvt Ltd,2,68,0.07035175879396985,0.07035175879396985,19.0,0.95,0.98,0.34,1.0,59.21,309,85.5,7.0,95.0,98.0,34.0,100.0,Senior Specialist,"['Deep seniority (19+ yrs)', 'Advanced degree (Masters)', 'STEM discipline', 'Domain-relevant experience']",0,Stable in Role
10455,city_160,0.92,Female,No relevent experience,Full time course,Phd,STEM,10,,,1,24,0.6287878787878788,0.6287878787878788,10.0,0.5,1.0,0.12,0.35,59.21,309,85.5,62.9,50.0,100.0,12.0,35.0,Qualified Applicant,"['Open to progression', 'Mid-to-Senior (10 yrs)', 'Advanced degree (Phd)', 'STEM discipline']",1,Ready for Transition
22652,city_16,0.91,,Has relevent experience,no_enrollment,Graduate,STEM,19,,,3,106,0.11859838274932614,0.11859838274932614,19.0,0.95,0.7999999999999999,0.53,1.0,59.2,311,85.4,11.9,95.0,80.0,53.0,100.0,Senior Specialist,"['Deep seniority (19+ yrs)', 'STEM discipline', 'Committed upskiller (106 hrs)', 'Domain-relevant experience']",0,Stable in Role
19678,city_16,0.91,,Has relevent experience,no_enrollment,Graduate,STEM,>20,<10,Pvt Ltd,never,138,0.037037037037037035,0.037037037037037035,22.0,1.0,0.7999999999999999,0.69,1.0,59.2,311,85.4,3.7,100.0,80.0,69.0,100.0,Senior Specialist,"['Deep seniority (22+ yrs)', 'STEM discipline', 'Committed upskiller (138 hrs)', 'Domain-relevant experience']",0,Stable in Role
22744,city_24,0.698,,Has relevent experience,no_enrollment,Masters,STEM,15,50-99,Pvt Ltd,>4,157,0.0847457627118644,0.0847457627118644,15.0,0.75,0.98,0.785,1.0,59.17,313,85.3,8.5,75.0,98.0,78.5,100.0,Senior Specialist,"['Deep seniority (15+ yrs)', 'Advanced degree (Masters)', 'STEM discipline', 'Committed upskiller (157 hrs)']",0,Stable in Role
13197,city_103,0.92,Female,Has relevent experience,no_enrollment,Graduate,STEM,>20,50-99,Pvt Ltd,1,108,0.07894736842105263,0.07894736842105263,22.0,1.0,0.7999999999999999,0.54,1.0,59.16,314,85.3,7.9,100.0,80.0,54.0,100.0,Senior Specialist,"['Deep seniority (22+ yrs)', 'STEM discipline', 'Committed upskiller (108 hrs)', 'Domain-relevant experience']",0,Stable in Role
15865,city_160,0.92,,Has relevent experience,no_enrollment,Masters,STEM,7,,,2,14,0.5733333333333334,0.5733333333333334,7.0,0.35,0.98,0.07,1.0,59.12,315,85.3,57.3,35.0,98.0,7.0,100.0,Qualified Applicant,"['Open to progression', '7 yrs exp', 'Advanced degree (Masters)', 'STEM discipline']",1,Ready for Transition
11473,city_16,0.91,Female,Has relevent experience,no_enrollment,Phd,STEM,17,50-99,Pvt Ltd,2,74,0.11859838274932614,0.11859838274932614,17.0,0.85,1.0,0.37,1.0,59.1,316,85.2,11.9,85.0,100.0,37.0,100.0,Senior Specialist,"['Deep seniority (17+ yrs)', 'Advanced degree (Phd)', 'STEM discipline', 'Domain-relevant experience']",0,Stable in Role
25054,city_21,0.624,,Has relevent experience,no_enrollment,Graduate,STEM,9,,,1,28,0.5838509316770185,0.5838509316770185,9.0,0.45,0.7999999999999999,0.14,1.0,59.08,317,85.2,58.4,45.0,80.0,14.0,100.0,Qualified Applicant,"['Open to progression', 'Mid-to-Senior (9 yrs)', 'STEM discipline', 'Domain-relevant experience']",1,Ready for Transition
18104,city_71,0.884,Male,Has relevent experience,no_enrollment,Graduate,STEM,>20,50-99,Pvt Ltd,4,102,0.0847457627118644,0.0847457627118644,22.0,1.0,0.7999999999999999,0.51,1.0,59.07,318,85.1,8.5,100.0,80.0,51.0,100.0,Senior Specialist,"['Deep seniority (22+ yrs)', 'STEM discipline', 'Committed upskiller (102 hrs)', 'Domain-relevant experience']",0,Stable in Role
25062,city_27,0.848,Male,Has relevent experience,no_enrollment,Graduate,STEM,>20,100-500,Pvt Ltd,2,102,0.0847457627118644,0.0847457627118644,22.0,1.0,0.7999999999999999,0.51,1.0,59.07,318,85.1,8.5,100.0,80.0,51.0,100.0,Senior Specialist,"['Deep seniority (22+ yrs)', 'STEM discipline', 'Committed upskiller (102 hrs)', 'Domain-relevant experience']",0,Stable in Role
5509,city_99,0.915,Female,Has relevent experience,no_enrollment,Masters,STEM,>20,100-500,Pvt Ltd,1,29,0.0847457627118644,0.0847457627118644,22.0,1.0,0.98,0.145,1.0,59.02,320,85.0,8.5,100.0,98.0,14.5,100.0,Senior Specialist,"['Deep seniority (22+ yrs)', 'Advanced degree (Masters)', 'STEM discipline', 'Domain-relevant experience']",0,Stable in Role
7863,city_165,0.903,,No relevent experience,no_enrollment,Graduate,STEM,13,,,3,40,0.6077348066298343,0.6077348066298343,13.0,0.65,0.7999999999999999,0.2,0.35,59.02,320,85.0,60.8,65.0,80.0,20.0,35.0,Senior Specialist,"['Open to progression', 'Mid-to-Senior (13 yrs)', 'STEM discipline']",1,Ready for Transition
32607,city_21,0.624,Male,Has relevent experience,no_enrollment,Graduate,STEM,7,10000+,Pvt Ltd,4,60,0.6077348066298343,0.6077348066298343,7.0,0.35,0.7999999999999999,0.3,1.0,59.02,320,85.0,60.8,35.0,80.0,30.0,100.0,Qualified Applicant,"['Open to progression', '7 yrs exp', 'STEM discipline', 'Domain-relevant experience']",1,Ready for Transition
4819,city_71,0.884,Male,Has relevent experience,Part time course,Masters,STEM,>20,10000+,Pvt Ltd,1,28,0.0847457627118644,0.0847457627118644,22.0,1.0,0.98,0.14,1.0,58.97,323,84.8,8.5,100.0,98.0,14.0,100.0,Senior Specialist,"['Deep seniority (22+ yrs)', 'Advanced degree (Masters)', 'STEM discipline', 'Domain-relevant experience']",0,Stable in Role
5685,city_114,0.926,Male,Has relevent experience,no_enrollment,Masters,STEM,>20,10/49,Pvt Ltd,>4,53,0.049019607843137254,0.049019607843137254,22.0,1.0,0.98,0.265,1.0,58.97,323,84.8,4.9,100.0,98.0,26.5,100.0,Senior Specialist,"['Deep seniority (22+ yrs)', 'Advanced degree (Masters)', 'STEM discipline', 'Domain-relevant experience']",0,Stable in Role
9032,city_103,0.92,Male,Has relevent experience,no_enrollment,Masters,STEM,>20,10/49,Early Stage Startup,2,28,0.0847457627118644,0.0847457627118644,22.0,1.0,0.98,0.14,1.0,58.97,323,84.8,8.5,100.0,98.0,14.0,100.0,Senior Specialist,"['Deep seniority (22+ yrs)', 'Advanced degree (Masters)', 'STEM discipline', 'Domain-relevant experience']",0,Stable in Role
3852,city_103,0.92,Male,Has relevent experience,no_enrollment,Masters,STEM,>20,1000-4999,Pvt Ltd,>4,28,0.0847457627118644,0.0847457627118644,22.0,1.0,0.98,0.14,1.0,58.97,323,84.8,8.5,100.0,98.0,14.0,100.0,Senior Specialist,"['Deep seniority (22+ yrs)', 'Advanced degree (Masters)', 'STEM discipline', 'Domain-relevant experience']",0,Stable in Role
6778,city_21,0.624,,Has relevent experience,no_enrollment,Graduate,STEM,7,50-99,Pvt Ltd,>4,75,0.5838509316770185,0.5838509316770185,7.0,0.35,0.7999999999999999,0.375,1.0,58.93,327,84.7,58.4,35.0,80.0,37.5,100.0,Qualified Applicant,"['Open to progression', '7 yrs exp', 'STEM discipline', 'Domain-relevant experience']",1,Ready for Transition
15640,city_43,0.516,Male,Has relevent experience,no_enrollment,Graduate,STEM,6,1000-4999,Pvt Ltd,2,100,0.5838509316770185,0.5838509316770185,6.0,0.3,0.7999999999999999,0.5,1.0,58.93,327,84.7,58.4,30.0,80.0,50.0,100.0,Qualified Applicant,"['Open to progression', '6 yrs exp', 'STEM discipline', 'Committed upskiller (100 hrs)']",1,Ready for Transition
8701,city_114,0.926,Male,Has relevent experience,no_enrollment,Masters,STEM,>20,100-500,Pvt Ltd,>4,27,0.0847457627118644,0.0847457627118644,22.0,1.0,0.98,0.135,1.0,58.92,329,84.5,8.5,100.0,98.0,13.5,100.0,Senior Specialist,"['Deep seniority (22+ yrs)', 'Advanced degree (Masters)', 'STEM discipline', 'Domain-relevant experience']",0,Stable in Role
25160,city_21,0.624,,Has relevent experience,Part time course,Masters,STEM,6,10000+,Pvt Ltd,1,35,0.5733333333333334,0.5733333333333334,6.0,0.3,0.98,0.175,1.0,58.92,329,84.5,57.3,30.0,98.0,17.5,100.0,Qualified Applicant,"['Open to progression', '6 yrs exp', 'Advanced degree (Masters)', 'STEM discipline']",1,Ready for Transition
32710,city_103,0.92,Male,Has relevent experience,no_enrollment,Graduate,STEM,>20,10000+,Pvt Ltd,>4,124,0.049019607843137254,0.049019607843137254,22.0,1.0,0.7999999999999999,0.62,1.0,58.92,329,84.5,4.9,100.0,80.0,62.0,100.0,Senior Specialist,"['Deep seniority (22+ yrs)', 'STEM discipline', 'Committed upskiller (124 hrs)', 'Domain-relevant experience']",0,Stable in Role
26899,city_160,0.92,Male,Has relevent experience,no_enrollment,Graduate,STEM,>20,50-99,Funded Startup,1,124,0.049019607843137254,0.049019607843137254,22.0,1.0,0.7999999999999999,0.62,1.0,58.92,329,84.5,4.9,100.0,80.0,62.0,100.0,Senior Specialist,"['Deep seniority (22+ yrs)', 'STEM discipline', 'Committed upskiller (124 hrs)', 'Domain-relevant experience']",0,Stable in Role
17950,city_74,0.579,,Has relevent experience,Part time course,Masters,STEM,12,50-99,Pvt Ltd,>4,31,0.3644859813084112,0.3644859813084112,12.0,0.6,0.98,0.155,1.0,58.91,333,84.4,36.4,60.0,98.0,15.5,100.0,Senior Specialist,"['Mid-to-Senior (12 yrs)', 'Advanced degree (Masters)', 'STEM discipline', 'Domain-relevant experience']",0,Stable in Role
20917,city_103,0.92,Male,Has relevent experience,no_enrollment,Graduate,STEM,10,,,1,6,0.5733333333333334,0.5733333333333334,10.0,0.5,0.7999999999999999,0.03,1.0,58.87,334,84.4,57.3,50.0,80.0,3.0,100.0,Qualified Applicant,"['Open to progression', 'Mid-to-Senior (10 yrs)', 'STEM discipline', 'Domain-relevant experience']",1,Ready for Transition
2441,city_114,0.926,Male,Has relevent experience,no_enrollment,Masters,STEM,>20,1000-4999,Pvt Ltd,>4,36,0.07035175879396985,0.07035175879396985,22.0,1.0,0.98,0.18,1.0,58.86,335,84.3,7.0,100.0,98.0,18.0,100.0,Senior Specialist,"['Deep seniority (22+ yrs)', 'Advanced degree (Masters)', 'STEM discipline', 'Domain-relevant experience']",0,Stable in Role
21283,city_10,0.895,Male,Has relevent experience,no_enrollment,Masters,STEM,7,,,>4,33,0.5384615384615384,0.5384615384615384,7.0,0.35,0.98,0.165,1.0,58.85,336,84.3,53.8,35.0,98.0,16.5,100.0,Qualified Applicant,"['Open to progression', '7 yrs exp', 'Advanced degree (Masters)', 'STEM discipline']",1,Ready for Transition
22462,city_21,0.624,,Has relevent experience,no_enrollment,Graduate,STEM,9,10000+,NGO,1,30,0.5733333333333334,0.5733333333333334,9.0,0.45,0.7999999999999999,0.15,1.0,58.82,337,84.2,57.3,45.0,80.0,15.0,100.0,Qualified Applicant,"['Open to progression', 'Mid-to-Senior (9 yrs)', 'STEM discipline', 'Domain-relevant experience']",1,Ready for Transition
32021,city_103,0.92,Male,Has relevent experience,no_enrollment,Masters,Humanities,>20,100-500,Pvt Ltd,2,65,0.0847457627118644,0.0847457627118644,22.0,1.0,0.88,0.325,1.0,58.82,337,84.2,8.5,100.0,88.0,32.5,100.0,Senior Specialist,"['Deep seniority (22+ yrs)', 'Advanced degree (Masters)', 'Domain-relevant experience']",0,Stable in Role
29321,city_28,0.939,Male,Has relevent experience,Full time course,Masters,STEM,20,100-500,Pvt Ltd,>4,35,0.07035175879396985,0.07035175879396985,20.0,1.0,0.98,0.175,1.0,58.81,339,84.1,7.0,100.0,98.0,17.5,100.0,Senior Specialist,"['Deep seniority (20+ yrs)', 'Advanced degree (Masters)', 'STEM discipline', 'Domain-relevant experience']",0,Stable in Role
13000,city_16,0.91,Male,Has relevent experience,no_enrollment,Graduate,STEM,>20,,,>4,72,0.11859838274932614,0.11859838274932614,22.0,1.0,0.7999999999999999,0.36,1.0,58.75,340,84.1,11.9,100.0,80.0,36.0,100.0,Senior Specialist,"['Deep seniority (22+ yrs)', 'STEM discipline', 'Domain-relevant experience']",0,Stable in Role
16873,city_103,0.92,,Has relevent experience,no_enrollment,Graduate,STEM,>20,5000-9999,Pvt Ltd,>4,95,0.0847457627118644,0.0847457627118644,22.0,1.0,0.7999999999999999,0.475,1.0,58.72,341,84.0,8.5,100.0,80.0,47.5,100.0,Senior Specialist,"['Deep seniority (22+ yrs)', 'STEM discipline', 'Committed upskiller (95 hrs)', 'Domain-relevant experience']",0,Stable in Role
20514,city_16,0.91,Male,Has relevent experience,no_enrollment,Graduate,STEM,>20,50-99,Pvt Ltd,2,95,0.0847457627118644,0.0847457627118644,22.0,1.0,0.7999999999999999,0.475,1.0,58.72,341,84.0,8.5,100.0,80.0,47.5,100.0,Senior Specialist,"['Deep seniority (22+ yrs)', 'STEM discipline', 'Committed upskiller (95 hrs)', 'Domain-relevant experience']",0,Stable in Role
610,city_28,0.939,,No relevent experience,no_enrollment,Phd,STEM,>20,5000-9999,Pvt Ltd,3,144,0.0847457627118644,0.0847457627118644,22.0,1.0,1.0,0.72,0.35,58.67,343,83.9,8.5,100.0,100.0,72.0,35.0,Senior Specialist,"['Deep seniority (22+ yrs)', 'Advanced degree (Phd)', 'STEM discipline', 'Committed upskiller (144 hrs)']",0,Stable in Role
31643,city_75,0.939,Male,Has relevent experience,no_enrollment,High School,,>20,100-500,Public Sector,2,58,0.3644859813084112,0.3644859813084112,22.0,1.0,0.4,0.29,1.0,58.66,344,83.9,36.4,100.0,40.0,29.0,100.0,Senior Specialist,"['Deep seniority (22+ yrs)', 'Domain-relevant experience']",0,Stable in Role
21381,city_21,0.624,,Has relevent experience,no_enrollment,Masters,STEM,5,10000+,Pvt Ltd,2,47,0.5838509316770185,0.5838509316770185,5.0,0.25,0.98,0.235,1.0,58.63,345,83.8,58.4,25.0,98.0,23.5,100.0,Qualified Applicant,"['Open to progression', '5 yrs exp', 'Advanced degree (Masters)', 'STEM discipline']",1,Ready for Transition
19719,city_21,0.624,Male,Has relevent experience,no_enrollment,Graduate,STEM,6,50-99,Pvt Ltd,2,77,0.6077348066298343,0.6077348066298343,6.0,0.3,0.7999999999999999,0.385,1.0,58.62,346,83.8,60.8,30.0,80.0,38.5,100.0,Qualified Applicant,"['Open to progression', '6 yrs exp', 'STEM discipline', 'Domain-relevant experience']",1,Ready for Transition
22271,city_100,0.887,Male,No relevent experience,Full time course,Graduate,Other,15,,,3,77,0.5289855072463768,0.5289855072463768,15.0,0.75,0.7,0.385,0.35,58.61,347,83.7,52.9,75.0,70.0,38.5,35.0,Senior Specialist,"['Open to progression', 'Deep seniority (15+ yrs)']",1,Ready for Transition
1647,city_103,0.92,Male,Has relevent experience,no_enrollment,Phd,STEM,>20,5000-9999,NGO,2,23,0.07035175879396985,0.07035175879396985,22.0,1.0,1.0,0.115,1.0,58.61,347,83.7,7.0,100.0,100.0,11.5,100.0,Senior Specialist,"['Deep seniority (22+ yrs)', 'Advanced degree (Phd)', 'STEM discipline', 'Domain-relevant experience']",0,Stable in Role
27952,city_21,0.624,,No relevent experience,no_enrollment,Graduate,STEM,16,100-500,Pvt Ltd,2,12,0.5289855072463768,0.5289855072463768,16.0,0.8,0.7999999999999999,0.06,0.35,58.61,347,83.7,52.9,80.0,80.0,6.0,35.0,Senior Specialist,"['Open to progression', 'Deep seniority (16+ yrs)', 'STEM discipline']",1,Ready for Transition
20640,city_16,0.91,Male,Has relevent experience,no_enrollment,Graduate,STEM,>20,,,1,69,0.11859838274932614,0.11859838274932614,22.0,1.0,0.7999999999999999,0.345,1.0,58.6,350,83.6,11.9,100.0,80.0,34.5,100.0,Senior Specialist,"['Deep seniority (22+ yrs)', 'STEM discipline', 'Domain-relevant experience']",0,Stable in Role
22808,city_21,0.624,Male,Has relevent experience,no_enrollment,Graduate,STEM,2,100-500,,2,264,0.5733333333333334,0.5733333333333334,2.0,0.1,0.7999999999999999,1.0,1.0,58.57,351,83.6,57.3,10.0,80.0,100.0,100.0,Qualified Applicant,"['Open to progression', '2 yrs exp', 'STEM discipline', 'Committed upskiller (264 hrs)']",1,Ready for Transition
16084,city_11,0.55,,Has relevent experience,Full time course,Graduate,STEM,7,50-99,Pvt Ltd,>4,99,0.5384615384615384,0.5384615384615384,7.0,0.35,0.7999999999999999,0.495,1.0,58.55,352,83.5,53.8,35.0,80.0,49.5,100.0,Qualified Applicant,"['Open to progression', '7 yrs exp', 'STEM discipline', 'Committed upskiller (99 hrs)']",1,Ready for Transition
5823,city_67,0.855,,Has relevent experience,no_enrollment,Masters,STEM,14,,,2,36,0.27564102564102566,0.27564102564102566,14.0,0.7,0.98,0.18,1.0,58.55,352,83.5,27.6,70.0,98.0,18.0,100.0,Senior Specialist,"['Mid-to-Senior (14 yrs)', 'Advanced degree (Masters)', 'STEM discipline', 'Domain-relevant experience']",0,Stable in Role
30745,city_19,0.682,Male,Has relevent experience,no_enrollment,Graduate,STEM,8,,,3,80,0.5289855072463768,0.5289855072463768,8.0,0.4,0.7999999999999999,0.4,1.0,58.51,354,83.4,52.9,40.0,80.0,40.0,100.0,Qualified Applicant,"['Open to progression', 'Mid-to-Senior (8 yrs)', 'STEM discipline', 'Committed upskiller (80 hrs)']",1,Ready for Transition
11800,city_25,0.698,Male,Has relevent experience,no_enrollment,Masters,STEM,4,500-999,Pvt Ltd,2,101,0.5384615384615384,0.5384615384615384,4.0,0.2,0.98,0.505,1.0,58.5,355,83.4,53.8,20.0,98.0,50.5,100.0,Qualified Applicant,"['Open to progression', '4 yrs exp', 'Advanced degree (Masters)', 'STEM discipline']",1,Ready for Transition
26446,city_21,0.624,,Has relevent experience,Full time course,Masters,STEM,<1,10/49,Funded Startup,2,15,0.7857142857142857,0.7857142857142857,0.5,0.025,0.98,0.075,1.0,58.48,356,83.3,78.6,2.5,98.0,7.5,100.0,Qualified Applicant,"['High transition readiness (79%)', '0 yrs exp', 'Advanced degree (Masters)', 'STEM discipline']",1,Ready for Transition
17953,city_16,0.91,Male,No relevent experience,no_enrollment,Graduate,STEM,>20,,,1,86,0.27564102564102566,0.27564102564102566,22.0,1.0,0.7999999999999999,0.43,0.35,58.45,357,83.3,27.6,100.0,80.0,43.0,35.0,Senior Specialist,"['Deep seniority (22+ yrs)', 'STEM discipline', 'Committed upskiller (86 hrs)']",0,Stable in Role
19744,city_100,0.887,Male,Has relevent experience,no_enrollment,Masters,STEM,14,100-500,Pvt Ltd,4,144,0.11859838274932614,0.11859838274932614,14.0,0.7,0.98,0.72,1.0,58.45,357,83.3,11.9,70.0,98.0,72.0,100.0,Senior Specialist,"['Mid-to-Senior (14 yrs)', 'Advanced degree (Masters)', 'STEM discipline', 'Committed upskiller (144 hrs)']",0,Stable in Role
5482,city_103,0.92,,Has relevent experience,no_enrollment,Masters,STEM,>20,<10,Early Stage Startup,>4,42,0.049019607843137254,0.049019607843137254,22.0,1.0,0.98,0.21,1.0,58.42,359,83.2,4.9,100.0,98.0,21.0,100.0,Senior Specialist,"['Deep seniority (22+ yrs)', 'Advanced degree (Masters)', 'STEM discipline', 'Domain-relevant experience']",0,Stable in Role
24585,city_21,0.624,,Has relevent experience,no_enrollment,Graduate,STEM,8,100-500,Pvt Ltd,1,55,0.5614035087719298,0.5614035087719298,8.0,0.4,0.7999999999999999,0.275,1.0,58.4,360,83.1,56.1,40.0,80.0,27.5,100.0,Qualified Applicant,"['Open to progression', 'Mid-to-Senior (8 yrs)', 'STEM discipline', 'Domain-relevant experience']",1,Ready for Transition
5624,city_90,0.698,Male,Has relevent experience,no_enrollment,Graduate,STEM,>20,50-99,Pvt Ltd,2,88,0.0847457627118644,0.0847457627118644,22.0,1.0,0.7999999999999999,0.44,1.0,58.37,361,83.0,8.5,100.0,80.0,44.0,100.0,Senior Specialist,"['Deep seniority (22+ yrs)', 'STEM discipline', 'Committed upskiller (88 hrs)', 'Domain-relevant experience']",0,Stable in Role
3562,city_114,0.926,Male,Has relevent experience,no_enrollment,Masters,STEM,>20,1000-4999,Pvt Ltd,2,41,0.049019607843137254,0.049019607843137254,22.0,1.0,0.98,0.205,1.0,58.37,361,83.0,4.9,100.0,98.0,20.5,100.0,Senior Specialist,"['Deep seniority (22+ yrs)', 'Advanced degree (Masters)', 'STEM discipline', 'Domain-relevant experience']",0,Stable in Role
6092,city_150,0.698,Male,Has relevent experience,no_enrollment,Masters,Business Degree,>20,1000-4999,Pvt Ltd,>4,56,0.0847457627118644,0.0847457627118644,22.0,1.0,0.88,0.28,1.0,58.37,361,83.0,8.5,100.0,88.0,28.0,100.0,Senior Specialist,"['Deep seniority (22+ yrs)', 'Advanced degree (Masters)', 'Domain-relevant experience']",0,Stable in Role
30770,city_21,0.624,Male,Has relevent experience,no_enrollment,Graduate,STEM,9,50-99,Pvt Ltd,1,20,0.5733333333333334,0.5733333333333334,9.0,0.45,0.7999999999999999,0.1,1.0,58.32,364,82.9,57.3,45.0,80.0,10.0,100.0,Qualified Applicant,"['Open to progression', 'Mid-to-Senior (9 yrs)', 'STEM discipline', 'Domain-relevant experience']",1,Ready for Transition
22099,city_103,0.92,,Has relevent experience,no_enrollment,Masters,STEM,>20,1000-4999,Public Sector,>4,15,0.0847457627118644,0.0847457627118644,22.0,1.0,0.98,0.075,1.0,58.32,364,82.9,8.5,100.0,98.0,7.5,100.0,Senior Specialist,"['Deep seniority (22+ yrs)', 'Advanced degree (Masters)', 'STEM discipline', 'Domain-relevant experience']",0,Stable in Role
24317,city_21,0.624,Male,Has relevent experience,no_enrollment,Graduate,STEM,9,,,2,12,0.5838509316770185,0.5838509316770185,9.0,0.45,0.7999999999999999,0.06,1.0,58.28,366,82.9,58.4,45.0,80.0,6.0,100.0,Qualified Applicant,"['Open to progression', 'Mid-to-Senior (9 yrs)', 'STEM discipline', 'Domain-relevant experience']",1,Ready for Transition
31284,city_16,0.91,Male,Has relevent experience,Full time course,Masters,STEM,>20,10000+,Pvt Ltd,1,39,0.049019607843137254,0.049019607843137254,22.0,1.0,0.98,0.195,1.0,58.27,367,82.8,4.9,100.0,98.0,19.5,100.0,Senior Specialist,"['Deep seniority (22+ yrs)', 'Advanced degree (Masters)', 'STEM discipline', 'Domain-relevant experience']",0,Stable in Role
19171,city_103,0.92,Male,Has relevent experience,no_enrollment,Graduate,STEM,>20,10000+,Pvt Ltd,>4,62,0.11859838274932614,0.11859838274932614,22.0,1.0,0.7999999999999999,0.31,1.0,58.25,368,82.8,11.9,100.0,80.0,31.0,100.0,Senior Specialist,"['Deep seniority (22+ yrs)', 'STEM discipline', 'Domain-relevant experience']",0,Stable in Role
2606,city_158,0.7659999999999999,Male,No relevent experience,Full time course,Graduate,STEM,10,,,never,99,0.6077348066298343,0.6077348066298343,10.0,0.5,0.7999999999999999,0.495,0.35,58.22,369,82.7,60.8,50.0,80.0,49.5,35.0,Qualified Applicant,"['Open to progression', 'Mid-to-Senior (10 yrs)', 'STEM discipline', 'Committed upskiller (99 hrs)']",1,Ready for Transition
8367,city_104,0.924,Male,Has relevent experience,no_enrollment,Graduate,STEM,>20,,,>4,110,0.049019607843137254,0.049019607843137254,22.0,1.0,0.7999999999999999,0.55,1.0,58.22,369,82.7,4.9,100.0,80.0,55.0,100.0,Senior Specialist,"['Deep seniority (22+ yrs)', 'STEM discipline', 'Committed upskiller (110 hrs)', 'Domain-relevant experience']",0,Stable in Role
30921,city_103,0.92,Male,Has relevent experience,no_enrollment,Graduate,Arts,18,<10,Early Stage Startup,4,206,0.049019607843137254,0.049019607843137254,18.0,0.9,0.7,1.0,1.0,58.22,369,82.7,4.9,90.0,70.0,100.0,100.0,Senior Specialist,"['Deep seniority (18+ yrs)', 'Committed upskiller (206 hrs)', 'Domain-relevant experience']",0,Stable in Role
4343,city_103,0.92,,Has relevent experience,no_enrollment,Graduate,STEM,>20,10000+,Pvt Ltd,>4,61,0.11859838274932614,0.11859838274932614,22.0,1.0,0.7999999999999999,0.305,1.0,58.2,372,82.6,11.9,100.0,80.0,30.5,100.0,Senior Specialist,"['Deep seniority (22+ yrs)', 'STEM discipline', 'Domain-relevant experience']",0,Stable in Role
14281,city_103,0.92,Male,Has relevent experience,no_enrollment,Masters,STEM,16,50-99,Funded Startup,4,146,0.037037037037037035,0.037037037037037035,16.0,0.8,0.98,0.73,1.0,58.2,372,82.6,3.7,80.0,98.0,73.0,100.0,Senior Specialist,"['Deep seniority (16+ yrs)', 'Advanced degree (Masters)', 'STEM discipline', 'Committed upskiller (146 hrs)']",0,Stable in Role
20361,city_21,0.624,Female,Has relevent experience,no_enrollment,Masters,STEM,6,50-99,Pvt Ltd,1,13,0.5838509316770185,0.5838509316770185,6.0,0.3,0.98,0.065,1.0,58.18,374,82.5,58.4,30.0,98.0,6.5,100.0,Qualified Applicant,"['Open to progression', '6 yrs exp', 'Advanced degree (Masters)', 'STEM discipline']",1,Ready for Transition
7508,city_103,0.92,Male,Has relevent experience,no_enrollment,Graduate,STEM,>20,1000-4999,Public Sector,4,84,0.0847457627118644,0.0847457627118644,22.0,1.0,0.7999999999999999,0.42,1.0,58.17,375,82.4,8.5,100.0,80.0,42.0,100.0,Senior Specialist,"['Deep seniority (22+ yrs)', 'STEM discipline', 'Committed upskiller (84 hrs)', 'Domain-relevant experience']",0,Stable in Role
5484,city_102,0.804,Male,Has relevent experience,no_enrollment,Masters,STEM,>20,1000-4999,Pvt Ltd,3,12,0.0847457627118644,0.0847457627118644,22.0,1.0,0.98,0.06,1.0,58.17,375,82.4,8.5,100.0,98.0,6.0,100.0,Senior Specialist,"['Deep seniority (22+ yrs)', 'Advanced degree (Masters)', 'STEM discipline', 'Domain-relevant experience']",0,Stable in Role
770,city_73,0.754,Male,Has relevent experience,no_enrollment,Masters,STEM,>20,50-99,Pvt Ltd,1,12,0.0847457627118644,0.0847457627118644,22.0,1.0,0.98,0.06,1.0,58.17,375,82.4,8.5,100.0,98.0,6.0,100.0,Senior Specialist,"['Deep seniority (22+ yrs)', 'Advanced degree (Masters)', 'STEM discipline', 'Domain-relevant experience']",0,Stable in Role
22964,city_114,0.926,,Has relevent experience,no_enrollment,Masters,STEM,>20,50-99,Pvt Ltd,never,37,0.049019607843137254,0.049019607843137254,22.0,1.0,0.98,0.185,1.0,58.17,375,82.4,4.9,100.0,98.0,18.5,100.0,Senior Specialist,"['Deep seniority (22+ yrs)', 'Advanced degree (Masters)', 'STEM discipline', 'Domain-relevant experience']",0,Stable in Role
19641,city_16,0.91,Male,Has relevent experience,no_enrollment,Graduate,STEM,>20,,,never,60,0.11859838274932614,0.11859838274932614,22.0,1.0,0.7999999999999999,0.3,1.0,58.15,379,82.2,11.9,100.0,80.0,30.0,100.0,Senior Specialist,"['Deep seniority (22+ yrs)', 'STEM discipline', 'Domain-relevant experience']",0,Stable in Role
14529,city_16,0.91,Male,No relevent experience,no_enrollment,Phd,STEM,>20,1000-4999,Pvt Ltd,1,110,0.11859838274932614,0.11859838274932614,22.0,1.0,1.0,0.55,0.35,58.15,379,82.2,11.9,100.0,100.0,55.0,35.0,Senior Specialist,"['Deep seniority (22+ yrs)', 'Advanced degree (Phd)', 'STEM discipline', 'Committed upskiller (110 hrs)']",0,Stable in Role
24612,city_160,0.92,Male,Has relevent experience,no_enrollment,Masters,STEM,>20,<10,Pvt Ltd,2,36,0.049019607843137254,0.049019607843137254,22.0,1.0,0.98,0.18,1.0,58.12,381,82.1,4.9,100.0,98.0,18.0,100.0,Senior Specialist,"['Deep seniority (22+ yrs)', 'Advanced degree (Masters)', 'STEM discipline', 'Domain-relevant experience']",0,Stable in Role
16193,city_103,0.92,,Has relevent experience,no_enrollment,Phd,STEM,>20,5000-9999,Pvt Ltd,>4,28,0.049019607843137254,0.049019607843137254,22.0,1.0,1.0,0.14,1.0,58.12,381,82.1,4.9,100.0,100.0,14.0,100.0,Senior Specialist,"['Deep seniority (22+ yrs)', 'Advanced degree (Phd)', 'STEM discipline', 'Domain-relevant experience']",0,Stable in Role
27143,city_2,0.7879999999999999,Male,Has relevent experience,Full time course,Masters,STEM,7,,,3,25,0.5289855072463768,0.5289855072463768,7.0,0.35,0.98,0.125,1.0,58.11,383,82.0,52.9,35.0,98.0,12.5,100.0,Qualified Applicant,"['Open to progression', '7 yrs exp', 'Advanced degree (Masters)', 'STEM discipline']",1,Ready for Transition
25051,city_103,0.92,Male,No relevent experience,Full time course,Graduate,STEM,9,,,4,107,0.6287878787878788,0.6287878787878788,9.0,0.45,0.7999999999999999,0.535,0.35,58.11,383,82.0,62.9,45.0,80.0,53.5,35.0,Qualified Applicant,"['Open to progression', 'Mid-to-Senior (9 yrs)', 'STEM discipline', 'Committed upskiller (107 hrs)']",1,Ready for Transition
4234,city_103,0.92,Male,Has relevent experience,no_enrollment,Graduate,STEM,19,10000+,Pvt Ltd,1,118,0.07035175879396985,0.07035175879396985,19.0,0.95,0.7999999999999999,0.59,1.0,58.11,383,82.0,7.0,95.0,80.0,59.0,100.0,Senior Specialist,"['Deep seniority (19+ yrs)', 'STEM discipline', 'Committed upskiller (118 hrs)', 'Domain-relevant experience']",0,Stable in Role
4504,city_74,0.579,Male,Has relevent experience,no_enrollment,Graduate,STEM,5,<10,Pvt Ltd,1,140,0.5384615384615384,0.5384615384615384,5.0,0.25,0.7999999999999999,0.7,1.0,58.1,386,81.9,53.8,25.0,80.0,70.0,100.0,Qualified Applicant,"['Open to progression', '5 yrs exp', 'STEM discipline', 'Committed upskiller (140 hrs)']",1,Ready for Transition
32320,city_160,0.92,Male,Has relevent experience,no_enrollment,Graduate,STEM,17,10/49,Public Sector,1,182,0.049019607843137254,0.049019607843137254,17.0,0.85,0.7999999999999999,0.91,1.0,58.07,387,81.9,4.9,85.0,80.0,91.0,100.0,Senior Specialist,"['Deep seniority (17+ yrs)', 'STEM discipline', 'Committed upskiller (182 hrs)', 'Domain-relevant experience']",0,Stable in Role
32057,city_116,0.743,,Has relevent experience,no_enrollment,Masters,STEM,14,,,1,26,0.27564102564102566,0.27564102564102566,14.0,0.7,0.98,0.13,1.0,58.05,388,81.8,27.6,70.0,98.0,13.0,100.0,Senior Specialist,"['Mid-to-Senior (14 yrs)', 'Advanced degree (Masters)', 'STEM discipline', 'Domain-relevant experience']",0,Stable in Role
22118,city_103,0.92,,Has relevent experience,no_enrollment,Graduate,STEM,6,,,2,82,0.5838509316770185,0.5838509316770185,6.0,0.3,0.7999999999999999,0.41,1.0,58.03,389,81.8,58.4,30.0,80.0,41.0,100.0,Qualified Applicant,"['Open to progression', '6 yrs exp', 'STEM discipline', 'Committed upskiller (82 hrs)']",1,Ready for Transition
12835,city_136,0.897,Male,Has relevent experience,no_enrollment,Masters,STEM,>20,<10,Early Stage Startup,1,9,0.0847457627118644,0.0847457627118644,22.0,1.0,0.98,0.045,1.0,58.02,390,81.7,8.5,100.0,98.0,4.5,100.0,Senior Specialist,"['Deep seniority (22+ yrs)', 'Advanced degree (Masters)', 'STEM discipline', 'Domain-relevant experience']",0,Stable in Role
26138,city_45,0.89,,Has relevent experience,no_enrollment,Graduate,STEM,15,,,2,72,0.27564102564102566,0.27564102564102566,15.0,0.75,0.7999999999999999,0.36,1.0,58.0,391,81.7,27.6,75.0,80.0,36.0,100.0,Senior Specialist,"['Deep seniority (15+ yrs)', 'STEM discipline', 'Domain-relevant experience']",0,Stable in Role
23647,city_103,0.92,Male,Has relevent experience,no_enrollment,Graduate,STEM,>20,1000-4999,Pvt Ltd,never,105,0.049019607843137254,0.049019607843137254,22.0,1.0,0.7999999999999999,0.525,1.0,57.97,392,81.6,4.9,100.0,80.0,52.5,100.0,Senior Specialist,"['Deep seniority (22+ yrs)', 'STEM discipline', 'Committed upskiller (105 hrs)', 'Domain-relevant experience']",0,Stable in Role
17066,city_114,0.926,Male,Has relevent experience,no_enrollment,Masters,STEM,19,50-99,Pvt Ltd,2,58,0.049019607843137254,0.049019607843137254,19.0,0.95,0.98,0.29,1.0,57.97,392,81.6,4.9,95.0,98.0,29.0,100.0,Senior Specialist,"['Deep seniority (19+ yrs)', 'Advanced degree (Masters)', 'STEM discipline', 'Domain-relevant experience']",0,Stable in Role
27787,city_160,0.92,Male,Has relevent experience,no_enrollment,Graduate,STEM,>20,100-500,Pvt Ltd,2,90,0.07035175879396985,0.07035175879396985,22.0,1.0,0.7999999999999999,0.45,1.0,57.96,394,81.5,7.0,100.0,80.0,45.0,100.0,Senior Specialist,"['Deep seniority (22+ yrs)', 'STEM discipline', 'Committed upskiller (90 hrs)', 'Domain-relevant experience']",0,Stable in Role
24544,city_114,0.926,Male,Has relevent experience,no_enrollment,Masters,STEM,>20,50-99,Pvt Ltd,>4,18,0.07035175879396985,0.07035175879396985,22.0,1.0,0.98,0.09,1.0,57.96,394,81.5,7.0,100.0,98.0,9.0,100.0,Senior Specialist,"['Deep seniority (22+ yrs)', 'Advanced degree (Masters)', 'STEM discipline', 'Domain-relevant experience']",0,Stable in Role
16458,city_21,0.624,Male,Has relevent experience,Full time course,Graduate,STEM,5,10/49,Public Sector,4,74,0.6287878787878788,0.6287878787878788,5.0,0.25,0.7999999999999999,0.37,1.0,57.96,394,81.5,62.9,25.0,80.0,37.0,100.0,Qualified Applicant,"['Open to progression', '5 yrs exp', 'STEM discipline', 'Domain-relevant experience']",1,Ready for Transition
3264,city_103,0.92,Male,Has relevent experience,no_enrollment,Graduate,STEM,>20,10000+,Pvt Ltd,2,90,0.07035175879396985,0.07035175879396985,22.0,1.0,0.7999999999999999,0.45,1.0,57.96,394,81.5,7.0,100.0,80.0,45.0,100.0,Senior Specialist,"['Deep seniority (22+ yrs)', 'STEM discipline', 'Committed upskiller (90 hrs)', 'Domain-relevant experience']",0,Stable in Role
24026,city_74,0.579,,Has relevent experience,no_enrollment,Graduate,STEM,6,10/49,Pvt Ltd,1,87,0.5733333333333334,0.5733333333333334,6.0,0.3,0.7999999999999999,0.435,1.0,57.92,398,81.3,57.3,30.0,80.0,43.5,100.0,Qualified Applicant,"['Open to progression', '6 yrs exp', 'STEM discipline', 'Committed upskiller (87 hrs)']",1,Ready for Transition
14620,city_16,0.91,Male,Has relevent experience,no_enrollment,Masters,STEM,>20,100-500,Pvt Ltd,>4,7,0.0847457627118644,0.0847457627118644,22.0,1.0,0.98,0.035,1.0,57.92,398,81.3,8.5,100.0,98.0,3.5,100.0,Senior Specialist,"['Deep seniority (22+ yrs)', 'Advanced degree (Masters)', 'STEM discipline', 'Domain-relevant experience']",0,Stable in Role
28864,city_103,0.92,Male,Has relevent experience,no_enrollment,Graduate,STEM,>20,,Pvt Ltd,4,83,0.07894736842105263,0.07894736842105263,22.0,1.0,0.7999999999999999,0.415,1.0,57.91,400,81.3,7.9,100.0,80.0,41.5,100.0,Senior Specialist,"['Deep seniority (22+ yrs)', 'STEM discipline', 'Committed upskiller (83 hrs)', 'Domain-relevant experience']",0,Stable in Role
15305,city_73,0.754,Female,No relevent experience,Part time course,Graduate,STEM,7,,,1,206,0.5614035087719298,0.5614035087719298,7.0,0.35,0.7999999999999999,1.0,0.35,57.9,401,81.2,56.1,35.0,80.0,100.0,35.0,Qualified Applicant,"['Open to progression', '7 yrs exp', 'STEM discipline', 'Committed upskiller (206 hrs)']",1,Ready for Transition
6465,city_136,0.897,Male,Has relevent experience,no_enrollment,Masters,STEM,19,50-99,Pvt Ltd,2,56,0.049019607843137254,0.049019607843137254,19.0,0.95,0.98,0.28,1.0,57.87,402,81.2,4.9,95.0,98.0,28.0,100.0,Senior Specialist,"['Deep seniority (19+ yrs)', 'Advanced degree (Masters)', 'STEM discipline', 'Domain-relevant experience']",0,Stable in Role
18369,city_21,0.624,,No relevent experience,no_enrollment,Masters,STEM,11,<10,Public Sector,2,50,0.5289855072463768,0.5289855072463768,11.0,0.55,0.98,0.25,0.35,57.86,403,81.1,52.9,55.0,98.0,25.0,35.0,Qualified Applicant,"['Open to progression', 'Mid-to-Senior (11 yrs)', 'Advanced degree (Masters)', 'STEM discipline']",1,Ready for Transition
22700,city_21,0.624,Male,Has relevent experience,Full time course,Graduate,STEM,8,100-500,Funded Startup,1,43,0.5614035087719298,0.5614035087719298,8.0,0.4,0.7999999999999999,0.215,1.0,57.8,404,81.1,56.1,40.0,80.0,21.5,100.0,Qualified Applicant,"['Open to progression', 'Mid-to-Senior (8 yrs)', 'STEM discipline', 'Domain-relevant experience']",1,Ready for Transition
22881,city_103,0.92,Male,Has relevent experience,no_enrollment,Graduate,STEM,>20,500-999,,1,16,0.17117117117117117,0.17117117117117117,22.0,1.0,0.7999999999999999,0.08,1.0,57.79,405,81.0,17.1,100.0,80.0,8.0,100.0,Senior Specialist,"['Deep seniority (22+ yrs)', 'STEM discipline', 'Domain-relevant experience']",0,Stable in Role
22814,city_103,0.92,Male,Has relevent experience,no_enrollment,Graduate,STEM,>20,10/49,Public Sector,>4,101,0.049019607843137254,0.049019607843137254,22.0,1.0,0.7999999999999999,0.505,1.0,57.77,406,80.9,4.9,100.0,80.0,50.5,100.0,Senior Specialist,"['Deep seniority (22+ yrs)', 'STEM discipline', 'Committed upskiller (101 hrs)', 'Domain-relevant experience']",0,Stable in Role
26417,city_16,0.91,Male,Has relevent experience,no_enrollment,Masters,STEM,>20,10000+,Pvt Ltd,1,29,0.049019607843137254,0.049019607843137254,22.0,1.0,0.98,0.145,1.0,57.77,406,80.9,4.9,100.0,98.0,14.5,100.0,Senior Specialist,"['Deep seniority (22+ yrs)', 'Advanced degree (Masters)', 'STEM discipline', 'Domain-relevant experience']",0,Stable in Role
23235,city_103,0.92,Male,Has relevent experience,no_enrollment,Phd,STEM,>20,<10,Public Sector,>4,21,0.049019607843137254,0.049019607843137254,22.0,1.0,1.0,0.105,1.0,57.77,406,80.9,4.9,100.0,100.0,10.5,100.0,Senior Specialist,"['Deep seniority (22+ yrs)', 'Advanced degree (Phd)', 'STEM discipline', 'Domain-relevant experience']",0,Stable in Role
27002,city_21,0.624,Male,Has relevent experience,Full time course,Graduate,STEM,7,50-99,Pvt Ltd,>4,58,0.5733333333333334,0.5733333333333334,7.0,0.35,0.7999999999999999,0.29,1.0,57.72,409,80.8,57.3,35.0,80.0,29.0,100.0,Qualified Applicant,"['Open to progression', '7 yrs exp', 'STEM discipline', 'Domain-relevant experience']",1,Ready for Transition
1361,city_103,0.92,Other,Has relevent experience,Full time course,Graduate,STEM,5,,,1,132,0.5384615384615384,0.5384615384615384,5.0,0.25,0.7999999999999999,0.66,1.0,57.7,410,80.8,53.8,25.0,80.0,66.0,100.0,Qualified Applicant,"['Open to progression', '5 yrs exp', 'STEM discipline', 'Committed upskiller (132 hrs)']",1,Ready for Transition
31232,city_21,0.624,Female,Has relevent experience,no_enrollment,Graduate,STEM,3,50-99,Pvt Ltd,2,150,0.5838509316770185,0.5838509316770185,3.0,0.15,0.7999999999999999,0.75,1.0,57.68,411,80.7,58.4,15.0,80.0,75.0,100.0,Qualified Applicant,"['Open to progression', '3 yrs exp', 'STEM discipline', 'Committed upskiller (150 hrs)']",1,Ready for Transition
6831,city_128,0.527,Male,Has relevent experience,no_enrollment,Graduate,STEM,9,50-99,Pvt Ltd,>4,38,0.5289855072463768,0.5289855072463768,9.0,0.45,0.7999999999999999,0.19,1.0,57.66,412,80.7,52.9,45.0,80.0,19.0,100.0,Qualified Applicant,"['Open to progression', 'Mid-to-Senior (9 yrs)', 'STEM discipline', 'Domain-relevant experience']",1,Ready for Transition
11113,city_134,0.698,,Has relevent experience,no_enrollment,Masters,STEM,16,,Pvt Ltd,1,78,0.11859838274932614,0.11859838274932614,16.0,0.8,0.98,0.39,1.0,57.65,413,80.6,11.9,80.0,98.0,39.0,100.0,Senior Specialist,"['Deep seniority (16+ yrs)', 'Advanced degree (Masters)', 'STEM discipline', 'Domain-relevant experience']",0,Stable in Role
675,city_103,0.92,,Has relevent experience,Full time course,Graduate,STEM,>20,,Pvt Ltd,>4,50,0.11859838274932614,0.11859838274932614,22.0,1.0,0.7999999999999999,0.25,1.0,57.65,413,80.6,11.9,100.0,80.0,25.0,100.0,Senior Specialist,"['Deep seniority (22+ yrs)', 'STEM discipline', 'Domain-relevant experience']",0,Stable in Role
18560,city_173,0.878,,Has relevent experience,no_enrollment,Masters,STEM,20,1000-4999,Pvt Ltd,,26,0.049019607843137254,0.049019607843137254,20.0,1.0,0.98,0.13,1.0,57.62,415,80.5,4.9,100.0,98.0,13.0,100.0,Senior Specialist,"['Deep seniority (20+ yrs)', 'Advanced degree (Masters)', 'STEM discipline', 'Domain-relevant experience']",0,Stable in Role
32353,city_75,0.939,Male,Has relevent experience,no_enrollment,Graduate,STEM,>20,,,1,73,0.0847457627118644,0.0847457627118644,22.0,1.0,0.7999999999999999,0.365,1.0,57.62,415,80.5,8.5,100.0,80.0,36.5,100.0,Senior Specialist,"['Deep seniority (22+ yrs)', 'STEM discipline', 'Domain-relevant experience']",0,Stable in Role
4838,city_103,0.92,,Has relevent experience,no_enrollment,Graduate,STEM,5,,,>4,106,0.5733333333333334,0.5733333333333334,5.0,0.25,0.7999999999999999,0.53,1.0,57.62,415,80.5,57.3,25.0,80.0,53.0,100.0,Qualified Applicant,"['Open to progression', '5 yrs exp', 'STEM discipline', 'Committed upskiller (106 hrs)']",1,Ready for Transition
27724,city_103,0.92,Male,Has relevent experience,no_enrollment,Graduate,STEM,>20,10000+,Pvt Ltd,>4,72,0.0847457627118644,0.0847457627118644,22.0,1.0,0.7999999999999999,0.36,1.0,57.57,418,80.4,8.5,100.0,80.0,36.0,100.0,Senior Specialist,"['Deep seniority (22+ yrs)', 'STEM discipline', 'Domain-relevant experience']",0,Stable in Role
15441,city_114,0.926,Male,Has relevent experience,no_enrollment,Graduate,STEM,18,50-99,Pvt Ltd,1,146,0.049019607843137254,0.049019607843137254,18.0,0.9,0.7999999999999999,0.73,1.0,57.52,419,80.3,4.9,90.0,80.0,73.0,100.0,Senior Specialist,"['Deep seniority (18+ yrs)', 'STEM discipline', 'Committed upskiller (146 hrs)', 'Domain-relevant experience']",0,Stable in Role
17205,city_114,0.926,Female,Has relevent experience,no_enrollment,Masters,STEM,>20,,,never,24,0.049019607843137254,0.049019607843137254,22.0,1.0,0.98,0.12,1.0,57.52,419,80.3,4.9,100.0,98.0,12.0,100.0,Senior Specialist,"['Deep seniority (22+ yrs)', 'Advanced degree (Masters)', 'STEM discipline', 'Domain-relevant experience']",0,Stable in Role
2926,city_114,0.926,Male,No relevent experience,no_enrollment,Masters,STEM,>20,,,1,128,0.0847457627118644,0.0847457627118644,22.0,1.0,0.98,0.64,0.35,57.47,421,80.3,8.5,100.0,98.0,64.0,35.0,Senior Specialist,"['Deep seniority (22+ yrs)', 'Advanced degree (Masters)', 'STEM discipline', 'Committed upskiller (128 hrs)']",0,Stable in Role
21962,city_16,0.91,Male,Has relevent experience,no_enrollment,Graduate,STEM,>20,,,>4,46,0.11859838274932614,0.11859838274932614,22.0,1.0,0.7999999999999999,0.23,1.0,57.45,422,80.2,11.9,100.0,80.0,23.0,100.0,Senior Specialist,"['Deep seniority (22+ yrs)', 'STEM discipline', 'Domain-relevant experience']",0,Stable in Role
8184,city_21,0.624,Male,Has relevent experience,no_enrollment,Graduate,STEM,5,50-99,Pvt Ltd,1,127,0.5384615384615384,0.5384615384615384,5.0,0.25,0.7999999999999999,0.635,1.0,57.45,422,80.2,53.8,25.0,80.0,63.5,100.0,Qualified Applicant,"['Open to progression', '5 yrs exp', 'STEM discipline', 'Committed upskiller (127 hrs)']",1,Ready for Transition
30158,city_136,0.897,Male,Has relevent experience,no_enrollment,Masters,STEM,>20,1000-4999,Pvt Ltd,never,22,0.049019607843137254,0.049019607843137254,22.0,1.0,0.98,0.11,1.0,57.42,424,80.1,4.9,100.0,98.0,11.0,100.0,Senior Specialist,"['Deep seniority (22+ yrs)', 'Advanced degree (Masters)', 'STEM discipline', 'Domain-relevant experience']",0,Stable in Role
18979,city_114,0.926,,Has relevent experience,no_enrollment,Masters,STEM,14,50-99,Pvt Ltd,1,172,0.049019607843137254,0.049019607843137254,14.0,0.7,0.98,0.86,1.0,57.42,424,80.1,4.9,70.0,98.0,86.0,100.0,Senior Specialist,"['Mid-to-Senior (14 yrs)', 'Advanced degree (Masters)', 'STEM discipline', 'Committed upskiller (172 hrs)']",0,Stable in Role
8349,city_116,0.743,Male,Has relevent experience,no_enrollment,Masters,STEM,18,1000-4999,Pvt Ltd,4,72,0.049019607843137254,0.049019607843137254,18.0,0.9,0.98,0.36,1.0,57.42,424,80.1,4.9,90.0,98.0,36.0,100.0,Senior Specialist,"['Deep seniority (18+ yrs)', 'Advanced degree (Masters)', 'STEM discipline', 'Domain-relevant experience']",0,Stable in Role
12756,city_136,0.897,Male,Has relevent experience,no_enrollment,Masters,STEM,>20,100-500,Pvt Ltd,4,21,0.049019607843137254,0.049019607843137254,22.0,1.0,0.98,0.105,1.0,57.37,427,80.0,4.9,100.0,98.0,10.5,100.0,Senior Specialist,"['Deep seniority (22+ yrs)', 'Advanced degree (Masters)', 'STEM discipline', 'Domain-relevant experience']",0,Stable in Role
12340,city_114,0.926,Male,Has relevent experience,no_enrollment,Masters,STEM,>20,50-99,Funded Startup,2,21,0.049019607843137254,0.049019607843137254,22.0,1.0,0.98,0.105,1.0,57.37,427,80.0,4.9,100.0,98.0,10.5,100.0,Senior Specialist,"['Deep seniority (22+ yrs)', 'Advanced degree (Masters)', 'STEM discipline', 'Domain-relevant experience']",0,Stable in Role
5171,city_101,0.5579999999999999,Male,Has relevent experience,no_enrollment,Graduate,STEM,5,,,1,132,0.5289855072463768,0.5289855072463768,5.0,0.25,0.7999999999999999,0.66,1.0,57.36,429,79.9,52.9,25.0,80.0,66.0,100.0,Qualified Applicant,"['Open to progression', '5 yrs exp', 'STEM discipline', 'Committed upskiller (132 hrs)']",1,Ready for Transition
29341,city_100,0.887,Female,Has relevent experience,no_enrollment,Graduate,STEM,17,100-500,Pvt Ltd,>4,9,0.27564102564102566,0.27564102564102566,17.0,0.85,0.7999999999999999,0.045,1.0,57.35,430,79.8,27.6,85.0,80.0,4.5,100.0,Senior Specialist,"['Deep seniority (17+ yrs)', 'STEM discipline', 'Domain-relevant experience']",0,Stable in Role
17189,city_21,0.624,Male,Has relevent experience,no_enrollment,Graduate,STEM,7,10000+,Pvt Ltd,4,43,0.5838509316770185,0.5838509316770185,7.0,0.35,0.7999999999999999,0.215,1.0,57.33,431,79.8,58.4,35.0,80.0,21.5,100.0,Qualified Applicant,"['Open to progression', '7 yrs exp', 'STEM discipline', 'Domain-relevant experience']",1,Ready for Transition
18260,city_159,0.843,Male,Has relevent experience,no_enrollment,Graduate,STEM,10,,,2,6,0.5289855072463768,0.5289855072463768,10.0,0.5,0.7999999999999999,0.03,1.0,57.31,432,79.8,52.9,50.0,80.0,3.0,100.0,Qualified Applicant,"['Open to progression', 'Mid-to-Senior (10 yrs)', 'STEM discipline', 'Domain-relevant experience']",1,Ready for Transition
30777,city_103,0.92,Male,Has relevent experience,no_enrollment,Graduate,STEM,>20,10000+,Pvt Ltd,>4,6,0.17117117117117117,0.17117117117117117,22.0,1.0,0.7999999999999999,0.03,1.0,57.29,433,79.7,17.1,100.0,80.0,3.0,100.0,Senior Specialist,"['Deep seniority (22+ yrs)', 'STEM discipline', 'Domain-relevant experience']",0,Stable in Role
3617,city_16,0.91,,Has relevent experience,no_enrollment,Graduate,STEM,>20,50-99,Public Sector,3,66,0.0847457627118644,0.0847457627118644,22.0,1.0,0.7999999999999999,0.33,1.0,57.27,434,79.7,8.5,100.0,80.0,33.0,100.0,Senior Specialist,"['Deep seniority (22+ yrs)', 'STEM discipline', 'Domain-relevant experience']",0,Stable in Role
9837,city_61,0.913,Male,Has relevent experience,no_enrollment,Graduate,STEM,>20,,,1,42,0.11859838274932614,0.11859838274932614,22.0,1.0,0.7999999999999999,0.21,1.0,57.25,435,79.6,11.9,100.0,80.0,21.0,100.0,Senior Specialist,"['Deep seniority (22+ yrs)', 'STEM discipline', 'Domain-relevant experience']",0,Stable in Role
2583,city_16,0.91,,Has relevent experience,no_enrollment,Masters,STEM,>20,100-500,Pvt Ltd,,18,0.049019607843137254,0.049019607843137254,22.0,1.0,0.98,0.09,1.0,57.22,436,79.5,4.9,100.0,98.0,9.0,100.0,Senior Specialist,"['Deep seniority (22+ yrs)', 'Advanced degree (Masters)', 'STEM discipline', 'Domain-relevant experience']",0,Stable in Role
28610,city_16,0.91,Male,Has relevent experience,no_enrollment,Masters,STEM,>20,50-99,Pvt Ltd,>4,18,0.049019607843137254,0.049019607843137254,22.0,1.0,0.98,0.09,1.0,57.22,436,79.5,4.9,100.0,98.0,9.0,100.0,Senior Specialist,"['Deep seniority (22+ yrs)', 'Advanced degree (Masters)', 'STEM discipline', 'Domain-relevant experience']",0,Stable in Role
14687,city_114,0.926,Male,Has relevent experience,no_enrollment,Masters,STEM,>20,100-500,Pvt Ltd,1,18,0.049019607843137254,0.049019607843137254,22.0,1.0,0.98,0.09,1.0,57.22,436,79.5,4.9,100.0,98.0,9.0,100.0,Senior Specialist,"['Deep seniority (22+ yrs)', 'Advanced degree (Masters)', 'STEM discipline', 'Domain-relevant experience']",0,Stable in Role
4063,city_16,0.91,Other,No relevent experience,no_enrollment,Masters,STEM,>20,500-999,Other,>4,148,0.049019607843137254,0.049019607843137254,22.0,1.0,0.98,0.74,0.35,57.22,436,79.5,4.9,100.0,98.0,74.0,35.0,Senior Specialist,"['Deep seniority (22+ yrs)', 'Advanced degree (Masters)', 'STEM discipline', 'Committed upskiller (148 hrs)']",0,Stable in Role
18648,city_114,0.926,Male,Has relevent experience,no_enrollment,Masters,STEM,>20,500-999,Pvt Ltd,1,17,0.049019607843137254,0.049019607843137254,22.0,1.0,0.98,0.085,1.0,57.17,440,79.4,4.9,100.0,98.0,8.5,100.0,Senior Specialist,"['Deep seniority (22+ yrs)', 'Advanced degree (Masters)', 'STEM discipline', 'Domain-relevant experience']",0,Stable in Role
11929,city_103,0.92,Male,Has relevent experience,no_enrollment,Graduate,STEM,>20,10000+,Pvt Ltd,2,68,0.07894736842105263,0.07894736842105263,22.0,1.0,0.7999999999999999,0.34,1.0,57.16,441,79.3,7.9,100.0,80.0,34.0,100.0,Senior Specialist,"['Deep seniority (22+ yrs)', 'STEM discipline', 'Domain-relevant experience']",0,Stable in Role
13259,city_103,0.92,Male,Has relevent experience,no_enrollment,Graduate,STEM,>20,1000-4999,Pvt Ltd,1,88,0.049019607843137254,0.049019607843137254,22.0,1.0,0.7999999999999999,0.44,1.0,57.12,442,79.3,4.9,100.0,80.0,44.0,100.0,Senior Specialist,"['Deep seniority (22+ yrs)', 'STEM discipline', 'Committed upskiller (88 hrs)', 'Domain-relevant experience']",0,Stable in Role
22556,city_21,0.624,Male,Has relevent experience,Full time course,Graduate,STEM,5,10/49,Funded Startup,1,120,0.5384615384615384,0.5384615384615384,5.0,0.25,0.7999999999999999,0.6,1.0,57.1,443,79.2,53.8,25.0,80.0,60.0,100.0,Qualified Applicant,"['Open to progression', '5 yrs exp', 'STEM discipline', 'Committed upskiller (120 hrs)']",1,Ready for Transition
8411,city_103,0.92,Male,Has relevent experience,no_enrollment,Graduate,STEM,>20,100-500,Public Sector,2,39,0.11859838274932614,0.11859838274932614,22.0,1.0,0.7999999999999999,0.195,1.0,57.1,443,79.2,11.9,100.0,80.0,19.5,100.0,Senior Specialist,"['Deep seniority (22+ yrs)', 'STEM discipline', 'Domain-relevant experience']",0,Stable in Role
3291,city_103,0.92,Male,Has relevent experience,no_enrollment,Graduate,STEM,>20,100-500,Pvt Ltd,>4,62,0.0847457627118644,0.0847457627118644,22.0,1.0,0.7999999999999999,0.31,1.0,57.07,445,79.1,8.5,100.0,80.0,31.0,100.0,Senior Specialist,"['Deep seniority (22+ yrs)', 'STEM discipline', 'Domain-relevant experience']",0,Stable in Role
15380,city_21,0.624,Male,Has relevent experience,no_enrollment,Graduate,STEM,5,500-999,Pvt Ltd,4,71,0.6077348066298343,0.6077348066298343,5.0,0.25,0.7999999999999999,0.355,1.0,57.07,445,79.1,60.8,25.0,80.0,35.5,100.0,Qualified Applicant,"['Open to progression', '5 yrs exp', 'STEM discipline', 'Domain-relevant experience']",1,Ready for Transition
25679,city_40,0.7759999999999999,Male,Has relevent experience,Full time course,Masters,STEM,18,100-500,Public Sector,3,65,0.049019607843137254,0.049019607843137254,18.0,0.9,0.98,0.325,1.0,57.07,445,79.1,4.9,90.0,98.0,32.5,100.0,Senior Specialist,"['Deep seniority (18+ yrs)', 'Advanced degree (Masters)', 'STEM discipline', 'Domain-relevant experience']",0,Stable in Role
17779,city_21,0.624,Male,No relevent experience,Full time course,Masters,STEM,5,,,1,129,0.6077348066298343,0.6077348066298343,5.0,0.25,0.98,0.645,0.35,57.07,445,79.1,60.8,25.0,98.0,64.5,35.0,Qualified Applicant,"['Open to progression', '5 yrs exp', 'Advanced degree (Masters)', 'STEM discipline']",1,Ready for Transition
16255,city_21,0.624,,Has relevent experience,no_enrollment,Graduate,STEM,8,10000+,Pvt Ltd,2,20,0.5733333333333334,0.5733333333333334,8.0,0.4,0.7999999999999999,0.1,1.0,57.07,445,79.1,57.3,40.0,80.0,10.0,100.0,Qualified Applicant,"['Open to progression', 'Mid-to-Senior (8 yrs)', 'STEM discipline', 'Domain-relevant experience']",1,Ready for Transition
9106,city_104,0.924,Male,Has relevent experience,no_enrollment,Graduate,STEM,>20,50-99,Pvt Ltd,>4,95,0.037037037037037035,0.037037037037037035,22.0,1.0,0.7999999999999999,0.475,1.0,57.05,450,78.9,3.7,100.0,80.0,47.5,100.0,Senior Specialist,"['Deep seniority (22+ yrs)', 'STEM discipline', 'Committed upskiller (95 hrs)', 'Domain-relevant experience']",0,Stable in Role
29886,city_100,0.887,Male,Has relevent experience,no_enrollment,Graduate,No Major,11,,,1,9,0.5384615384615384,0.5384615384615384,11.0,0.55,0.7,0.045,1.0,57.05,450,78.9,53.8,55.0,70.0,4.5,100.0,Qualified Applicant,"['Open to progression', 'Mid-to-Senior (11 yrs)', 'Domain-relevant experience']",1,Ready for Transition
21210,city_103,0.92,Male,Has relevent experience,no_enrollment,Graduate,STEM,>20,100-500,Pvt Ltd,1,61,0.0847457627118644,0.0847457627118644,22.0,1.0,0.7999999999999999,0.305,1.0,57.02,452,78.8,8.5,100.0,80.0,30.5,100.0,Senior Specialist,"['Deep seniority (22+ yrs)', 'STEM discipline', 'Domain-relevant experience']",0,Stable in Role
28084,city_136,0.897,Male,Has relevent experience,no_enrollment,Masters,STEM,>20,100-500,Pvt Ltd,>4,14,0.049019607843137254,0.049019607843137254,22.0,1.0,0.98,0.07,1.0,57.02,452,78.8,4.9,100.0,98.0,7.0,100.0,Senior Specialist,"['Deep seniority (22+ yrs)', 'Advanced degree (Masters)', 'STEM discipline', 'Domain-relevant experience']",0,Stable in Role
26195,city_160,0.92,Male,Has relevent experience,no_enrollment,Graduate,STEM,>20,500-999,Public Sector,1,61,0.0847457627118644,0.0847457627118644,22.0,1.0,0.7999999999999999,0.305,1.0,57.02,452,78.8,8.5,100.0,80.0,30.5,100.0,Senior Specialist,"['Deep seniority (22+ yrs)', 'STEM discipline', 'Domain-relevant experience']",0,Stable in Role
27386,city_94,0.698,Male,No relevent experience,no_enrollment,High School,,16,,,never,117,0.5614035087719298,0.5614035087719298,16.0,0.8,0.4,0.585,0.35,57.0,455,78.7,56.1,80.0,40.0,58.5,35.0,Senior Specialist,"['Open to progression', 'Deep seniority (16+ yrs)', 'Committed upskiller (117 hrs)']",1,Ready for Transition
691,city_16,0.91,Male,Has relevent experience,no_enrollment,Graduate,STEM,>20,10000+,Pvt Ltd,>4,85,0.049019607843137254,0.049019607843137254,22.0,1.0,0.7999999999999999,0.425,1.0,56.97,456,78.6,4.9,100.0,80.0,42.5,100.0,Senior Specialist,"['Deep seniority (22+ yrs)', 'STEM discipline', 'Committed upskiller (85 hrs)', 'Domain-relevant experience']",0,Stable in Role
370,city_36,0.893,Male,Has relevent experience,no_enrollment,Graduate,STEM,>20,,,>4,85,0.049019607843137254,0.049019607843137254,22.0,1.0,0.7999999999999999,0.425,1.0,56.97,456,78.6,4.9,100.0,80.0,42.5,100.0,Senior Specialist,"['Deep seniority (22+ yrs)', 'STEM discipline', 'Committed upskiller (85 hrs)', 'Domain-relevant experience']",0,Stable in Role
6721,city_21,0.624,,Has relevent experience,Full time course,Masters,STEM,5,50-99,Early Stage Startup,1,52,0.5289855072463768,0.5289855072463768,5.0,0.25,0.98,0.26,1.0,56.96,458,78.5,52.9,25.0,98.0,26.0,100.0,Qualified Applicant,"['Open to progression', '5 yrs exp', 'Advanced degree (Masters)', 'STEM discipline']",1,Ready for Transition
3580,city_103,0.92,Male,Has relevent experience,no_enrollment,Graduate,STEM,>20,10000+,Pvt Ltd,2,70,0.07035175879396985,0.07035175879396985,22.0,1.0,0.7999999999999999,0.35,1.0,56.96,458,78.5,7.0,100.0,80.0,35.0,100.0,Senior Specialist,"['Deep seniority (22+ yrs)', 'STEM discipline', 'Domain-relevant experience']",0,Stable in Role
678,city_160,0.92,Male,Has relevent experience,no_enrollment,Graduate,STEM,>20,10000+,Pvt Ltd,1,84,0.049019607843137254,0.049019607843137254,22.0,1.0,0.7999999999999999,0.42,1.0,56.92,460,78.4,4.9,100.0,80.0,42.0,100.0,Senior Specialist,"['Deep seniority (22+ yrs)', 'STEM discipline', 'Committed upskiller (84 hrs)', 'Domain-relevant experience']",0,Stable in Role
14821,city_28,0.939,Male,Has relevent experience,no_enrollment,Masters,STEM,>20,100-500,Pvt Ltd,1,12,0.049019607843137254,0.049019607843137254,22.0,1.0,0.98,0.06,1.0,56.92,460,78.4,4.9,100.0,98.0,6.0,100.0,Senior Specialist,"['Deep seniority (22+ yrs)', 'Advanced degree (Masters)', 'STEM discipline', 'Domain-relevant experience']",0,Stable in Role
8373,city_103,0.92,Male,Has relevent experience,no_enrollment,Graduate,STEM,17,1000-4999,Pvt Ltd,3,144,0.07035175879396985,0.07035175879396985,17.0,0.85,0.7999999999999999,0.72,1.0,56.91,462,78.3,7.0,85.0,80.0,72.0,100.0,Senior Specialist,"['Deep seniority (17+ yrs)', 'STEM discipline', 'Committed upskiller (144 hrs)', 'Domain-relevant experience']",0,Stable in Role
25106,city_102,0.804,Male,Has relevent experience,no_enrollment,Masters,STEM,>20,50-99,Pvt Ltd,>4,11,0.049019607843137254,0.049019607843137254,22.0,1.0,0.98,0.055,1.0,56.87,463,78.3,4.9,100.0,98.0,5.5,100.0,Senior Specialist,"['Deep seniority (22+ yrs)', 'Advanced degree (Masters)', 'STEM discipline', 'Domain-relevant experience']",0,Stable in Role
30907,city_103,0.92,Male,Has relevent experience,no_enrollment,Graduate,STEM,>20,10000+,Pvt Ltd,1,58,0.0847457627118644,0.0847457627118644,22.0,1.0,0.7999999999999999,0.29,1.0,56.87,463,78.3,8.5,100.0,80.0,29.0,100.0,Senior Specialist,"['Deep seniority (22+ yrs)', 'STEM discipline', 'Domain-relevant experience']",0,Stable in Role
830,city_103,0.92,Male,Has relevent experience,no_enrollment,Graduate,STEM,>20,5000-9999,Pvt Ltd,1,83,0.049019607843137254,0.049019607843137254,22.0,1.0,0.7999999999999999,0.415,1.0,56.87,463,78.3,4.9,100.0,80.0,41.5,100.0,Senior Specialist,"['Deep seniority (22+ yrs)', 'STEM discipline', 'Committed upskiller (83 hrs)', 'Domain-relevant experience']",0,Stable in Role
24018,city_11,0.55,Male,Has relevent experience,Part time course,Graduate,STEM,3,10/49,Pvt Ltd,1,116,0.6077348066298343,0.6077348066298343,3.0,0.15,0.7999999999999999,0.58,1.0,56.82,466,78.1,60.8,15.0,80.0,58.0,100.0,Qualified Applicant,"['Open to progression', '3 yrs exp', 'STEM discipline', 'Committed upskiller (116 hrs)']",1,Ready for Transition
9149,city_23,0.899,,Has relevent experience,no_enrollment,Masters,STEM,18,50-99,Pvt Ltd,3,60,0.049019607843137254,0.049019607843137254,18.0,0.9,0.98,0.3,1.0,56.82,466,78.1,4.9,90.0,98.0,30.0,100.0,Senior Specialist,"['Deep seniority (18+ yrs)', 'Advanced degree (Masters)', 'STEM discipline', 'Domain-relevant experience']",0,Stable in Role
11907,city_160,0.92,Male,Has relevent experience,no_enrollment,Graduate,STEM,>20,10000+,Pvt Ltd,1,56,0.0847457627118644,0.0847457627118644,22.0,1.0,0.7999999999999999,0.28,1.0,56.77,468,78.0,8.5,100.0,80.0,28.0,100.0,Senior Specialist,"['Deep seniority (22+ yrs)', 'STEM discipline', 'Domain-relevant experience']",0,Stable in Role
1604,city_16,0.91,Male,Has relevent experience,Part time course,Graduate,STEM,>20,100-500,Pvt Ltd,2,56,0.0847457627118644,0.0847457627118644,22.0,1.0,0.7999999999999999,0.28,1.0,56.77,468,78.0,8.5,100.0,80.0,28.0,100.0,Senior Specialist,"['Deep seniority (22+ yrs)', 'STEM discipline', 'Domain-relevant experience']",0,Stable in Role
32516,city_21,0.624,Male,Has relevent experience,no_enrollment,Graduate,STEM,5,<10,Early Stage Startup,1,50,0.6287878787878788,0.6287878787878788,5.0,0.25,0.7999999999999999,0.25,1.0,56.76,470,78.0,62.9,25.0,80.0,25.0,100.0,Qualified Applicant,"['Open to progression', '5 yrs exp', 'STEM discipline', 'Domain-relevant experience']",1,Ready for Transition
13100,city_27,0.848,Male,Has relevent experience,no_enrollment,Graduate,STEM,10,,,2,109,0.3644859813084112,0.3644859813084112,10.0,0.5,0.7999999999999999,0.545,1.0,56.71,471,77.9,36.4,50.0,80.0,54.5,100.0,Qualified Applicant,"['Mid-to-Senior (10 yrs)', 'STEM discipline', 'Committed upskiller (109 hrs)', 'Domain-relevant experience']",0,Stable in Role
23735,city_21,0.624,Male,Has relevent experience,no_enrollment,Graduate,STEM,5,10/49,Funded Startup,1,112,0.5384615384615384,0.5384615384615384,5.0,0.25,0.7999999999999999,0.56,1.0,56.7,472,77.8,53.8,25.0,80.0,56.0,100.0,Qualified Applicant,"['Open to progression', '5 yrs exp', 'STEM discipline', 'Committed upskiller (112 hrs)']",1,Ready for Transition
25697,city_103,0.92,Male,Has relevent experience,no_enrollment,Masters,Humanities,19,50-99,Pvt Ltd,3,24,0.11859838274932614,0.11859838274932614,19.0,0.95,0.88,0.12,1.0,56.7,472,77.8,11.9,95.0,88.0,12.0,100.0,Senior Specialist,"['Deep seniority (19+ yrs)', 'Advanced degree (Masters)', 'Domain-relevant experience']",0,Stable in Role
22712,city_162,0.767,,Has relevent experience,no_enrollment,Graduate,STEM,16,100-500,Pvt Ltd,>4,21,0.27564102564102566,0.27564102564102566,16.0,0.8,0.7999999999999999,0.105,1.0,56.7,472,77.8,27.6,80.0,80.0,10.5,100.0,Senior Specialist,"['Deep seniority (16+ yrs)', 'STEM discipline', 'Domain-relevant experience']",0,Stable in Role
27420,city_21,0.624,Male,Has relevent experience,no_enrollment,Graduate,STEM,4,50-99,Pvt Ltd,never,112,0.5733333333333334,0.5733333333333334,4.0,0.2,0.7999999999999999,0.56,1.0,56.67,475,77.7,57.3,20.0,80.0,56.0,100.0,Qualified Applicant,"['Open to progression', '4 yrs exp', 'STEM discipline', 'Committed upskiller (112 hrs)']",1,Ready for Transition
11613,city_21,0.624,Male,Has relevent experience,no_enrollment,Masters,Business Degree,3,<10,Pvt Ltd,1,66,0.6287878787878788,0.6287878787878788,3.0,0.15,0.88,0.33,1.0,56.66,476,77.7,62.9,15.0,88.0,33.0,100.0,Qualified Applicant,"['Open to progression', '3 yrs exp', 'Advanced degree (Masters)', 'Domain-relevant experience']",1,Ready for Transition
32152,city_103,0.92,Male,Has relevent experience,no_enrollment,Graduate,STEM,>20,500-999,Pvt Ltd,2,64,0.07035175879396985,0.07035175879396985,22.0,1.0,0.7999999999999999,0.32,1.0,56.66,476,77.7,7.0,100.0,80.0,32.0,100.0,Senior Specialist,"['Deep seniority (22+ yrs)', 'STEM discipline', 'Domain-relevant experience']",0,Stable in Role
9083,city_114,0.926,,Has relevent experience,no_enrollment,Graduate,STEM,10,10/49,Early Stage Startup,4,170,0.27564102564102566,0.27564102564102566,10.0,0.5,0.7999999999999999,0.85,1.0,56.65,478,77.5,27.6,50.0,80.0,85.0,100.0,Qualified Applicant,"['Mid-to-Senior (10 yrs)', 'STEM discipline', 'Committed upskiller (170 hrs)', 'Domain-relevant experience']",0,Stable in Role
17793,city_74,0.579,,Has relevent experience,no_enrollment,Graduate,STEM,6,50-99,Pvt Ltd,>4,86,0.5384615384615384,0.5384615384615384,6.0,0.3,0.7999999999999999,0.43,1.0,56.65,478,77.5,53.8,30.0,80.0,43.0,100.0,Qualified Applicant,"['Open to progression', '6 yrs exp', 'STEM discipline', 'Committed upskiller (86 hrs)']",1,Ready for Transition
25639,city_71,0.884,Male,Has relevent experience,no_enrollment,Masters,STEM,17,100-500,Pvt Ltd,4,33,0.11859838274932614,0.11859838274932614,17.0,0.85,0.98,0.165,1.0,56.65,478,77.5,11.9,85.0,98.0,16.5,100.0,Senior Specialist,"['Deep seniority (17+ yrs)', 'Advanced degree (Masters)', 'STEM discipline', 'Domain-relevant experience']",0,Stable in Role
6642,city_21,0.624,,Has relevent experience,no_enrollment,Graduate,Other,4,100-500,Pvt Ltd,2,144,0.5838509316770185,0.5838509316770185,4.0,0.2,0.7,0.72,1.0,56.63,481,77.4,58.4,20.0,70.0,72.0,100.0,Qualified Applicant,"['Open to progression', '4 yrs exp', 'Committed upskiller (144 hrs)', 'Domain-relevant experience']",1,Ready for Transition
22625,city_21,0.624,,Has relevent experience,no_enrollment,Graduate,STEM,5,100-500,Public Sector,2,79,0.5838509316770185,0.5838509316770185,5.0,0.25,0.7999999999999999,0.395,1.0,56.63,481,77.4,58.4,25.0,80.0,39.5,100.0,Qualified Applicant,"['Open to progression', '5 yrs exp', 'STEM discipline', 'Domain-relevant experience']",1,Ready for Transition
5605,city_76,0.698,Other,Has relevent experience,no_enrollment,Graduate,STEM,9,10000+,Public Sector,3,194,0.27564102564102566,0.27564102564102566,9.0,0.45,0.7999999999999999,0.97,1.0,56.6,483,77.3,27.6,45.0,80.0,97.0,100.0,Qualified Applicant,"['Mid-to-Senior (9 yrs)', 'STEM discipline', 'Committed upskiller (194 hrs)', 'Domain-relevant experience']",0,Stable in Role
560,city_98,0.949,Male,Has relevent experience,no_enrollment,Graduate,STEM,>20,5000-9999,Pvt Ltd,>4,29,0.11859838274932614,0.11859838274932614,22.0,1.0,0.7999999999999999,0.145,1.0,56.6,483,77.3,11.9,100.0,80.0,14.5,100.0,Senior Specialist,"['Deep seniority (22+ yrs)', 'STEM discipline', 'Domain-relevant experience']",0,Stable in Role
29259,city_136,0.897,Male,Has relevent experience,no_enrollment,Masters,STEM,>20,50-99,Pvt Ltd,>4,5,0.049019607843137254,0.049019607843137254,22.0,1.0,0.98,0.025,1.0,56.57,485,77.2,4.9,100.0,98.0,2.5,100.0,Senior Specialist,"['Deep seniority (22+ yrs)', 'Advanced degree (Masters)', 'STEM discipline', 'Domain-relevant experience']",0,Stable in Role
195,city_136,0.897,Male,Has relevent experience,no_enrollment,Masters,STEM,18,,,2,30,0.0847457627118644,0.0847457627118644,18.0,0.9,0.98,0.15,1.0,56.57,485,77.2,8.5,90.0,98.0,15.0,100.0,Senior Specialist,"['Deep seniority (18+ yrs)', 'Advanced degree (Masters)', 'STEM discipline', 'Domain-relevant experience']",0,Stable in Role
16079,city_21,0.624,Male,Has relevent experience,no_enrollment,Graduate,STEM,8,100-500,Pvt Ltd,4,2,0.5838509316770185,0.5838509316770185,8.0,0.4,0.7999999999999999,0.01,1.0,56.53,487,77.2,58.4,40.0,80.0,1.0,100.0,Qualified Applicant,"['Open to progression', 'Mid-to-Senior (8 yrs)', 'STEM discipline', 'Domain-relevant experience']",1,Ready for Transition
31693,city_103,0.92,Male,Has relevent experience,no_enrollment,Graduate,STEM,>20,1000-4999,Pvt Ltd,>4,51,0.0847457627118644,0.0847457627118644,22.0,1.0,0.7999999999999999,0.255,1.0,56.52,488,77.1,8.5,100.0,80.0,25.5,100.0,Senior Specialist,"['Deep seniority (22+ yrs)', 'STEM discipline', 'Domain-relevant experience']",0,Stable in Role
28518,city_136,0.897,Male,Has relevent experience,no_enrollment,Masters,STEM,19,50-99,,1,29,0.049019607843137254,0.049019607843137254,19.0,0.95,0.98,0.145,1.0,56.52,488,77.1,4.9,95.0,98.0,14.5,100.0,Senior Specialist,"['Deep seniority (19+ yrs)', 'Advanced degree (Masters)', 'STEM discipline', 'Domain-relevant experience']",0,Stable in Role
22775,city_21,0.624,,Has relevent experience,no_enrollment,Graduate,STEM,4,100-500,Pvt Ltd,1,101,0.5838509316770185,0.5838509316770185,4.0,0.2,0.7999999999999999,0.505,1.0,56.48,490,77.0,58.4,20.0,80.0,50.5,100.0,Qualified Applicant,"['Open to progression', '4 yrs exp', 'STEM discipline', 'Committed upskiller (101 hrs)']",1,Ready for Transition
18529,city_143,0.74,Male,Has relevent experience,Full time course,Graduate,STEM,6,10/49,Pvt Ltd,4,34,0.6077348066298343,0.6077348066298343,6.0,0.3,0.7999999999999999,0.17,1.0,56.47,491,76.9,60.8,30.0,80.0,17.0,100.0,Qualified Applicant,"['Open to progression', '6 yrs exp', 'STEM discipline', 'Domain-relevant experience']",1,Ready for Transition
3027,city_103,0.92,Male,Has relevent experience,no_enrollment,Graduate,STEM,>20,100-500,Pvt Ltd,>4,50,0.0847457627118644,0.0847457627118644,22.0,1.0,0.7999999999999999,0.25,1.0,56.47,491,76.9,8.5,100.0,80.0,25.0,100.0,Senior Specialist,"['Deep seniority (22+ yrs)', 'STEM discipline', 'Domain-relevant experience']",0,Stable in Role
22264,city_160,0.92,,Has relevent experience,no_enrollment,Graduate,STEM,6,,,1,58,0.5733333333333334,0.5733333333333334,6.0,0.3,0.7999999999999999,0.29,1.0,56.47,491,76.9,57.3,30.0,80.0,29.0,100.0,Qualified Applicant,"['Open to progression', '6 yrs exp', 'STEM discipline', 'Domain-relevant experience']",1,Ready for Transition
24670,city_103,0.92,Male,Has relevent experience,no_enrollment,Graduate,STEM,15,100-500,Pvt Ltd,>4,330,0.049019607843137254,0.049019607843137254,15.0,0.75,0.7999999999999999,1.0,1.0,56.47,491,76.9,4.9,75.0,80.0,100.0,100.0,Senior Specialist,"['Deep seniority (15+ yrs)', 'STEM discipline', 'Committed upskiller (330 hrs)', 'Domain-relevant experience']",0,Stable in Role
20723,city_11,0.55,Male,Has relevent experience,Full time course,Graduate,STEM,<1,50-99,Pvt Ltd,1,188,0.5838509316770185,0.5838509316770185,0.5,0.025,0.7999999999999999,0.94,1.0,56.46,495,76.8,58.4,2.5,80.0,94.0,100.0,Qualified Applicant,"['Open to progression', '0 yrs exp', 'STEM discipline', 'Committed upskiller (188 hrs)']",1,Ready for Transition
22168,city_114,0.926,Male,Has relevent experience,no_enrollment,Graduate,STEM,>20,10000+,Pvt Ltd,4,54,0.07894736842105263,0.07894736842105263,22.0,1.0,0.7999999999999999,0.27,1.0,56.46,495,76.8,7.9,100.0,80.0,27.0,100.0,Senior Specialist,"['Deep seniority (22+ yrs)', 'STEM discipline', 'Domain-relevant experience']",0,Stable in Role
11283,city_103,0.92,Male,Has relevent experience,no_enrollment,Graduate,STEM,>20,10000+,Pvt Ltd,>4,26,0.11859838274932614,0.11859838274932614,22.0,1.0,0.7999999999999999,0.13,1.0,56.45,497,76.7,11.9,100.0,80.0,13.0,100.0,Senior Specialist,"['Deep seniority (22+ yrs)', 'STEM discipline', 'Domain-relevant experience']",0,Stable in Role
22520,city_21,0.624,Male,Has relevent experience,Part time course,Graduate,STEM,7,,,4,8,0.6077348066298343,0.6077348066298343,7.0,0.35,0.7999999999999999,0.04,1.0,56.42,498,76.7,60.8,35.0,80.0,4.0,100.0,Qualified Applicant,"['Open to progression', '7 yrs exp', 'STEM discipline', 'Domain-relevant experience']",1,Ready for Transition
27059,city_103,0.92,Male,Has relevent experience,no_enrollment,Graduate,STEM,>20,10000+,Pvt Ltd,>4,25,0.11859838274932614,0.11859838274932614,22.0,1.0,0.7999999999999999,0.125,1.0,56.4,499,76.6,11.9,100.0,80.0,12.5,100.0,Senior Specialist,"['Deep seniority (22+ yrs)', 'STEM discipline', 'Domain-relevant experience']",0,Stable in Role
2183,city_21,0.624,Male,Has relevent experience,no_enrollment,Graduate,STEM,4,50-99,Pvt Ltd,never,106,0.5733333333333334,0.5733333333333334,4.0,0.2,0.7999999999999999,0.53,1.0,56.37,500,76.6,57.3,20.0,80.0,53.0,100.0,Qualified Applicant,"['Open to progression', '4 yrs exp', 'STEM discipline', 'Committed upskiller (106 hrs)']",1,Ready for Transition
30120,city_11,0.55,Male,Has relevent experience,no_enrollment,Graduate,STEM,4,100-500,Pvt Ltd,never,114,0.5614035087719298,0.5614035087719298,4.0,0.2,0.7999999999999999,0.57,1.0,56.35,501,76.5,56.1,20.0,80.0,57.0,100.0,Qualified Applicant,"['Open to progression', '4 yrs exp', 'STEM discipline', 'Committed upskiller (114 hrs)']",1,Ready for Transition
27278,city_160,0.92,Female,Has relevent experience,no_enrollment,Masters,STEM,11,1000-4999,,2,332,0.0847457627118644,0.0847457627118644,11.0,0.55,0.98,1.0,1.0,56.32,502,76.3,8.5,55.0,98.0,100.0,100.0,Qualified Applicant,"['Mid-to-Senior (11 yrs)', 'Advanced degree (Masters)', 'STEM discipline', 'Committed upskiller (332 hrs)']",0,Stable in Role
22037,city_61,0.913,,Has relevent experience,no_enrollment,Graduate,STEM,20,100-500,Pvt Ltd,2,47,0.0847457627118644,0.0847457627118644,20.0,1.0,0.7999999999999999,0.235,1.0,56.32,502,76.3,8.5,100.0,80.0,23.5,100.0,Senior Specialist,"['Deep seniority (20+ yrs)', 'STEM discipline', 'Domain-relevant experience']",0,Stable in Role
1433,city_103,0.92,Male,Has relevent experience,no_enrollment,Graduate,STEM,5,,,1,80,0.5733333333333334,0.5733333333333334,5.0,0.25,0.7999999999999999,0.4,1.0,56.32,502,76.3,57.3,25.0,80.0,40.0,100.0,Qualified Applicant,"['Open to progression', '5 yrs exp', 'STEM discipline', 'Committed upskiller (80 hrs)']",1,Ready for Transition
31606,city_103,0.92,Male,No relevent experience,no_enrollment,Graduate,Other,14,,,1,25,0.5733333333333334,0.5733333333333334,14.0,0.7,0.7,0.125,0.35,56.32,502,76.3,57.3,70.0,70.0,12.5,35.0,Senior Specialist,"['Open to progression', 'Mid-to-Senior (14 yrs)']",1,Ready for Transition
21039,city_16,0.91,Male,Has relevent experience,no_enrollment,Masters,STEM,11,100-500,Funded Startup,>4,292,0.0847457627118644,0.0847457627118644,11.0,0.55,0.98,1.0,1.0,56.32,502,76.3,8.5,55.0,98.0,100.0,100.0,Qualified Applicant,"['Mid-to-Senior (11 yrs)', 'Advanced degree (Masters)', 'STEM discipline', 'Committed upskiller (292 hrs)']",0,Stable in Role
31230,city_21,0.624,Male,Has relevent experience,no_enrollment,Graduate,STEM,6,100-500,Funded Startup,1,55,0.5733333333333334,0.5733333333333334,6.0,0.3,0.7999999999999999,0.275,1.0,56.32,502,76.3,57.3,30.0,80.0,27.5,100.0,Qualified Applicant,"['Open to progression', '6 yrs exp', 'STEM discipline', 'Domain-relevant experience']",1,Ready for Transition
4052,city_103,0.92,Male,Has relevent experience,no_enrollment,Graduate,STEM,>20,10000+,Pvt Ltd,>4,47,0.0847457627118644,0.0847457627118644,22.0,1.0,0.7999999999999999,0.235,1.0,56.32,502,76.3,8.5,100.0,80.0,23.5,100.0,Senior Specialist,"['Deep seniority (22+ yrs)', 'STEM discipline', 'Domain-relevant experience']",0,Stable in Role
9707,city_103,0.92,Male,No relevent experience,Full time course,Graduate,STEM,8,,,2,96,0.6287878787878788,0.6287878787878788,8.0,0.4,0.7999999999999999,0.48,0.35,56.31,509,76.1,62.9,40.0,80.0,48.0,35.0,Qualified Applicant,"['Open to progression', 'Mid-to-Senior (8 yrs)', 'STEM discipline', 'Committed upskiller (96 hrs)']",1,Ready for Transition
1135,city_104,0.924,Male,Has relevent experience,no_enrollment,Masters,STEM,17,100-500,Pvt Ltd,1,83,0.037037037037037035,0.037037037037037035,17.0,0.85,0.98,0.415,1.0,56.3,510,76.1,3.7,85.0,98.0,41.5,100.0,Senior Specialist,"['Deep seniority (17+ yrs)', 'Advanced degree (Masters)', 'STEM discipline', 'Committed upskiller (83 hrs)']",0,Stable in Role
19437,city_21,0.624,,Has relevent experience,no_enrollment,Graduate,STEM,3,10/49,Pvt Ltd,,105,0.6077348066298343,0.6077348066298343,3.0,0.15,0.7999999999999999,0.525,1.0,56.27,511,76.0,60.8,15.0,80.0,52.5,100.0,Qualified Applicant,"['Open to progression', '3 yrs exp', 'STEM discipline', 'Committed upskiller (105 hrs)']",1,Ready for Transition
172,city_103,0.92,Male,Has relevent experience,no_enrollment,Graduate,STEM,>20,10000+,Pvt Ltd,>4,46,0.0847457627118644,0.0847457627118644,22.0,1.0,0.7999999999999999,0.23,1.0,56.27,511,76.0,8.5,100.0,80.0,23.0,100.0,Senior Specialist,"['Deep seniority (22+ yrs)', 'STEM discipline', 'Domain-relevant experience']",0,Stable in Role
23700,city_100,0.887,,No relevent experience,Full time course,Phd,STEM,>20,500-999,Public Sector,>4,106,0.07035175879396985,0.07035175879396985,22.0,1.0,1.0,0.53,0.35,56.26,513,76.0,7.0,100.0,100.0,53.0,35.0,Senior Specialist,"['Deep seniority (22+ yrs)', 'Advanced degree (Phd)', 'STEM discipline', 'Committed upskiller (106 hrs)']",0,Stable in Role
22320,city_102,0.804,Male,Has relevent experience,no_enrollment,Graduate,STEM,>20,500-999,Pvt Ltd,>4,70,0.049019607843137254,0.049019607843137254,22.0,1.0,0.7999999999999999,0.35,1.0,56.22,514,75.9,4.9,100.0,80.0,35.0,100.0,Senior Specialist,"['Deep seniority (22+ yrs)', 'STEM discipline', 'Domain-relevant experience']",0,Stable in Role
12558,city_74,0.579,,Has relevent experience,no_enrollment,Graduate,STEM,7,50-99,Pvt Ltd,2,28,0.5733333333333334,0.5733333333333334,7.0,0.35,0.7999999999999999,0.14,1.0,56.22,514,75.9,57.3,35.0,80.0,14.0,100.0,Qualified Applicant,"['Open to progression', '7 yrs exp', 'STEM discipline', 'Domain-relevant experience']",1,Ready for Transition
28390,city_21,0.624,Male,Has relevent experience,no_enrollment,Graduate,STEM,5,,,3,70,0.5838509316770185,0.5838509316770185,5.0,0.25,0.7999999999999999,0.35,1.0,56.18,516,75.8,58.4,25.0,80.0,35.0,100.0,Qualified Applicant,"['Open to progression', '5 yrs exp', 'STEM discipline', 'Domain-relevant experience']",1,Ready for Transition
26601,city_16,0.91,Male,Has relevent experience,no_enrollment,Graduate,Humanities,>20,,,1,23,0.17117117117117117,0.17117117117117117,22.0,1.0,0.7,0.115,1.0,56.14,517,75.8,17.1,100.0,70.0,11.5,100.0,Senior Specialist,"['Deep seniority (22+ yrs)', 'Domain-relevant experience']",0,Stable in Role
28176,city_103,0.92,Male,Has relevent experience,no_enrollment,Graduate,STEM,>20,50-99,Early Stage Startup,1,43,0.0847457627118644,0.0847457627118644,22.0,1.0,0.7999999999999999,0.215,1.0,56.12,518,75.6,8.5,100.0,80.0,21.5,100.0,Senior Specialist,"['Deep seniority (22+ yrs)', 'STEM discipline', 'Domain-relevant experience']",0,Stable in Role
32156,city_16,0.91,Male,No relevent experience,Full time course,Masters,STEM,14,50-99,Public Sector,1,116,0.2777777777777778,0.2777777777777778,14.0,0.7,0.98,0.58,0.35,56.12,518,75.6,27.8,70.0,98.0,58.0,35.0,Senior Specialist,"['Mid-to-Senior (14 yrs)', 'Advanced degree (Masters)', 'STEM discipline', 'Committed upskiller (116 hrs)']",0,Stable in Role
9630,city_103,0.92,Male,Has relevent experience,no_enrollment,Graduate,STEM,>20,1000-4999,Pvt Ltd,>4,43,0.0847457627118644,0.0847457627118644,22.0,1.0,0.7999999999999999,0.215,1.0,56.12,518,75.6,8.5,100.0,80.0,21.5,100.0,Senior Specialist,"['Deep seniority (22+ yrs)', 'STEM discipline', 'Domain-relevant experience']",0,Stable in Role
19550,city_21,0.624,Female,Has relevent experience,Part time course,Graduate,STEM,7,,,4,2,0.6077348066298343,0.6077348066298343,7.0,0.35,0.7999999999999999,0.01,1.0,56.12,518,75.6,60.8,35.0,80.0,1.0,100.0,Qualified Applicant,"['Open to progression', '7 yrs exp', 'STEM discipline', 'Domain-relevant experience']",1,Ready for Transition
28718,city_104,0.924,Male,Has relevent experience,no_enrollment,Graduate,STEM,>20,,,1,68,0.049019607843137254,0.049019607843137254,22.0,1.0,0.7999999999999999,0.34,1.0,56.12,518,75.6,4.9,100.0,80.0,34.0,100.0,Senior Specialist,"['Deep seniority (22+ yrs)', 'STEM discipline', 'Domain-relevant experience']",0,Stable in Role
14512,city_11,0.55,Male,Has relevent experience,Full time course,Graduate,STEM,4,50-99,,1,125,0.5384615384615384,0.5384615384615384,4.0,0.2,0.7999999999999999,0.625,1.0,56.1,523,75.5,53.8,20.0,80.0,62.5,100.0,Qualified Applicant,"['Open to progression', '4 yrs exp', 'STEM discipline', 'Committed upskiller (125 hrs)']",1,Ready for Transition
5650,city_143,0.74,,Has relevent experience,no_enrollment,Graduate,STEM,8,<10,Pvt Ltd,1,9,0.5614035087719298,0.5614035087719298,8.0,0.4,0.7999999999999999,0.045,1.0,56.1,523,75.5,56.1,40.0,80.0,4.5,100.0,Qualified Applicant,"['Open to progression', 'Mid-to-Senior (8 yrs)', 'STEM discipline', 'Domain-relevant experience']",1,Ready for Transition
4773,city_103,0.92,Male,Has relevent experience,no_enrollment,Graduate,STEM,>20,5000-9999,Pvt Ltd,>4,42,0.0847457627118644,0.0847457627118644,22.0,1.0,0.7999999999999999,0.21,1.0,56.07,525,75.4,8.5,100.0,80.0,21.0,100.0,Senior Specialist,"['Deep seniority (22+ yrs)', 'STEM discipline', 'Domain-relevant experience']",0,Stable in Role
23968,city_160,0.92,,Has relevent experience,no_enrollment,Graduate,STEM,20,50-99,Pvt Ltd,2,42,0.0847457627118644,0.0847457627118644,20.0,1.0,0.7999999999999999,0.21,1.0,56.07,525,75.4,8.5,100.0,80.0,21.0,100.0,Senior Specialist,"['Deep seniority (20+ yrs)', 'STEM discipline', 'Domain-relevant experience']",0,Stable in Role
17165,city_21,0.624,Male,Has relevent experience,no_enrollment,Graduate,STEM,5,10/49,Pvt Ltd,1,36,0.6287878787878788,0.6287878787878788,5.0,0.25,0.7999999999999999,0.18,1.0,56.06,527,75.3,62.9,25.0,80.0,18.0,100.0,Qualified Applicant,"['Open to progression', '5 yrs exp', 'STEM discipline', 'Domain-relevant experience']",1,Ready for Transition
14785,city_21,0.624,,Has relevent experience,no_enrollment,Graduate,STEM,2,100-500,Pvt Ltd,1,142,0.5838509316770185,0.5838509316770185,2.0,0.1,0.7999999999999999,0.71,1.0,56.03,528,75.2,58.4,10.0,80.0,71.0,100.0,Qualified Applicant,"['Open to progression', '2 yrs exp', 'STEM discipline', 'Committed upskiller (142 hrs)']",1,Ready for Transition
31615,city_160,0.92,Male,Has relevent experience,no_enrollment,Graduate,STEM,>20,500-999,Pvt Ltd,>4,66,0.049019607843137254,0.049019607843137254,22.0,1.0,0.7999999999999999,0.33,1.0,56.02,529,75.2,4.9,100.0,80.0,33.0,100.0,Senior Specialist,"['Deep seniority (22+ yrs)', 'STEM discipline', 'Domain-relevant experience']",0,Stable in Role
8524,city_83,0.923,,Has relevent experience,no_enrollment,Graduate,STEM,20,100-500,Funded Startup,1,51,0.07035175879396985,0.07035175879396985,20.0,1.0,0.7999999999999999,0.255,1.0,56.01,530,75.2,7.0,100.0,80.0,25.5,100.0,Senior Specialist,"['Deep seniority (20+ yrs)', 'STEM discipline', 'Domain-relevant experience']",0,Stable in Role
6504,city_21,0.624,Male,Has relevent experience,Full time course,Masters,STEM,12,10000+,Pvt Ltd,never,108,0.17117117117117117,0.17117117117117117,12.0,0.6,0.98,0.54,1.0,55.99,531,75.1,17.1,60.0,98.0,54.0,100.0,Senior Specialist,"['Mid-to-Senior (12 yrs)', 'Advanced degree (Masters)', 'STEM discipline', 'Committed upskiller (108 hrs)']",0,Stable in Role
23338,city_21,0.624,,Has relevent experience,no_enrollment,Graduate,STEM,5,<10,Early Stage Startup,1,66,0.5838509316770185,0.5838509316770185,5.0,0.25,0.7999999999999999,0.33,1.0,55.98,532,75.1,58.4,25.0,80.0,33.0,100.0,Qualified Applicant,"['Open to progression', '5 yrs exp', 'STEM discipline', 'Domain-relevant experience']",1,Ready for Transition
29159,city_99,0.915,Male,Has relevent experience,no_enrollment,Graduate,STEM,>20,1000-4999,Pvt Ltd,>4,40,0.0847457627118644,0.0847457627118644,22.0,1.0,0.7999999999999999,0.2,1.0,55.97,533,75.0,8.5,100.0,80.0,20.0,100.0,Senior Specialist,"['Deep seniority (22+ yrs)', 'STEM discipline', 'Domain-relevant experience']",0,Stable in Role
17211,city_21,0.624,Male,Has relevent experience,Full time course,Graduate,STEM,9,50-99,Pvt Ltd,2,4,0.5289855072463768,0.5289855072463768,9.0,0.45,0.7999999999999999,0.02,1.0,55.96,534,75.0,52.9,45.0,80.0,2.0,100.0,Qualified Applicant,"['Open to progression', 'Mid-to-Senior (9 yrs)', 'STEM discipline', 'Domain-relevant experience']",1,Ready for Transition
19210,city_16,0.91,,Has relevent experience,no_enrollment,Masters,STEM,10,,,2,157,0.17117117117117117,0.17117117117117117,10.0,0.5,0.98,0.785,1.0,55.94,535,74.9,17.1,50.0,98.0,78.5,100.0,Qualified Applicant,"['Mid-to-Senior (10 yrs)', 'Advanced degree (Masters)', 'STEM discipline', 'Committed upskiller (157 hrs)']",0,Stable in Role
12453,city_21,0.624,,Has relevent experience,no_enrollment,Graduate,STEM,7,10000+,Pvt Ltd,>4,15,0.5838509316770185,0.5838509316770185,7.0,0.35,0.7999999999999999,0.075,1.0,55.93,536,74.9,58.4,35.0,80.0,7.5,100.0,Qualified Applicant,"['Open to progression', '7 yrs exp', 'STEM discipline', 'Domain-relevant experience']",1,Ready for Transition
23739,city_102,0.804,Male,Has relevent experience,no_enrollment,Masters,STEM,11,,,2,58,0.27564102564102566,0.27564102564102566,11.0,0.55,0.98,0.29,1.0,55.9,537,74.8,27.6,55.0,98.0,29.0,100.0,Qualified Applicant,"['Mid-to-Senior (11 yrs)', 'Advanced degree (Masters)', 'STEM discipline', 'Domain-relevant experience']",0,Stable in Role
17426,city_101,0.5579999999999999,Male,Has relevent experience,no_enrollment,Graduate,STEM,5,100-500,Pvt Ltd,2,80,0.5614035087719298,0.5614035087719298,5.0,0.25,0.7999999999999999,0.4,1.0,55.9,537,74.8,56.1,25.0,80.0,40.0,100.0,Qualified Applicant,"['Open to progression', '5 yrs exp', 'STEM discipline', 'Committed upskiller (80 hrs)']",1,Ready for Transition
6515,city_21,0.624,,Has relevent experience,no_enrollment,Graduate,STEM,7,50-99,Pvt Ltd,1,14,0.5838509316770185,0.5838509316770185,7.0,0.35,0.7999999999999999,0.07,1.0,55.88,539,74.7,58.4,35.0,80.0,7.0,100.0,Qualified Applicant,"['Open to progression', '7 yrs exp', 'STEM discipline', 'Domain-relevant experience']",1,Ready for Transition
10640,city_116,0.743,,Has relevent experience,no_enrollment,Masters,STEM,13,100-500,NGO,1,166,0.049019607843137254,0.049019607843137254,13.0,0.65,0.98,0.83,1.0,55.87,540,74.7,4.9,65.0,98.0,83.0,100.0,Senior Specialist,"['Mid-to-Senior (13 yrs)', 'Advanced degree (Masters)', 'STEM discipline', 'Committed upskiller (166 hrs)']",0,Stable in Role
20758,city_136,0.897,Male,Has relevent experience,,Masters,STEM,13,500-999,Pvt Ltd,>4,258,0.0,0.0,13.0,0.65,0.98,1.0,1.0,55.85,541,74.6,0.0,65.0,98.0,100.0,100.0,Senior Specialist,"['Mid-to-Senior (13 yrs)', 'Advanced degree (Masters)', 'STEM discipline', 'Committed upskiller (258 hrs)']",0,Stable in Role
8990,city_103,0.92,,No relevent experience,Full time course,Masters,STEM,4,,,1,129,0.6077348066298343,0.6077348066298343,4.0,0.2,0.98,0.645,0.35,55.82,542,74.5,60.8,20.0,98.0,64.5,35.0,Qualified Applicant,"['Open to progression', '4 yrs exp', 'Advanced degree (Masters)', 'STEM discipline']",1,Ready for Transition
27008,city_21,0.624,Male,Has relevent experience,no_enrollment,Graduate,Other,3,,,never,160,0.5733333333333334,0.5733333333333334,3.0,0.15,0.7,0.8,1.0,55.82,542,74.5,57.3,15.0,70.0,80.0,100.0,Qualified Applicant,"['Open to progression', '3 yrs exp', 'Committed upskiller (160 hrs)', 'Domain-relevant experience']",1,Ready for Transition
923,city_103,0.92,Male,Has relevent experience,no_enrollment,Graduate,Humanities,>20,50-99,Funded Startup,1,102,0.049019607843137254,0.049019607843137254,22.0,1.0,0.7,0.51,1.0,55.82,542,74.5,4.9,100.0,70.0,51.0,100.0,Senior Specialist,"['Deep seniority (22+ yrs)', 'Committed upskiller (102 hrs)', 'Domain-relevant experience']",0,Stable in Role
19494,city_99,0.915,Male,Has relevent experience,no_enrollment,Graduate,STEM,>20,500-999,Pvt Ltd,>4,47,0.07035175879396985,0.07035175879396985,22.0,1.0,0.7999999999999999,0.235,1.0,55.81,545,74.4,7.0,100.0,80.0,23.5,100.0,Senior Specialist,"['Deep seniority (22+ yrs)', 'STEM discipline', 'Domain-relevant experience']",0,Stable in Role
3862,city_103,0.92,Male,Has relevent experience,no_enrollment,Graduate,STEM,>20,100-500,Pvt Ltd,>4,36,0.0847457627118644,0.0847457627118644,22.0,1.0,0.7999999999999999,0.18,1.0,55.77,546,74.4,8.5,100.0,80.0,18.0,100.0,Senior Specialist,"['Deep seniority (22+ yrs)', 'STEM discipline', 'Domain-relevant experience']",0,Stable in Role
13142,city_103,0.92,Male,Has relevent experience,no_enrollment,Graduate,STEM,>20,100-500,Pvt Ltd,>4,36,0.0847457627118644,0.0847457627118644,22.0,1.0,0.7999999999999999,0.18,1.0,55.77,546,74.4,8.5,100.0,80.0,18.0,100.0,Senior Specialist,"['Deep seniority (22+ yrs)', 'STEM discipline', 'Domain-relevant experience']",0,Stable in Role
6694,city_16,0.91,Female,Has relevent experience,no_enrollment,Graduate,STEM,19,10/49,Pvt Ltd,>4,85,0.049019607843137254,0.049019607843137254,19.0,0.95,0.7999999999999999,0.425,1.0,55.72,548,74.3,4.9,95.0,80.0,42.5,100.0,Senior Specialist,"['Deep seniority (19+ yrs)', 'STEM discipline', 'Committed upskiller (85 hrs)', 'Domain-relevant experience']",0,Stable in Role
31410,city_160,0.92,Male,Has relevent experience,no_enrollment,Graduate,STEM,>20,100-500,Pvt Ltd,>4,35,0.0847457627118644,0.0847457627118644,22.0,1.0,0.7999999999999999,0.175,1.0,55.72,548,74.3,8.5,100.0,80.0,17.5,100.0,Senior Specialist,"['Deep seniority (22+ yrs)', 'STEM discipline', 'Domain-relevant experience']",0,Stable in Role
30670,city_103,0.92,Female,Has relevent experience,no_enrollment,Graduate,STEM,6,,,1,43,0.5733333333333334,0.5733333333333334,6.0,0.3,0.7999999999999999,0.215,1.0,55.72,548,74.3,57.3,30.0,80.0,21.5,100.0,Qualified Applicant,"['Open to progression', '6 yrs exp', 'STEM discipline', 'Domain-relevant experience']",1,Ready for Transition
15849,city_114,0.926,Male,No relevent experience,no_enrollment,Graduate,STEM,>20,,,>4,31,0.27564102564102566,0.27564102564102566,22.0,1.0,0.7999999999999999,0.155,0.35,55.7,551,74.2,27.6,100.0,80.0,15.5,35.0,Senior Specialist,"['Deep seniority (22+ yrs)', 'STEM discipline']",0,Stable in Role
29832,city_21,0.624,Male,Has relevent experience,no_enrollment,Masters,STEM,4,50-99,Pvt Ltd,4,13,0.5838509316770185,0.5838509316770185,4.0,0.2,0.98,0.065,1.0,55.68,552,74.1,58.4,20.0,98.0,6.5,100.0,Qualified Applicant,"['Open to progression', '4 yrs exp', 'Advanced degree (Masters)', 'STEM discipline']",1,Ready for Transition
21976,city_16,0.91,Male,Has relevent experience,no_enrollment,Graduate,STEM,>20,1000-4999,Public Sector,>4,34,0.0847457627118644,0.0847457627118644,22.0,1.0,0.7999999999999999,0.17,1.0,55.67,553,74.1,8.5,100.0,80.0,17.0,100.0,Senior Specialist,"['Deep seniority (22+ yrs)', 'STEM discipline', 'Domain-relevant experience']",0,Stable in Role
7773,city_21,0.624,,Has relevent experience,Full time course,Graduate,STEM,7,1000-4999,Pvt Ltd,1,9,0.5838509316770185,0.5838509316770185,7.0,0.35,0.7999999999999999,0.045,1.0,55.63,554,74.0,58.4,35.0,80.0,4.5,100.0,Qualified Applicant,"['Open to progression', '7 yrs exp', 'STEM discipline', 'Domain-relevant experience']",1,Ready for Transition
27199,city_103,0.92,Male,Has relevent experience,no_enrollment,Masters,Humanities,>20,100-500,Pvt Ltd,1,1,0.0847457627118644,0.0847457627118644,22.0,1.0,0.88,0.005,1.0,55.62,555,74.0,8.5,100.0,88.0,0.5,100.0,Senior Specialist,"['Deep seniority (22+ yrs)', 'Advanced degree (Masters)', 'Domain-relevant experience']",0,Stable in Role
13962,city_36,0.893,Male,Has relevent experience,no_enrollment,Masters,Humanities,20,50-99,Pvt Ltd,1,26,0.049019607843137254,0.049019607843137254,20.0,1.0,0.88,0.13,1.0,55.62,555,74.0,4.9,100.0,88.0,13.0,100.0,Senior Specialist,"['Deep seniority (20+ yrs)', 'Advanced degree (Masters)', 'Domain-relevant experience']",0,Stable in Role
31466,city_24,0.698,Male,Has relevent experience,no_enrollment,Masters,STEM,11,,,3,52,0.27564102564102566,0.27564102564102566,11.0,0.55,0.98,0.26,1.0,55.6,557,73.9,27.6,55.0,98.0,26.0,100.0,Qualified Applicant,"['Mid-to-Senior (11 yrs)', 'Advanced degree (Masters)', 'STEM discipline', 'Domain-relevant experience']",0,Stable in Role
20068,city_114,0.926,Male,Has relevent experience,Part time course,Graduate,Humanities,>20,,,>4,72,0.0847457627118644,0.0847457627118644,22.0,1.0,0.7,0.36,1.0,55.57,558,73.8,8.5,100.0,70.0,36.0,100.0,Senior Specialist,"['Deep seniority (22+ yrs)', 'Domain-relevant experience']",0,Stable in Role
18825,city_16,0.91,Male,Has relevent experience,no_enrollment,Graduate,STEM,>20,100-500,Pvt Ltd,>4,42,0.07035175879396985,0.07035175879396985,22.0,1.0,0.7999999999999999,0.21,1.0,55.56,559,73.8,7.0,100.0,80.0,21.0,100.0,Senior Specialist,"['Deep seniority (22+ yrs)', 'STEM discipline', 'Domain-relevant experience']",0,Stable in Role
19471,city_138,0.836,Male,Has relevent experience,Part time course,Graduate,STEM,>20,10/49,Pvt Ltd,1,65,0.037037037037037035,0.037037037037037035,22.0,1.0,0.7999999999999999,0.325,1.0,55.55,560,73.6,3.7,100.0,80.0,32.5,100.0,Senior Specialist,"['Deep seniority (22+ yrs)', 'STEM discipline', 'Domain-relevant experience']",0,Stable in Role
31613,city_160,0.92,Male,Has relevent experience,no_enrollment,Graduate,STEM,>20,10000+,Public Sector,>4,8,0.11859838274932614,0.11859838274932614,22.0,1.0,0.7999999999999999,0.04,1.0,55.55,560,73.6,11.9,100.0,80.0,4.0,100.0,Senior Specialist,"['Deep seniority (22+ yrs)', 'STEM discipline', 'Domain-relevant experience']",0,Stable in Role
29018,city_102,0.804,Male,Has relevent experience,no_enrollment,Graduate,STEM,13,10/49,,>4,73,0.27564102564102566,0.27564102564102566,13.0,0.65,0.7999999999999999,0.365,1.0,55.55,560,73.6,27.6,65.0,80.0,36.5,100.0,Senior Specialist,"['Mid-to-Senior (13 yrs)', 'STEM discipline', 'Domain-relevant experience']",0,Stable in Role
22139,city_103,0.92,Male,Has relevent experience,Part time course,Graduate,STEM,>20,100-500,Pvt Ltd,>4,8,0.11859838274932614,0.11859838274932614,22.0,1.0,0.7999999999999999,0.04,1.0,55.55,560,73.6,11.9,100.0,80.0,4.0,100.0,Senior Specialist,"['Deep seniority (22+ yrs)', 'STEM discipline', 'Domain-relevant experience']",0,Stable in Role
20943,city_160,0.92,Male,Has relevent experience,no_enrollment,Graduate,STEM,>20,10000+,Pvt Ltd,>4,8,0.11859838274932614,0.11859838274932614,22.0,1.0,0.7999999999999999,0.04,1.0,55.55,560,73.6,11.9,100.0,80.0,4.0,100.0,Senior Specialist,"['Deep seniority (22+ yrs)', 'STEM discipline', 'Domain-relevant experience']",0,Stable in Role
25891,city_103,0.92,Male,Has relevent experience,no_enrollment,Graduate,STEM,>20,10000+,Pvt Ltd,>4,8,0.11859838274932614,0.11859838274932614,22.0,1.0,0.7999999999999999,0.04,1.0,55.55,560,73.6,11.9,100.0,80.0,4.0,100.0,Senior Specialist,"['Deep seniority (22+ yrs)', 'STEM discipline', 'Domain-relevant experience']",0,Stable in Role
9752,city_21,0.624,,Has relevent experience,Full time course,Graduate,STEM,6,,,4,32,0.5838509316770185,0.5838509316770185,6.0,0.3,0.7999999999999999,0.16,1.0,55.53,566,73.5,58.4,30.0,80.0,16.0,100.0,Qualified Applicant,"['Open to progression', '6 yrs exp', 'STEM discipline', 'Domain-relevant experience']",1,Ready for Transition
31441,city_75,0.939,Male,Has relevent experience,no_enrollment,Graduate,STEM,15,,Public Sector,2,156,0.0847457627118644,0.0847457627118644,15.0,0.75,0.7999999999999999,0.78,1.0,55.52,567,73.4,8.5,75.0,80.0,78.0,100.0,Senior Specialist,"['Deep seniority (15+ yrs)', 'STEM discipline', 'Committed upskiller (156 hrs)', 'Domain-relevant experience']",0,Stable in Role
32649,city_21,0.624,,Has relevent experience,no_enrollment,Graduate,STEM,6,10/49,Funded Startup,2,31,0.5838509316770185,0.5838509316770185,6.0,0.3,0.7999999999999999,0.155,1.0,55.48,568,73.4,58.4,30.0,80.0,15.5,100.0,Qualified Applicant,"['Open to progression', '6 yrs exp', 'STEM discipline', 'Domain-relevant experience']",1,Ready for Transition
5841,city_75,0.939,Male,Has relevent experience,no_enrollment,Graduate,STEM,>20,10/49,Pvt Ltd,>4,55,0.049019607843137254,0.049019607843137254,22.0,1.0,0.7999999999999999,0.275,1.0,55.47,569,73.3,4.9,100.0,80.0,27.5,100.0,Senior Specialist,"['Deep seniority (22+ yrs)', 'STEM discipline', 'Domain-relevant experience']",0,Stable in Role
21548,city_16,0.91,Male,Has relevent experience,no_enrollment,Graduate,STEM,>20,100-500,Pvt Ltd,1,55,0.049019607843137254,0.049019607843137254,22.0,1.0,0.7999999999999999,0.275,1.0,55.47,569,73.3,4.9,100.0,80.0,27.5,100.0,Senior Specialist,"['Deep seniority (22+ yrs)', 'STEM discipline', 'Domain-relevant experience']",0,Stable in Role
14264,city_16,0.91,,Has relevent experience,no_enrollment,Graduate,STEM,>20,100-500,Pvt Ltd,>4,30,0.0847457627118644,0.0847457627118644,22.0,1.0,0.7999999999999999,0.15,1.0,55.47,569,73.3,8.5,100.0,80.0,15.0,100.0,Senior Specialist,"['Deep seniority (22+ yrs)', 'STEM discipline', 'Domain-relevant experience']",0,Stable in Role
32126,city_160,0.92,Male,Has relevent experience,no_enrollment,Graduate,STEM,16,100-500,Pvt Ltd,4,130,0.0847457627118644,0.0847457627118644,16.0,0.8,0.7999999999999999,0.65,1.0,55.47,569,73.3,8.5,80.0,80.0,65.0,100.0,Senior Specialist,"['Deep seniority (16+ yrs)', 'STEM discipline', 'Committed upskiller (130 hrs)', 'Domain-relevant experience']",0,Stable in Role
5255,city_21,0.624,,Has relevent experience,Part time course,Graduate,STEM,7,50-99,Pvt Ltd,>4,44,0.5289855072463768,0.5289855072463768,7.0,0.35,0.7999999999999999,0.22,1.0,55.46,573,73.1,52.9,35.0,80.0,22.0,100.0,Qualified Applicant,"['Open to progression', '7 yrs exp', 'STEM discipline', 'Domain-relevant experience']",1,Ready for Transition
10587,city_64,0.6659999999999999,Female,Has relevent experience,no_enrollment,Graduate,Humanities,14,,,1,23,0.3644859813084112,0.3644859813084112,14.0,0.7,0.7,0.115,1.0,55.41,574,73.1,36.4,70.0,70.0,11.5,100.0,Senior Specialist,"['Mid-to-Senior (14 yrs)', 'Domain-relevant experience']",0,Stable in Role
2358,city_11,0.55,Male,Has relevent experience,Full time course,Graduate,STEM,7,<10,Early Stage Startup,1,11,0.5733333333333334,0.5733333333333334,7.0,0.35,0.7999999999999999,0.055,1.0,55.37,575,73.0,57.3,35.0,80.0,5.5,100.0,Qualified Applicant,"['Open to progression', '7 yrs exp', 'STEM discipline', 'Domain-relevant experience']",1,Ready for Transition
16831,city_103,0.92,Male,Has relevent experience,no_enrollment,Graduate,STEM,>20,50-99,Pvt Ltd,>4,53,0.049019607843137254,0.049019607843137254,22.0,1.0,0.7999999999999999,0.265,1.0,55.37,575,73.0,4.9,100.0,80.0,26.5,100.0,Senior Specialist,"['Deep seniority (22+ yrs)', 'STEM discipline', 'Domain-relevant experience']",0,Stable in Role
27543,city_65,0.802,Male,Has relevent experience,no_enrollment,Graduate,STEM,>20,10/49,Pvt Ltd,1,53,0.049019607843137254,0.049019607843137254,22.0,1.0,0.7999999999999999,0.265,1.0,55.37,575,73.0,4.9,100.0,80.0,26.5,100.0,Senior Specialist,"['Deep seniority (22+ yrs)', 'STEM discipline', 'Domain-relevant experience']",0,Stable in Role
20419,city_21,0.624,,Has relevent experience,no_enrollment,Graduate,STEM,7,1000-4999,Pvt Ltd,4,42,0.5289855072463768,0.5289855072463768,7.0,0.35,0.7999999999999999,0.21,1.0,55.36,578,72.9,52.9,35.0,80.0,21.0,100.0,Qualified Applicant,"['Open to progression', '7 yrs exp', 'STEM discipline', 'Domain-relevant experience']",1,Ready for Transition
29658,city_16,0.91,Male,Has relevent experience,no_enrollment,Graduate,STEM,>20,<10,Funded Startup,2,87,0.0,0.0,22.0,1.0,0.7999999999999999,0.435,1.0,55.35,579,72.8,0.0,100.0,80.0,43.5,100.0,Senior Specialist,"['Deep seniority (22+ yrs)', 'STEM discipline', 'Committed upskiller (87 hrs)', 'Domain-relevant experience']",0,Stable in Role
27463,city_10,0.895,,No relevent experience,no_enrollment,Masters,STEM,>20,100-500,Pvt Ltd,2,62,0.11859838274932614,0.11859838274932614,22.0,1.0,0.98,0.31,0.35,55.35,579,72.8,11.9,100.0,98.0,31.0,35.0,Senior Specialist,"['Deep seniority (22+ yrs)', 'Advanced degree (Masters)', 'STEM discipline']",0,Stable in Role
21920,city_16,0.91,Female,No relevent experience,no_enrollment,Phd,STEM,19,1000-4999,NGO,1,64,0.14,0.14,19.0,0.95,1.0,0.32,0.35,55.35,579,72.8,14.0,95.0,100.0,32.0,35.0,Senior Specialist,"['Deep seniority (19+ yrs)', 'Advanced degree (Phd)', 'STEM discipline']",0,Stable in Role
24396,city_70,0.698,Male,Has relevent experience,no_enrollment,Graduate,STEM,18,100-500,Pvt Ltd,2,54,0.11859838274932614,0.11859838274932614,18.0,0.9,0.7999999999999999,0.27,1.0,55.35,579,72.8,11.9,90.0,80.0,27.0,100.0,Senior Specialist,"['Deep seniority (18+ yrs)', 'STEM discipline', 'Domain-relevant experience']",0,Stable in Role
27124,city_103,0.92,Male,Has relevent experience,no_enrollment,Graduate,STEM,>20,10000+,Public Sector,>4,4,0.11859838274932614,0.11859838274932614,22.0,1.0,0.7999999999999999,0.02,1.0,55.35,579,72.8,11.9,100.0,80.0,2.0,100.0,Senior Specialist,"['Deep seniority (22+ yrs)', 'STEM discipline', 'Domain-relevant experience']",0,Stable in Role
13314,city_21,0.624,Male,Has relevent experience,no_enrollment,Graduate,STEM,3,50-99,Pvt Ltd,1,103,0.5838509316770185,0.5838509316770185,3.0,0.15,0.7999999999999999,0.515,1.0,55.33,584,72.6,58.4,15.0,80.0,51.5,100.0,Qualified Applicant,"['Open to progression', '3 yrs exp', 'STEM discipline', 'Committed upskiller (103 hrs)']",1,Ready for Transition
15726,city_61,0.913,Male,Has relevent experience,no_enrollment,Graduate,STEM,>20,,Pvt Ltd,1,52,0.049019607843137254,0.049019607843137254,22.0,1.0,0.7999999999999999,0.26,1.0,55.32,585,72.5,4.9,100.0,80.0,26.0,100.0,Senior Specialist,"['Deep seniority (22+ yrs)', 'STEM discipline', 'Domain-relevant experience']",0,Stable in Role
4879,city_83,0.923,Male,Has relevent experience,no_enrollment,Graduate,STEM,>20,50-99,Pvt Ltd,>4,52,0.049019607843137254,0.049019607843137254,22.0,1.0,0.7999999999999999,0.26,1.0,55.32,585,72.5,4.9,100.0,80.0,26.0,100.0,Senior Specialist,"['Deep seniority (22+ yrs)', 'STEM discipline', 'Domain-relevant experience']",0,Stable in Role
1886,city_103,0.92,Male,Has relevent experience,no_enrollment,Graduate,Humanities,>20,10/49,Early Stage Startup,1,92,0.049019607843137254,0.049019607843137254,22.0,1.0,0.7,0.46,1.0,55.32,585,72.5,4.9,100.0,70.0,46.0,100.0,Senior Specialist,"['Deep seniority (22+ yrs)', 'Committed upskiller (92 hrs)', 'Domain-relevant experience']",0,Stable in Role
9544,city_21,0.624,Male,No relevent experience,no_enrollment,Graduate,STEM,4,,,never,190,0.6077348066298343,0.6077348066298343,4.0,0.2,0.7999999999999999,0.95,0.35,55.27,588,72.4,60.8,20.0,80.0,95.0,35.0,Qualified Applicant,"['Open to progression', '4 yrs exp', 'STEM discipline', 'Committed upskiller (190 hrs)']",1,Ready for Transition
19117,city_103,0.92,Male,Has relevent experience,no_enrollment,Graduate,STEM,7,100-500,,1,9,0.5733333333333334,0.5733333333333334,7.0,0.35,0.7999999999999999,0.045,1.0,55.27,588,72.4,57.3,35.0,80.0,4.5,100.0,Qualified Applicant,"['Open to progression', '7 yrs exp', 'STEM discipline', 'Domain-relevant experience']",1,Ready for Transition
28035,city_16,0.91,Male,No relevent experience,no_enrollment,Graduate,STEM,>20,,,>4,22,0.27564102564102566,0.27564102564102566,22.0,1.0,0.7999999999999999,0.11,0.35,55.25,590,72.3,27.6,100.0,80.0,11.0,35.0,Senior Specialist,"['Deep seniority (22+ yrs)', 'STEM discipline']",0,Stable in Role
1406,city_103,0.92,Male,Has relevent experience,no_enrollment,Graduate,STEM,14,<10,Pvt Ltd,>4,260,0.049019607843137254,0.049019607843137254,14.0,0.7,0.7999999999999999,1.0,1.0,55.22,591,72.2,4.9,70.0,80.0,100.0,100.0,Senior Specialist,"['Mid-to-Senior (14 yrs)', 'STEM discipline', 'Committed upskiller (260 hrs)', 'Domain-relevant experience']",0,Stable in Role
32996,city_114,0.926,Male,Has relevent experience,no_enrollment,Graduate,STEM,13,100-500,Pvt Ltd,>4,204,0.0847457627118644,0.0847457627118644,13.0,0.65,0.7999999999999999,1.0,1.0,55.22,591,72.2,8.5,65.0,80.0,100.0,100.0,Senior Specialist,"['Mid-to-Senior (13 yrs)', 'STEM discipline', 'Committed upskiller (204 hrs)', 'Domain-relevant experience']",0,Stable in Role
25202,city_21,0.624,Male,Has relevent experience,no_enrollment,Graduate,STEM,6,1000-4999,Pvt Ltd,3,33,0.5733333333333334,0.5733333333333334,6.0,0.3,0.7999999999999999,0.165,1.0,55.22,591,72.2,57.3,30.0,80.0,16.5,100.0,Qualified Applicant,"['Open to progression', '6 yrs exp', 'STEM discipline', 'Domain-relevant experience']",1,Ready for Transition
16014,city_103,0.92,Male,Has relevent experience,no_enrollment,Masters,STEM,17,100-500,Pvt Ltd,1,28,0.0847457627118644,0.0847457627118644,17.0,0.85,0.98,0.14,1.0,55.22,591,72.2,8.5,85.0,98.0,14.0,100.0,Senior Specialist,"['Deep seniority (17+ yrs)', 'Advanced degree (Masters)', 'STEM discipline', 'Domain-relevant experience']",0,Stable in Role
9800,city_103,0.92,,No relevent experience,no_enrollment,Masters,STEM,>20,10000+,Pvt Ltd,3,59,0.11859838274932614,0.11859838274932614,22.0,1.0,0.98,0.295,0.35,55.2,595,72.1,11.9,100.0,98.0,29.5,35.0,Senior Specialist,"['Deep seniority (22+ yrs)', 'Advanced degree (Masters)', 'STEM discipline']",0,Stable in Role
1968,city_104,0.924,Male,Has relevent experience,no_enrollment,Phd,STEM,>20,50-99,Funded Startup,2,4,0.0,0.0,22.0,1.0,1.0,0.02,1.0,55.2,595,72.1,0.0,100.0,100.0,2.0,100.0,Senior Specialist,"['Deep seniority (22+ yrs)', 'Advanced degree (Phd)', 'STEM discipline', 'Domain-relevant experience']",0,Stable in Role
30867,city_21,0.624,,Has relevent experience,no_enrollment,Graduate,STEM,3,100-500,Pvt Ltd,1,100,0.5838509316770185,0.5838509316770185,3.0,0.15,0.7999999999999999,0.5,1.0,55.18,597,72.0,58.4,15.0,80.0,50.0,100.0,Qualified Applicant,"['Open to progression', '3 yrs exp', 'STEM discipline', 'Committed upskiller (100 hrs)']",1,Ready for Transition
24570,city_16,0.91,Male,Has relevent experience,no_enrollment,Graduate,Humanities,>20,10000+,Pvt Ltd,>4,89,0.049019607843137254,0.049019607843137254,22.0,1.0,0.7,0.445,1.0,55.17,598,71.9,4.9,100.0,70.0,44.5,100.0,Senior Specialist,"['Deep seniority (22+ yrs)', 'Committed upskiller (89 hrs)', 'Domain-relevant experience']",0,Stable in Role
6058,city_98,0.949,Male,Has relevent experience,no_enrollment,Masters,STEM,15,50-99,,2,102,0.049019607843137254,0.049019607843137254,15.0,0.75,0.98,0.51,1.0,55.17,598,71.9,4.9,75.0,98.0,51.0,100.0,Senior Specialist,"['Deep seniority (15+ yrs)', 'Advanced degree (Masters)', 'STEM discipline', 'Committed upskiller (102 hrs)']",0,Stable in Role
32027,city_103,0.92,Male,Has relevent experience,no_enrollment,Graduate,STEM,>20,50-99,Pvt Ltd,4,24,0.0847457627118644,0.0847457627118644,22.0,1.0,0.7999999999999999,0.12,1.0,55.17,598,71.9,8.5,100.0,80.0,12.0,100.0,Senior Specialist,"['Deep seniority (22+ yrs)', 'STEM discipline', 'Domain-relevant experience']",0,Stable in Role
31629,city_61,0.913,Male,Has relevent experience,no_enrollment,Graduate,STEM,19,<10,Pvt Ltd,1,74,0.049019607843137254,0.049019607843137254,19.0,0.95,0.7999999999999999,0.37,1.0,55.17,598,71.9,4.9,95.0,80.0,37.0,100.0,Senior Specialist,"['Deep seniority (19+ yrs)', 'STEM discipline', 'Domain-relevant experience']",0,Stable in Role
12884,city_103,0.92,Male,Has relevent experience,no_enrollment,Graduate,STEM,20,50-99,Funded Startup,1,34,0.07035175879396985,0.07035175879396985,20.0,1.0,0.7999999999999999,0.17,1.0,55.16,602,71.7,7.0,100.0,80.0,17.0,100.0,Senior Specialist,"['Deep seniority (20+ yrs)', 'STEM discipline', 'Domain-relevant experience']",0,Stable in Role
21833,city_16,0.91,Male,Has relevent experience,no_enrollment,Graduate,STEM,20,50-99,Pvt Ltd,>4,34,0.07035175879396985,0.07035175879396985,20.0,1.0,0.7999999999999999,0.17,1.0,55.16,602,71.7,7.0,100.0,80.0,17.0,100.0,Senior Specialist,"['Deep seniority (20+ yrs)', 'STEM discipline', 'Domain-relevant experience']",0,Stable in Role
22143,city_103,0.92,,Has relevent experience,no_enrollment,Graduate,STEM,>20,5000-9999,Pvt Ltd,1,34,0.07035175879396985,0.07035175879396985,22.0,1.0,0.7999999999999999,0.17,1.0,55.16,602,71.7,7.0,100.0,80.0,17.0,100.0,Senior Specialist,"['Deep seniority (22+ yrs)', 'STEM discipline', 'Domain-relevant experience']",0,Stable in Role
27693,city_83,0.923,Male,Has relevent experience,no_enrollment,Graduate,STEM,18,100-500,Pvt Ltd,>4,50,0.11859838274932614,0.11859838274932614,18.0,0.9,0.7999999999999999,0.25,1.0,55.15,605,71.6,11.9,90.0,80.0,25.0,100.0,Senior Specialist,"['Deep seniority (18+ yrs)', 'STEM discipline', 'Domain-relevant experience']",0,Stable in Role
5296,city_114,0.926,Male,Has relevent experience,Full time course,Masters,STEM,12,100-500,Pvt Ltd,3,151,0.0847457627118644,0.0847457627118644,12.0,0.6,0.98,0.755,1.0,55.12,606,71.5,8.5,60.0,98.0,75.5,100.0,Senior Specialist,"['Mid-to-Senior (12 yrs)', 'Advanced degree (Masters)', 'STEM discipline', 'Committed upskiller (151 hrs)']",0,Stable in Role
4037,city_103,0.92,Male,Has relevent experience,Full time course,Graduate,STEM,>20,50-99,Pvt Ltd,>4,23,0.0847457627118644,0.0847457627118644,22.0,1.0,0.7999999999999999,0.115,1.0,55.12,606,71.5,8.5,100.0,80.0,11.5,100.0,Senior Specialist,"['Deep seniority (22+ yrs)', 'STEM discipline', 'Domain-relevant experience']",0,Stable in Role
19102,city_9,0.743,Male,Has relevent experience,Full time course,,,19,10/49,Funded Startup,2,128,0.0847457627118644,0.0847457627118644,19.0,0.95,0.6,0.64,1.0,55.12,606,71.5,8.5,95.0,60.0,64.0,100.0,Senior Specialist,"['Deep seniority (19+ yrs)', 'Committed upskiller (128 hrs)', 'Domain-relevant experience']",0,Stable in Role
8837,city_99,0.915,,Has relevent experience,no_enrollment,,,>20,50-99,Pvt Ltd,2,79,0.11859838274932614,0.11859838274932614,22.0,1.0,0.6,0.395,1.0,55.1,609,71.4,11.9,100.0,60.0,39.5,100.0,Senior Specialist,"['Deep seniority (22+ yrs)', 'Domain-relevant experience']",0,Stable in Role
29383,city_100,0.887,Male,No relevent experience,no_enrollment,Graduate,STEM,9,,,1,78,0.5838509316770185,0.5838509316770185,9.0,0.45,0.7999999999999999,0.39,0.35,55.08,610,71.4,58.4,45.0,80.0,39.0,35.0,Qualified Applicant,"['Open to progression', 'Mid-to-Senior (9 yrs)', 'STEM discipline']",1,Ready for Transition
25371,city_173,0.878,Male,Has relevent experience,no_enrollment,Graduate,STEM,>20,10/49,Pvt Ltd,>4,47,0.049019607843137254,0.049019607843137254,22.0,1.0,0.7999999999999999,0.235,1.0,55.07,611,71.3,4.9,100.0,80.0,23.5,100.0,Senior Specialist,"['Deep seniority (22+ yrs)', 'STEM discipline', 'Domain-relevant experience']",0,Stable in Role
576,city_103,0.92,Male,Has relevent experience,no_enrollment,Graduate,STEM,>20,100-500,Pvt Ltd,2,22,0.0847457627118644,0.0847457627118644,22.0,1.0,0.7999999999999999,0.11,1.0,55.07,611,71.3,8.5,100.0,80.0,11.0,100.0,Senior Specialist,"['Deep seniority (22+ yrs)', 'STEM discipline', 'Domain-relevant experience']",0,Stable in Role
33080,city_16,0.91,Male,Has relevent experience,no_enrollment,Graduate,STEM,>20,50-99,Pvt Ltd,never,32,0.07035175879396985,0.07035175879396985,22.0,1.0,0.7999999999999999,0.16,1.0,55.06,613,71.2,7.0,100.0,80.0,16.0,100.0,Senior Specialist,"['Deep seniority (22+ yrs)', 'STEM discipline', 'Domain-relevant experience']",0,Stable in Role
16216,city_75,0.939,Male,Has relevent experience,no_enrollment,Graduate,STEM,19,10/49,Pvt Ltd,4,51,0.07894736842105263,0.07894736842105263,19.0,0.95,0.7999999999999999,0.255,1.0,55.06,613,71.2,7.9,95.0,80.0,25.5,100.0,Senior Specialist,"['Deep seniority (19+ yrs)', 'STEM discipline', 'Domain-relevant experience']",0,Stable in Role
12308,city_143,0.74,,No relevent experience,no_enrollment,Graduate,STEM,10,1000-4999,Public Sector,>4,84,0.5384615384615384,0.5384615384615384,10.0,0.5,0.7999999999999999,0.42,0.35,55.05,615,71.2,53.8,50.0,80.0,42.0,35.0,Qualified Applicant,"['Open to progression', 'Mid-to-Senior (10 yrs)', 'STEM discipline', 'Committed upskiller (84 hrs)']",1,Ready for Transition
5962,city_21,0.624,,Has relevent experience,no_enrollment,Graduate,STEM,5,50-99,Pvt Ltd,1,47,0.5838509316770185,0.5838509316770185,5.0,0.25,0.7999999999999999,0.235,1.0,55.03,616,71.1,58.4,25.0,80.0,23.5,100.0,Qualified Applicant,"['Open to progression', '5 yrs exp', 'STEM discipline', 'Domain-relevant experience']",1,Ready for Transition
31378,city_16,0.91,Male,Has relevent experience,no_enrollment,Masters,Business Degree,>20,1000-4999,Pvt Ltd,>4,14,0.049019607843137254,0.049019607843137254,22.0,1.0,0.88,0.07,1.0,55.02,617,71.0,4.9,100.0,88.0,7.0,100.0,Senior Specialist,"['Deep seniority (22+ yrs)', 'Advanced degree (Masters)', 'Domain-relevant experience']",0,Stable in Role
24057,city_21,0.624,Male,Has relevent experience,no_enrollment,Graduate,STEM,5,100-500,Pvt Ltd,never,54,0.5733333333333334,0.5733333333333334,5.0,0.25,0.7999999999999999,0.27,1.0,55.02,617,71.0,57.3,25.0,80.0,27.0,100.0,Qualified Applicant,"['Open to progression', '5 yrs exp', 'STEM discipline', 'Domain-relevant experience']",1,Ready for Transition
9237,city_65,0.802,,Has relevent experience,no_enrollment,Phd,STEM,17,50-99,Pvt Ltd,>4,41,0.049019607843137254,0.049019607843137254,17.0,0.85,1.0,0.205,1.0,55.02,617,71.0,4.9,85.0,100.0,20.5,100.0,Senior Specialist,"['Deep seniority (17+ yrs)', 'Advanced degree (Phd)', 'STEM discipline', 'Domain-relevant experience']",0,Stable in Role
14658,city_102,0.804,Male,Has relevent experience,no_enrollment,Masters,STEM,17,10/49,Pvt Ltd,>4,34,0.07035175879396985,0.07035175879396985,17.0,0.85,0.98,0.17,1.0,55.01,620,70.9,7.0,85.0,98.0,17.0,100.0,Senior Specialist,"['Deep seniority (17+ yrs)', 'Advanced degree (Masters)', 'STEM discipline', 'Domain-relevant experience']",0,Stable in Role
28383,city_150,0.698,Other,No relevent experience,Full time course,,,>20,,,never,97,0.27564102564102566,0.27564102564102566,22.0,1.0,0.6,0.485,0.35,55.0,621,70.8,27.6,100.0,60.0,48.5,35.0,Senior Specialist,"['Deep seniority (22+ yrs)', 'Committed upskiller (97 hrs)']",0,Stable in Role
15027,city_103,0.92,Male,Has relevent experience,no_enrollment,Graduate,STEM,>20,<10,Pvt Ltd,3,54,0.037037037037037035,0.037037037037037035,22.0,1.0,0.7999999999999999,0.27,1.0,55.0,621,70.8,3.7,100.0,80.0,27.0,100.0,Senior Specialist,"['Deep seniority (22+ yrs)', 'STEM discipline', 'Domain-relevant experience']",0,Stable in Role
10560,city_36,0.893,Male,Has relevent experience,no_enrollment,Graduate,STEM,>20,<10,Pvt Ltd,>4,80,0.0,0.0,22.0,1.0,0.7999999999999999,0.4,1.0,55.0,621,70.8,0.0,100.0,80.0,40.0,100.0,Senior Specialist,"['Deep seniority (22+ yrs)', 'STEM discipline', 'Committed upskiller (80 hrs)', 'Domain-relevant experience']",0,Stable in Role
26370,city_73,0.754,Male,Has relevent experience,Part time course,Graduate,STEM,>20,10/49,Pvt Ltd,1,20,0.0847457627118644,0.0847457627118644,22.0,1.0,0.7999999999999999,0.1,1.0,54.97,624,70.7,8.5,100.0,80.0,10.0,100.0,Senior Specialist,"['Deep seniority (22+ yrs)', 'STEM discipline', 'Domain-relevant experience']",0,Stable in Role
10548,city_16,0.91,Male,Has relevent experience,no_enrollment,Graduate,STEM,>20,100-500,Pvt Ltd,1,45,0.049019607843137254,0.049019607843137254,22.0,1.0,0.7999999999999999,0.225,1.0,54.97,624,70.7,4.9,100.0,80.0,22.5,100.0,Senior Specialist,"['Deep seniority (22+ yrs)', 'STEM discipline', 'Domain-relevant experience']",0,Stable in Role
10049,city_160,0.92,Male,Has relevent experience,no_enrollment,Graduate,STEM,>20,100-500,Pvt Ltd,1,20,0.0847457627118644,0.0847457627118644,22.0,1.0,0.7999999999999999,0.1,1.0,54.97,624,70.7,8.5,100.0,80.0,10.0,100.0,Senior Specialist,"['Deep seniority (22+ yrs)', 'STEM discipline', 'Domain-relevant experience']",0,Stable in Role
17188,city_21,0.624,Male,No relevent experience,no_enrollment,Graduate,STEM,10,<10,Funded Startup,1,57,0.5733333333333334,0.5733333333333334,10.0,0.5,0.7999999999999999,0.285,0.35,54.92,627,70.5,57.3,50.0,80.0,28.5,35.0,Qualified Applicant,"['Open to progression', 'Mid-to-Senior (10 yrs)', 'STEM discipline']",1,Ready for Transition
26660,city_103,0.92,,Has relevent experience,no_enrollment,Graduate,No Major,>20,10/49,Pvt Ltd,>4,84,0.049019607843137254,0.049019607843137254,22.0,1.0,0.7,0.42,1.0,54.92,627,70.5,4.9,100.0,70.0,42.0,100.0,Senior Specialist,"['Deep seniority (22+ yrs)', 'Committed upskiller (84 hrs)', 'Domain-relevant experience']",0,Stable in Role
19942,city_149,0.6890000000000001,Female,No relevent experience,Full time course,Masters,STEM,9,,,never,10,0.5733333333333334,0.5733333333333334,9.0,0.45,0.98,0.05,0.35,54.92,627,70.5,57.3,45.0,98.0,5.0,35.0,Qualified Applicant,"['Open to progression', 'Mid-to-Senior (9 yrs)', 'Advanced degree (Masters)', 'STEM discipline']",1,Ready for Transition
28061,city_21,0.624,Male,Has relevent experience,no_enrollment,Graduate,STEM,3,100-500,Pvt Ltd,1,78,0.6077348066298343,0.6077348066298343,3.0,0.15,0.7999999999999999,0.39,1.0,54.92,627,70.5,60.8,15.0,80.0,39.0,100.0,Qualified Applicant,"['Open to progression', '3 yrs exp', 'STEM discipline', 'Domain-relevant experience']",1,Ready for Transition
12831,city_103,0.92,Male,Has relevent experience,no_enrollment,Masters,STEM,14,10000+,Pvt Ltd,1,97,0.0847457627118644,0.0847457627118644,14.0,0.7,0.98,0.485,1.0,54.92,627,70.5,8.5,70.0,98.0,48.5,100.0,Senior Specialist,"['Mid-to-Senior (14 yrs)', 'Advanced degree (Masters)', 'STEM discipline', 'Committed upskiller (97 hrs)']",0,Stable in Role
20612,city_21,0.624,,Has relevent experience,no_enrollment,Graduate,STEM,1,100-500,Pvt Ltd,never,128,0.6077348066298343,0.6077348066298343,1.0,0.05,0.7999999999999999,0.64,1.0,54.92,627,70.5,60.8,5.0,80.0,64.0,100.0,Qualified Applicant,"['Open to progression', '1 yrs exp', 'STEM discipline', 'Committed upskiller (128 hrs)']",1,Ready for Transition
31451,city_21,0.624,Male,Has relevent experience,no_enrollment,Graduate,STEM,6,100-500,Pvt Ltd,1,19,0.5838509316770185,0.5838509316770185,6.0,0.3,0.7999999999999999,0.095,1.0,54.88,633,70.3,58.4,30.0,80.0,9.5,100.0,Qualified Applicant,"['Open to progression', '6 yrs exp', 'STEM discipline', 'Domain-relevant experience']",1,Ready for Transition
7865,city_21,0.624,Male,Has relevent experience,no_enrollment,Masters,STEM,4,100-500,Pvt Ltd,1,4,0.5733333333333334,0.5733333333333334,4.0,0.2,0.98,0.02,1.0,54.87,634,70.2,57.3,20.0,98.0,2.0,100.0,Qualified Applicant,"['Open to progression', '4 yrs exp', 'Advanced degree (Masters)', 'STEM discipline']",1,Ready for Transition
15629,city_114,0.926,Male,Has relevent experience,no_enrollment,Masters,STEM,18,1000-4999,Pvt Ltd,2,21,0.049019607843137254,0.049019607843137254,18.0,0.9,0.98,0.105,1.0,54.87,634,70.2,4.9,90.0,98.0,10.5,100.0,Senior Specialist,"['Deep seniority (18+ yrs)', 'Advanced degree (Masters)', 'STEM discipline', 'Domain-relevant experience']",0,Stable in Role
7563,city_160,0.92,Male,Has relevent experience,no_enrollment,Graduate,STEM,18,100-500,Pvt Ltd,1,78,0.07035175879396985,0.07035175879396985,18.0,0.9,0.7999999999999999,0.39,1.0,54.86,636,70.2,7.0,90.0,80.0,39.0,100.0,Senior Specialist,"['Deep seniority (18+ yrs)', 'STEM discipline', 'Domain-relevant experience']",0,Stable in Role
2937,city_89,0.925,,Has relevent experience,no_enrollment,Graduate,STEM,>20,<10,Early Stage Startup,1,42,0.049019607843137254,0.049019607843137254,22.0,1.0,0.7999999999999999,0.21,1.0,54.82,637,70.1,4.9,100.0,80.0,21.0,100.0,Senior Specialist,"['Deep seniority (22+ yrs)', 'STEM discipline', 'Domain-relevant experience']",0,Stable in Role
27108,city_103,0.92,Male,Has relevent experience,no_enrollment,Graduate,STEM,>20,50-99,Pvt Ltd,>4,17,0.0847457627118644,0.0847457627118644,22.0,1.0,0.7999999999999999,0.085,1.0,54.82,637,70.1,8.5,100.0,80.0,8.5,100.0,Senior Specialist,"['Deep seniority (22+ yrs)', 'STEM discipline', 'Domain-relevant experience']",0,Stable in Role
22510,city_21,0.624,,Has relevent experience,no_enrollment,,,8,10/49,Pvt Ltd,1,55,0.5733333333333334,0.5733333333333334,8.0,0.4,0.6,0.275,1.0,54.82,637,70.1,57.3,40.0,60.0,27.5,100.0,Qualified Applicant,"['Open to progression', 'Mid-to-Senior (8 yrs)', 'Domain-relevant experience']",1,Ready for Transition
268,city_103,0.92,Male,Has relevent experience,no_enrollment,Graduate,STEM,>20,10/49,Funded Startup,>4,76,0.0,0.0,22.0,1.0,0.7999999999999999,0.38,1.0,54.8,640,70.0,0.0,100.0,80.0,38.0,100.0,Senior Specialist,"['Deep seniority (22+ yrs)', 'STEM discipline', 'Domain-relevant experience']",0,Stable in Role
2954,city_159,0.843,Male,Has relevent experience,Part time course,Graduate,STEM,>20,10/49,Funded Startup,1,76,0.0,0.0,22.0,1.0,0.7999999999999999,0.38,1.0,54.8,640,70.0,0.0,100.0,80.0,38.0,100.0,Senior Specialist,"['Deep seniority (22+ yrs)', 'STEM discipline', 'Domain-relevant experience']",0,Stable in Role
14516,city_11,0.55,Male,Has relevent experience,Full time course,Graduate,STEM,4,50-99,Pvt Ltd,1,50,0.6077348066298343,0.6077348066298343,4.0,0.2,0.7999999999999999,0.25,1.0,54.77,642,69.8,60.8,20.0,80.0,25.0,100.0,Qualified Applicant,"['Open to progression', '4 yrs exp', 'STEM discipline', 'Domain-relevant experience']",1,Ready for Transition
25585,city_21,0.624,Male,Has relevent experience,no_enrollment,Graduate,STEM,4,100-500,Pvt Ltd,2,50,0.6077348066298343,0.6077348066298343,4.0,0.2,0.7999999999999999,0.25,1.0,54.77,642,69.8,60.8,20.0,80.0,25.0,100.0,Qualified Applicant,"['Open to progression', '4 yrs exp', 'STEM discipline', 'Domain-relevant experience']",1,Ready for Transition
2582,city_16,0.91,,Has relevent experience,no_enrollment,Graduate,STEM,>20,10/49,Pvt Ltd,>4,41,0.049019607843137254,0.049019607843137254,22.0,1.0,0.7999999999999999,0.205,1.0,54.77,642,69.8,4.9,100.0,80.0,20.5,100.0,Senior Specialist,"['Deep seniority (22+ yrs)', 'STEM discipline', 'Domain-relevant experience']",0,Stable in Role
22338,city_160,0.92,Male,Has relevent experience,no_enrollment,Graduate,STEM,>20,10/49,Pvt Ltd,3,41,0.049019607843137254,0.049019607843137254,22.0,1.0,0.7999999999999999,0.205,1.0,54.77,642,69.8,4.9,100.0,80.0,20.5,100.0,Senior Specialist,"['Deep seniority (22+ yrs)', 'STEM discipline', 'Domain-relevant experience']",0,Stable in Role
6889,city_28,0.939,Male,Has relevent experience,no_enrollment,Masters,STEM,13,<10,Pvt Ltd,1,152,0.037037037037037035,0.037037037037037035,13.0,0.65,0.98,0.76,1.0,54.75,646,69.7,3.7,65.0,98.0,76.0,100.0,Senior Specialist,"['Mid-to-Senior (13 yrs)', 'Advanced degree (Masters)', 'STEM discipline', 'Committed upskiller (152 hrs)']",0,Stable in Role
3413,city_40,0.7759999999999999,,No relevent experience,Full time course,Masters,STEM,6,,,1,90,0.5614035087719298,0.5614035087719298,6.0,0.3,0.98,0.45,0.35,54.75,646,69.7,56.1,30.0,98.0,45.0,35.0,Qualified Applicant,"['Open to progression', '6 yrs exp', 'Advanced degree (Masters)', 'STEM discipline']",1,Ready for Transition
29830,city_21,0.624,Male,Has relevent experience,Part time course,Graduate,STEM,6,,,never,16,0.5838509316770185,0.5838509316770185,6.0,0.3,0.7999999999999999,0.08,1.0,54.73,648,69.6,58.4,30.0,80.0,8.0,100.0,Qualified Applicant,"['Open to progression', '6 yrs exp', 'STEM discipline', 'Domain-relevant experience']",1,Ready for Transition
5109,city_103,0.92,Male,Has relevent experience,no_enrollment,Graduate,STEM,>20,100-500,Funded Startup,1,15,0.0847457627118644,0.0847457627118644,22.0,1.0,0.7999999999999999,0.075,1.0,54.72,649,69.5,8.5,100.0,80.0,7.5,100.0,Senior Specialist,"['Deep seniority (22+ yrs)', 'STEM discipline', 'Domain-relevant experience']",0,Stable in Role
15978,city_103,0.92,Male,Has relevent experience,no_enrollment,High School,,>20,100-500,Pvt Ltd,>4,266,0.049019607843137254,0.049019607843137254,22.0,1.0,0.4,1.0,1.0,54.72,649,69.5,4.9,100.0,40.0,100.0,100.0,Senior Specialist,"['Deep seniority (22+ yrs)', 'Committed upskiller (266 hrs)', 'Domain-relevant experience']",0,Stable in Role
18492,city_116,0.743,Female,No relevent experience,Full time course,Masters,STEM,4,,,1,131,0.5733333333333334,0.5733333333333334,4.0,0.2,0.98,0.655,0.35,54.72,649,69.5,57.3,20.0,98.0,65.5,35.0,Qualified Applicant,"['Open to progression', '4 yrs exp', 'Advanced degree (Masters)', 'STEM discipline']",1,Ready for Transition
25241,city_16,0.91,Male,Has relevent experience,no_enrollment,Graduate,STEM,>20,100-500,Pvt Ltd,>4,14,0.0847457627118644,0.0847457627118644,22.0,1.0,0.7999999999999999,0.07,1.0,54.67,652,69.4,8.5,100.0,80.0,7.0,100.0,Senior Specialist,"['Deep seniority (22+ yrs)', 'STEM discipline', 'Domain-relevant experience']",0,Stable in Role
5709,city_13,0.8270000000000001,Male,Has relevent experience,no_enrollment,Masters,STEM,17,10/49,Pvt Ltd,1,42,0.049019607843137254,0.049019607843137254,17.0,0.85,0.98,0.21,1.0,54.67,652,69.4,4.9,85.0,98.0,21.0,100.0,Senior Specialist,"['Deep seniority (17+ yrs)', 'Advanced degree (Masters)', 'STEM discipline', 'Domain-relevant experience']",0,Stable in Role
31585,city_103,0.92,Female,Has relevent experience,no_enrollment,Graduate,STEM,>20,500-999,Pvt Ltd,1,24,0.07035175879396985,0.07035175879396985,22.0,1.0,0.7999999999999999,0.12,1.0,54.66,654,69.3,7.0,100.0,80.0,12.0,100.0,Senior Specialist,"['Deep seniority (22+ yrs)', 'STEM discipline', 'Domain-relevant experience']",0,Stable in Role
13869,city_114,0.926,Male,No relevent experience,no_enrollment,Phd,STEM,>20,1000-4999,Public Sector,>4,63,0.0847457627118644,0.0847457627118644,22.0,1.0,1.0,0.315,0.35,54.62,655,69.3,8.5,100.0,100.0,31.5,35.0,Senior Specialist,"['Deep seniority (22+ yrs)', 'Advanced degree (Phd)', 'STEM discipline']",0,Stable in Role
22835,city_27,0.848,Male,No relevent experience,no_enrollment,Graduate,STEM,10,,,never,82,0.5289855072463768,0.5289855072463768,10.0,0.5,0.7999999999999999,0.41,0.35,54.61,656,69.2,52.9,50.0,80.0,41.0,35.0,Qualified Applicant,"['Open to progression', 'Mid-to-Senior (10 yrs)', 'STEM discipline', 'Committed upskiller (82 hrs)']",1,Ready for Transition
32693,city_40,0.7759999999999999,Male,Has relevent experience,no_enrollment,Masters,STEM,12,1000-4999,Pvt Ltd,4,312,0.0,0.0,12.0,0.6,0.98,1.0,1.0,54.6,657,69.2,0.0,60.0,98.0,100.0,100.0,Senior Specialist,"['Mid-to-Senior (12 yrs)', 'Advanced degree (Masters)', 'STEM discipline', 'Committed upskiller (312 hrs)']",0,Stable in Role
11169,city_21,0.624,Female,Has relevent experience,no_enrollment,Graduate,STEM,6,10000+,Pvt Ltd,1,13,0.5838509316770185,0.5838509316770185,6.0,0.3,0.7999999999999999,0.065,1.0,54.58,658,69.1,58.4,30.0,80.0,6.5,100.0,Qualified Applicant,"['Open to progression', '6 yrs exp', 'STEM discipline', 'Domain-relevant experience']",1,Ready for Transition
2790,city_128,0.527,Male,Has relevent experience,no_enrollment,Graduate,STEM,4,,,1,46,0.6077348066298343,0.6077348066298343,4.0,0.2,0.7999999999999999,0.23,1.0,54.57,659,69.1,60.8,20.0,80.0,23.0,100.0,Qualified Applicant,"['Open to progression', '4 yrs exp', 'STEM discipline', 'Domain-relevant experience']",1,Ready for Transition
22057,city_21,0.624,Male,Has relevent experience,no_enrollment,Graduate,STEM,5,100-500,Pvt Ltd,3,69,0.5384615384615384,0.5384615384615384,5.0,0.25,0.7999999999999999,0.345,1.0,54.55,660,69.0,53.8,25.0,80.0,34.5,100.0,Qualified Applicant,"['Open to progression', '5 yrs exp', 'STEM discipline', 'Domain-relevant experience']",1,Ready for Transition
16574,city_67,0.855,Male,Has relevent experience,no_enrollment,Masters,Business Degree,18,100-500,Pvt Ltd,2,54,0.049019607843137254,0.049019607843137254,18.0,0.9,0.88,0.27,1.0,54.52,661,69.0,4.9,90.0,88.0,27.0,100.0,Senior Specialist,"['Deep seniority (18+ yrs)', 'Advanced degree (Masters)', 'Domain-relevant experience']",0,Stable in Role
2280,city_21,0.624,,Has relevent experience,Full time course,Masters,STEM,3,50-99,Pvt Ltd,2,22,0.5733333333333334,0.5733333333333334,3.0,0.15,0.98,0.11,1.0,54.52,661,69.0,57.3,15.0,98.0,11.0,100.0,Qualified Applicant,"['Open to progression', '3 yrs exp', 'Advanced degree (Masters)', 'STEM discipline']",1,Ready for Transition
7615,city_103,0.92,Male,Has relevent experience,no_enrollment,Graduate,STEM,>20,1000-4999,Pvt Ltd,>4,10,0.0847457627118644,0.0847457627118644,22.0,1.0,0.7999999999999999,0.05,1.0,54.47,663,68.9,8.5,100.0,80.0,5.0,100.0,Senior Specialist,"['Deep seniority (22+ yrs)', 'STEM discipline', 'Domain-relevant experience']",0,Stable in Role
12163,city_134,0.698,,No relevent experience,no_enrollment,Phd,STEM,6,,,never,60,0.5838509316770185,0.5838509316770185,6.0,0.3,1.0,0.3,0.35,54.43,664,68.8,58.4,30.0,100.0,30.0,35.0,Qualified Applicant,"['Open to progression', '6 yrs exp', 'Advanced degree (Phd)', 'STEM discipline']",1,Ready for Transition
28972,city_21,0.624,,Has relevent experience,Full time course,,,6,<10,Pvt Ltd,1,90,0.5838509316770185,0.5838509316770185,6.0,0.3,0.6,0.45,1.0,54.43,664,68.8,58.4,30.0,60.0,45.0,100.0,Qualified Applicant,"['Open to progression', '6 yrs exp', 'Committed upskiller (90 hrs)', 'Domain-relevant experience']",1,Ready for Transition
8708,city_74,0.579,Male,Has relevent experience,Part time course,Masters,STEM,3,50-99,Pvt Ltd,1,13,0.5838509316770185,0.5838509316770185,3.0,0.15,0.98,0.065,1.0,54.43,664,68.8,58.4,15.0,98.0,6.5,100.0,Qualified Applicant,"['Open to progression', '3 yrs exp', 'Advanced degree (Masters)', 'STEM discipline']",1,Ready for Transition
7535,city_103,0.92,Male,Has relevent experience,no_enrollment,Graduate,STEM,>20,500-999,Pvt Ltd,>4,19,0.07035175879396985,0.07035175879396985,22.0,1.0,0.7999999999999999,0.095,1.0,54.41,667,68.7,7.0,100.0,80.0,9.5,100.0,Senior Specialist,"['Deep seniority (22+ yrs)', 'STEM discipline', 'Domain-relevant experience']",0,Stable in Role
30,city_158,0.7659999999999999,Male,Has relevent experience,Part time course,Graduate,STEM,10,500-999,Pvt Ltd,2,63,0.3644859813084112,0.3644859813084112,10.0,0.5,0.7999999999999999,0.315,1.0,54.41,667,68.7,36.4,50.0,80.0,31.5,100.0,Qualified Applicant,"['Mid-to-Senior (10 yrs)', 'STEM discipline', 'Domain-relevant experience']",0,Stable in Role
29703,city_76,0.698,Male,Has relevent experience,no_enrollment,Graduate,STEM,13,1000-4999,Pvt Ltd,4,160,0.11859838274932614,0.11859838274932614,13.0,0.65,0.7999999999999999,0.8,1.0,54.4,669,68.6,11.9,65.0,80.0,80.0,100.0,Senior Specialist,"['Mid-to-Senior (13 yrs)', 'STEM discipline', 'Committed upskiller (160 hrs)', 'Domain-relevant experience']",0,Stable in Role
13462,city_21,0.624,Male,Has relevent experience,no_enrollment,Graduate,STEM,5,50-99,Pvt Ltd,2,34,0.5838509316770185,0.5838509316770185,5.0,0.25,0.7999999999999999,0.17,1.0,54.38,670,68.6,58.4,25.0,80.0,17.0,100.0,Qualified Applicant,"['Open to progression', '5 yrs exp', 'STEM discipline', 'Domain-relevant experience']",1,Ready for Transition
5898,city_74,0.579,Male,Has relevent experience,no_enrollment,Masters,STEM,2,10/49,Pvt Ltd,1,37,0.5838509316770185,0.5838509316770185,2.0,0.1,0.98,0.185,1.0,54.38,670,68.6,58.4,10.0,98.0,18.5,100.0,Qualified Applicant,"['Open to progression', '2 yrs exp', 'Advanced degree (Masters)', 'STEM discipline']",1,Ready for Transition
25629,city_114,0.926,Male,No relevent experience,no_enrollment,Masters,STEM,>20,100-500,Pvt Ltd,>4,91,0.049019607843137254,0.049019607843137254,22.0,1.0,0.98,0.455,0.35,54.37,672,68.4,4.9,100.0,98.0,45.5,35.0,Senior Specialist,"['Deep seniority (22+ yrs)', 'Advanced degree (Masters)', 'STEM discipline', 'Committed upskiller (91 hrs)']",0,Stable in Role
13988,city_103,0.92,,Has relevent experience,Part time course,Masters,STEM,16,10000+,Pvt Ltd,>4,36,0.0847457627118644,0.0847457627118644,16.0,0.8,0.98,0.18,1.0,54.37,672,68.4,8.5,80.0,98.0,18.0,100.0,Senior Specialist,"['Deep seniority (16+ yrs)', 'Advanced degree (Masters)', 'STEM discipline', 'Domain-relevant experience']",0,Stable in Role
28733,city_71,0.884,Male,Has relevent experience,no_enrollment,Graduate,STEM,>20,<10,Pvt Ltd,3,33,0.049019607843137254,0.049019607843137254,22.0,1.0,0.7999999999999999,0.165,1.0,54.37,672,68.4,4.9,100.0,80.0,16.5,100.0,Senior Specialist,"['Deep seniority (22+ yrs)', 'STEM discipline', 'Domain-relevant experience']",0,Stable in Role
28121,city_21,0.624,Male,Has relevent experience,no_enrollment,Graduate,STEM,5,10/49,Pvt Ltd,>4,17,0.6077348066298343,0.6077348066298343,5.0,0.25,0.7999999999999999,0.085,1.0,54.37,672,68.4,60.8,25.0,80.0,8.5,100.0,Qualified Applicant,"['Open to progression', '5 yrs exp', 'STEM discipline', 'Domain-relevant experience']",1,Ready for Transition
31565,city_103,0.92,Male,Has relevent experience,no_enrollment,Graduate,STEM,>20,<10,Pvt Ltd,4,33,0.049019607843137254,0.049019607843137254,22.0,1.0,0.7999999999999999,0.165,1.0,54.37,672,68.4,4.9,100.0,80.0,16.5,100.0,Senior Specialist,"['Deep seniority (22+ yrs)', 'STEM discipline', 'Domain-relevant experience']",0,Stable in Role
29300,city_16,0.91,Male,Has relevent experience,no_enrollment,Graduate,STEM,>20,10/49,Pvt Ltd,1,33,0.049019607843137254,0.049019607843137254,22.0,1.0,0.7999999999999999,0.165,1.0,54.37,672,68.4,4.9,100.0,80.0,16.5,100.0,Senior Specialist,"['Deep seniority (22+ yrs)', 'STEM discipline', 'Domain-relevant experience']",0,Stable in Role
21246,city_103,0.92,Male,Has relevent experience,Part time course,Masters,STEM,15,,Public Sector,4,37,0.11859838274932614,0.11859838274932614,15.0,0.75,0.98,0.185,1.0,54.35,678,68.2,11.9,75.0,98.0,18.5,100.0,Senior Specialist,"['Deep seniority (15+ yrs)', 'Advanced degree (Masters)', 'STEM discipline', 'Domain-relevant experience']",0,Stable in Role
5368,city_101,0.5579999999999999,Female,Has relevent experience,,Graduate,STEM,7,50-99,Pvt Ltd,1,15,0.5384615384615384,0.5384615384615384,7.0,0.35,0.7999999999999999,0.075,1.0,54.35,678,68.2,53.8,35.0,80.0,7.5,100.0,Qualified Applicant,"['Open to progression', '7 yrs exp', 'STEM discipline', 'Domain-relevant experience']",1,Ready for Transition
25263,city_16,0.91,Male,Has relevent experience,no_enrollment,Masters,STEM,17,5000-9999,Public Sector,1,10,0.0847457627118644,0.0847457627118644,17.0,0.85,0.98,0.05,1.0,54.32,680,68.1,8.5,85.0,98.0,5.0,100.0,Senior Specialist,"['Deep seniority (17+ yrs)', 'Advanced degree (Masters)', 'STEM discipline', 'Domain-relevant experience']",0,Stable in Role
28377,city_136,0.897,Male,Has relevent experience,no_enrollment,Masters,STEM,14,50-99,Early Stage Startup,1,110,0.049019607843137254,0.049019607843137254,14.0,0.7,0.98,0.55,1.0,54.32,680,68.1,4.9,70.0,98.0,55.0,100.0,Senior Specialist,"['Mid-to-Senior (14 yrs)', 'Advanced degree (Masters)', 'STEM discipline', 'Committed upskiller (110 hrs)']",0,Stable in Role
21514,city_21,0.624,,Has relevent experience,no_enrollment,Graduate,STEM,6,,Pvt Ltd,4,23,0.5614035087719298,0.5614035087719298,6.0,0.3,0.7999999999999999,0.115,1.0,54.3,682,68.0,56.1,30.0,80.0,11.5,100.0,Qualified Applicant,"['Open to progression', '6 yrs exp', 'STEM discipline', 'Domain-relevant experience']",1,Ready for Transition
14240,city_21,0.624,Male,Has relevent experience,no_enrollment,Graduate,STEM,6,50-99,Early Stage Startup,2,7,0.5838509316770185,0.5838509316770185,6.0,0.3,0.7999999999999999,0.035,1.0,54.28,683,68.0,58.4,30.0,80.0,3.5,100.0,Qualified Applicant,"['Open to progression', '6 yrs exp', 'STEM discipline', 'Domain-relevant experience']",1,Ready for Transition
15521,city_36,0.893,Male,Has relevent experience,Part time course,Graduate,STEM,14,10/49,Pvt Ltd,1,166,0.07035175879396985,0.07035175879396985,14.0,0.7,0.7999999999999999,0.83,1.0,54.26,684,67.9,7.0,70.0,80.0,83.0,100.0,Senior Specialist,"['Mid-to-Senior (14 yrs)', 'STEM discipline', 'Committed upskiller (166 hrs)', 'Domain-relevant experience']",0,Stable in Role
13051,city_136,0.897,Male,Has relevent experience,Full time course,Masters,STEM,16,,,1,33,0.0847457627118644,0.0847457627118644,16.0,0.8,0.98,0.165,1.0,54.22,685,67.9,8.5,80.0,98.0,16.5,100.0,Senior Specialist,"['Deep seniority (16+ yrs)', 'Advanced degree (Masters)', 'STEM discipline', 'Domain-relevant experience']",0,Stable in Role
9789,city_160,0.92,Male,Has relevent experience,no_enrollment,Graduate,STEM,>20,10000+,Pvt Ltd,>4,4,0.0847457627118644,0.0847457627118644,22.0,1.0,0.7999999999999999,0.02,1.0,54.17,686,67.8,8.5,100.0,80.0,2.0,100.0,Senior Specialist,"['Deep seniority (22+ yrs)', 'STEM discipline', 'Domain-relevant experience']",0,Stable in Role
18378,city_21,0.624,,Has relevent experience,,Graduate,STEM,6,50-99,Other,2,12,0.5733333333333334,0.5733333333333334,6.0,0.3,0.7999999999999999,0.06,1.0,54.17,686,67.8,57.3,30.0,80.0,6.0,100.0,Qualified Applicant,"['Open to progression', '6 yrs exp', 'STEM discipline', 'Domain-relevant experience']",1,Ready for Transition
5243,city_101,0.5579999999999999,,Has relevent experience,no_enrollment,Graduate,STEM,6,10/49,Pvt Ltd,>4,12,0.5733333333333334,0.5733333333333334,6.0,0.3,0.7999999999999999,0.06,1.0,54.17,686,67.8,57.3,30.0,80.0,6.0,100.0,Qualified Applicant,"['Open to progression', '6 yrs exp', 'STEM discipline', 'Domain-relevant experience']",1,Ready for Transition
23188,city_103,0.92,Male,No relevent experience,no_enrollment,Masters,Humanities,>20,10000+,Pvt Ltd,>4,102,0.0847457627118644,0.0847457627118644,22.0,1.0,0.88,0.51,0.35,54.17,686,67.8,8.5,100.0,88.0,51.0,35.0,Senior Specialist,"['Deep seniority (22+ yrs)', 'Advanced degree (Masters)', 'Committed upskiller (102 hrs)']",0,Stable in Role
8942,city_160,0.92,Male,Has relevent experience,no_enrollment,Graduate,STEM,12,,,1,8,0.3644859813084112,0.3644859813084112,12.0,0.6,0.7999999999999999,0.04,1.0,54.16,690,67.6,36.4,60.0,80.0,4.0,100.0,Senior Specialist,"['Mid-to-Senior (12 yrs)', 'STEM discipline', 'Domain-relevant experience']",0,Stable in Role
18903,city_103,0.92,,Has relevent experience,no_enrollment,Graduate,No Major,>20,50-99,Pvt Ltd,1,54,0.07035175879396985,0.07035175879396985,22.0,1.0,0.7,0.27,1.0,54.16,690,67.6,7.0,100.0,70.0,27.0,100.0,Senior Specialist,"['Deep seniority (22+ yrs)', 'Domain-relevant experience']",0,Stable in Role
2718,city_11,0.55,Male,Has relevent experience,no_enrollment,Graduate,STEM,5,50-99,Funded Startup,1,45,0.5614035087719298,0.5614035087719298,5.0,0.25,0.7999999999999999,0.225,1.0,54.15,692,67.5,56.1,25.0,80.0,22.5,100.0,Qualified Applicant,"['Open to progression', '5 yrs exp', 'STEM discipline', 'Domain-relevant experience']",1,Ready for Transition
20113,city_73,0.754,,Has relevent experience,no_enrollment,Graduate,STEM,>20,10/49,Pvt Ltd,>4,28,0.049019607843137254,0.049019607843137254,22.0,1.0,0.7999999999999999,0.14,1.0,54.12,693,67.4,4.9,100.0,80.0,14.0,100.0,Senior Specialist,"['Deep seniority (22+ yrs)', 'STEM discipline', 'Domain-relevant experience']",0,Stable in Role
29667,city_103,0.92,,Has relevent experience,no_enrollment,Graduate,STEM,16,,Pvt Ltd,>4,103,0.0847457627118644,0.0847457627118644,16.0,0.8,0.7999999999999999,0.515,1.0,54.12,693,67.4,8.5,80.0,80.0,51.5,100.0,Senior Specialist,"['Deep seniority (16+ yrs)', 'STEM discipline', 'Committed upskiller (103 hrs)', 'Domain-relevant experience']",0,Stable in Role
32853,city_73,0.754,Male,Has relevent experience,no_enrollment,Graduate,STEM,>20,100-500,Funded Startup,1,3,0.0847457627118644,0.0847457627118644,22.0,1.0,0.7999999999999999,0.015,1.0,54.12,693,67.4,8.5,100.0,80.0,1.5,100.0,Senior Specialist,"['Deep seniority (22+ yrs)', 'STEM discipline', 'Domain-relevant experience']",0,Stable in Role
7564,city_162,0.767,Male,Has relevent experience,no_enrollment,Graduate,STEM,4,,,1,61,0.5733333333333334,0.5733333333333334,4.0,0.2,0.7999999999999999,0.305,1.0,54.12,693,67.4,57.3,20.0,80.0,30.5,100.0,Qualified Applicant,"['Open to progression', '4 yrs exp', 'STEM discipline', 'Domain-relevant experience']",1,Ready for Transition
5882,city_114,0.926,,Has relevent experience,Full time course,Graduate,STEM,13,,,>4,44,0.27564102564102566,0.27564102564102566,13.0,0.65,0.7999999999999999,0.22,1.0,54.1,697,67.3,27.6,65.0,80.0,22.0,100.0,Senior Specialist,"['Mid-to-Senior (13 yrs)', 'STEM discipline', 'Domain-relevant experience']",0,Stable in Role
9487,city_21,0.624,Male,No relevent experience,Full time course,Graduate,STEM,5,,,never,141,0.6077348066298343,0.6077348066298343,5.0,0.25,0.7999999999999999,0.705,0.35,54.07,698,67.3,60.8,25.0,80.0,70.5,35.0,Qualified Applicant,"['Open to progression', '5 yrs exp', 'STEM discipline', 'Committed upskiller (141 hrs)']",1,Ready for Transition
14741,city_103,0.92,Male,Has relevent experience,no_enrollment,Graduate,STEM,>20,1000-4999,Pvt Ltd,>4,12,0.07035175879396985,0.07035175879396985,22.0,1.0,0.7999999999999999,0.06,1.0,54.06,699,67.2,7.0,100.0,80.0,6.0,100.0,Senior Specialist,"['Deep seniority (22+ yrs)', 'STEM discipline', 'Domain-relevant experience']",0,Stable in Role
28290,city_103,0.92,Male,No relevent experience,Part time course,Masters,STEM,>20,10000+,Pvt Ltd,>4,36,0.11859838274932614,0.11859838274932614,22.0,1.0,0.98,0.18,0.35,54.05,700,67.1,11.9,100.0,98.0,18.0,35.0,Senior Specialist,"['Deep seniority (22+ yrs)', 'Advanced degree (Masters)', 'STEM discipline']",0,Stable in Role
2209,city_104,0.924,Male,Has relevent experience,no_enrollment,Graduate,STEM,>20,50-99,Pvt Ltd,>4,61,0.0,0.0,22.0,1.0,0.7999999999999999,0.305,1.0,54.05,700,67.1,0.0,100.0,80.0,30.5,100.0,Senior Specialist,"['Deep seniority (22+ yrs)', 'STEM discipline', 'Domain-relevant experience']",0,Stable in Role
21015,city_103,0.92,Male,Has relevent experience,no_enrollment,Masters,STEM,16,50-99,Pvt Ltd,1,39,0.07035175879396985,0.07035175879396985,16.0,0.8,0.98,0.195,1.0,54.01,702,67.1,7.0,80.0,98.0,19.5,100.0,Senior Specialist,"['Deep seniority (16+ yrs)', 'Advanced degree (Masters)', 'STEM discipline', 'Domain-relevant experience']",0,Stable in Role
485,city_16,0.91,Male,Has relevent experience,no_enrollment,Graduate,STEM,12,,,1,200,0.0847457627118644,0.0847457627118644,12.0,0.6,0.7999999999999999,1.0,1.0,53.97,703,67.0,8.5,60.0,80.0,100.0,100.0,Senior Specialist,"['Mid-to-Senior (12 yrs)', 'STEM discipline', 'Committed upskiller (200 hrs)', 'Domain-relevant experience']",0,Stable in Role
31349,city_103,0.92,Male,Has relevent experience,no_enrollment,Graduate,STEM,13,100-500,Pvt Ltd,1,276,0.049019607843137254,0.049019607843137254,13.0,0.65,0.7999999999999999,1.0,1.0,53.97,703,67.0,4.9,65.0,80.0,100.0,100.0,Senior Specialist,"['Mid-to-Senior (13 yrs)', 'STEM discipline', 'Committed upskiller (276 hrs)', 'Domain-relevant experience']",0,Stable in Role
11886,city_123,0.738,Male,No relevent experience,no_enrollment,Masters,STEM,14,,,>4,12,0.3644859813084112,0.3644859813084112,14.0,0.7,0.98,0.06,0.35,53.96,705,66.9,36.4,70.0,98.0,6.0,35.0,Senior Specialist,"['Mid-to-Senior (14 yrs)', 'Advanced degree (Masters)', 'STEM discipline']",0,Stable in Role
24800,city_160,0.92,Male,No relevent experience,no_enrollment,Graduate,Business Degree,12,,,2,59,0.5289855072463768,0.5289855072463768,12.0,0.6,0.7,0.295,0.35,53.96,705,66.9,52.9,60.0,70.0,29.5,35.0,Senior Specialist,"['Open to progression', 'Mid-to-Senior (12 yrs)']",1,Ready for Transition
2677,city_21,0.624,Male,Has relevent experience,Full time course,Graduate,STEM,5,10000+,Pvt Ltd,never,64,0.5289855072463768,0.5289855072463768,5.0,0.25,0.7999999999999999,0.32,1.0,53.96,705,66.9,52.9,25.0,80.0,32.0,100.0,Qualified Applicant,"['Open to progression', '5 yrs exp', 'STEM discipline', 'Domain-relevant experience']",1,Ready for Transition
31361,city_57,0.866,Male,Has relevent experience,no_enrollment,Graduate,STEM,16,,,1,99,0.0847457627118644,0.0847457627118644,16.0,0.8,0.7999999999999999,0.495,1.0,53.92,708,66.8,8.5,80.0,80.0,49.5,100.0,Senior Specialist,"['Deep seniority (16+ yrs)', 'STEM discipline', 'Committed upskiller (99 hrs)', 'Domain-relevant experience']",0,Stable in Role
30974,city_104,0.924,Male,Has relevent experience,no_enrollment,Graduate,STEM,>20,50-99,Pvt Ltd,2,24,0.049019607843137254,0.049019607843137254,22.0,1.0,0.7999999999999999,0.12,1.0,53.92,708,66.8,4.9,100.0,80.0,12.0,100.0,Senior Specialist,"['Deep seniority (22+ yrs)', 'STEM discipline', 'Domain-relevant experience']",0,Stable in Role
19504,city_21,0.624,,Has relevent experience,no_enrollment,Graduate,STEM,4,10/49,Pvt Ltd,1,18,0.6287878787878788,0.6287878787878788,4.0,0.2,0.7999999999999999,0.09,1.0,53.91,710,66.7,62.9,20.0,80.0,9.0,100.0,Qualified Applicant,"['Open to progression', '4 yrs exp', 'STEM discipline', 'Domain-relevant experience']",1,Ready for Transition
5601,city_21,0.624,,Has relevent experience,no_enrollment,Masters,STEM,<1,500-999,Pvt Ltd,1,48,0.6077348066298343,0.6077348066298343,0.5,0.025,0.98,0.24,1.0,53.9,711,66.6,60.8,2.5,98.0,24.0,100.0,Qualified Applicant,"['Open to progression', '0 yrs exp', 'Advanced degree (Masters)', 'STEM discipline']",1,Ready for Transition
9270,city_162,0.767,Male,Has relevent experience,Part time course,Graduate,STEM,6,10/49,NGO,4,31,0.5384615384615384,0.5384615384615384,6.0,0.3,0.7999999999999999,0.155,1.0,53.9,711,66.6,53.8,30.0,80.0,15.5,100.0,Qualified Applicant,"['Open to progression', '6 yrs exp', 'STEM discipline', 'Domain-relevant experience']",1,Ready for Transition
25713,city_136,0.897,Male,Has relevent experience,no_enrollment,Graduate,STEM,18,1000-4999,Pvt Ltd,3,73,0.049019607843137254,0.049019607843137254,18.0,0.9,0.7999999999999999,0.365,1.0,53.87,713,66.5,4.9,90.0,80.0,36.5,100.0,Senior Specialist,"['Deep seniority (18+ yrs)', 'STEM discipline', 'Domain-relevant experience']",0,Stable in Role
22480,city_40,0.7759999999999999,Male,Has relevent experience,Full time course,Graduate,STEM,11,100-500,,4,88,0.2777777777777778,0.2777777777777778,11.0,0.55,0.7999999999999999,0.44,1.0,53.87,713,66.5,27.8,55.0,80.0,44.0,100.0,Qualified Applicant,"['Mid-to-Senior (11 yrs)', 'STEM discipline', 'Committed upskiller (88 hrs)', 'Domain-relevant experience']",0,Stable in Role
33290,city_21,0.624,,Has relevent experience,no_enrollment,Graduate,STEM,6,500-999,Pvt Ltd,never,36,0.5289855072463768,0.5289855072463768,6.0,0.3,0.7999999999999999,0.18,1.0,53.81,715,66.4,52.9,30.0,80.0,18.0,100.0,Qualified Applicant,"['Open to progression', '6 yrs exp', 'STEM discipline', 'Domain-relevant experience']",1,Ready for Transition
10478,city_11,0.55,,Has relevent experience,Part time course,Masters,STEM,1,50-99,NGO,never,89,0.5289855072463768,0.5289855072463768,1.0,0.05,0.98,0.445,1.0,53.81,715,66.4,52.9,5.0,98.0,44.5,100.0,Qualified Applicant,"['Open to progression', '1 yrs exp', 'Advanced degree (Masters)', 'STEM discipline']",1,Ready for Transition
25882,city_149,0.6890000000000001,Male,No relevent experience,no_enrollment,Graduate,STEM,20,,,never,66,0.17117117117117117,0.17117117117117117,20.0,1.0,0.7999999999999999,0.33,0.35,53.79,717,66.3,17.1,100.0,80.0,33.0,35.0,Senior Specialist,"['Deep seniority (20+ yrs)', 'STEM discipline']",0,Stable in Role
16138,city_16,0.91,Male,Has relevent experience,no_enrollment,Graduate,STEM,15,,,2,61,0.17117117117117117,0.17117117117117117,15.0,0.75,0.7999999999999999,0.305,1.0,53.79,717,66.3,17.1,75.0,80.0,30.5,100.0,Senior Specialist,"['Deep seniority (15+ yrs)', 'STEM discipline', 'Domain-relevant experience']",0,Stable in Role
3407,city_128,0.527,,Has relevent experience,no_enrollment,Graduate,STEM,6,10/49,Pvt Ltd,1,4,0.5733333333333334,0.5733333333333334,6.0,0.3,0.7999999999999999,0.02,1.0,53.77,719,66.3,57.3,30.0,80.0,2.0,100.0,Qualified Applicant,"['Open to progression', '6 yrs exp', 'STEM discipline', 'Domain-relevant experience']",1,Ready for Transition
7539,city_75,0.939,Female,Has relevent experience,no_enrollment,Graduate,Other,>20,5000-9999,NGO,>4,46,0.07035175879396985,0.07035175879396985,22.0,1.0,0.7,0.23,1.0,53.76,720,66.1,7.0,100.0,70.0,23.0,100.0,Senior Specialist,"['Deep seniority (22+ yrs)', 'Domain-relevant experience']",0,Stable in Role
21423,city_21,0.624,,Has relevent experience,no_enrollment,Graduate,Other,1,50-99,Pvt Ltd,,222,0.5289855072463768,0.5289855072463768,1.0,0.05,0.7,1.0,1.0,53.76,720,66.1,52.9,5.0,70.0,100.0,100.0,Qualified Applicant,"['Open to progression', '1 yrs exp', 'Committed upskiller (222 hrs)', 'Domain-relevant experience']",1,Ready for Transition
26722,city_21,0.624,Male,No relevent experience,Full time course,Graduate,STEM,4,,,never,145,0.6287878787878788,0.6287878787878788,4.0,0.2,0.7999999999999999,0.725,0.35,53.76,720,66.1,62.9,20.0,80.0,72.5,35.0,Qualified Applicant,"['Open to progression', '4 yrs exp', 'STEM discipline', 'Committed upskiller (145 hrs)']",1,Ready for Transition
19158,city_103,0.92,Male,Has relevent experience,no_enrollment,Graduate,STEM,>20,50-99,Pvt Ltd,>4,6,0.07035175879396985,0.07035175879396985,22.0,1.0,0.7999999999999999,0.03,1.0,53.76,720,66.1,7.0,100.0,80.0,3.0,100.0,Senior Specialist,"['Deep seniority (22+ yrs)', 'STEM discipline', 'Domain-relevant experience']",0,Stable in Role
11401,city_152,0.698,,Has relevent experience,no_enrollment,Graduate,STEM,19,50-99,NGO,2,25,0.07894736842105263,0.07894736842105263,19.0,0.95,0.7999999999999999,0.125,1.0,53.76,720,66.1,7.9,95.0,80.0,12.5,100.0,Senior Specialist,"['Deep seniority (19+ yrs)', 'STEM discipline', 'Domain-relevant experience']",0,Stable in Role
24202,city_90,0.698,Male,Has relevent experience,no_enrollment,Graduate,STEM,7,,,1,9,0.5289855072463768,0.5289855072463768,7.0,0.35,0.7999999999999999,0.045,1.0,53.71,725,66.0,52.9,35.0,80.0,4.5,100.0,Qualified Applicant,"['Open to progression', '7 yrs exp', 'STEM discipline', 'Domain-relevant experience']",1,Ready for Transition
22715,city_162,0.767,Male,Has relevent experience,no_enrollment,Graduate,STEM,11,100-500,Pvt Ltd,>4,24,0.3644859813084112,0.3644859813084112,11.0,0.55,0.7999999999999999,0.12,1.0,53.71,725,66.0,36.4,55.0,80.0,12.0,100.0,Qualified Applicant,"['Mid-to-Senior (11 yrs)', 'STEM discipline', 'Domain-relevant experience']",0,Stable in Role
29695,city_103,0.92,Female,Has relevent experience,no_enrollment,Graduate,Humanities,>20,,Pvt Ltd,1,34,0.0847457627118644,0.0847457627118644,22.0,1.0,0.7,0.17,1.0,53.67,727,65.9,8.5,100.0,70.0,17.0,100.0,Senior Specialist,"['Deep seniority (22+ yrs)', 'Domain-relevant experience']",0,Stable in Role
1227,city_123,0.738,Male,No relevent experience,no_enrollment,Graduate,STEM,10,,,never,32,0.5733333333333334,0.5733333333333334,10.0,0.5,0.7999999999999999,0.16,0.35,53.67,727,65.9,57.3,50.0,80.0,16.0,35.0,Qualified Applicant,"['Open to progression', 'Mid-to-Senior (10 yrs)', 'STEM discipline']",1,Ready for Transition
32259,city_83,0.923,Male,Has relevent experience,no_enrollment,Graduate,STEM,15,50-99,Pvt Ltd,1,144,0.049019607843137254,0.049019607843137254,15.0,0.75,0.7999999999999999,0.72,1.0,53.67,727,65.9,4.9,75.0,80.0,72.0,100.0,Senior Specialist,"['Deep seniority (15+ yrs)', 'STEM discipline', 'Committed upskiller (144 hrs)', 'Domain-relevant experience']",0,Stable in Role
32646,city_21,0.624,,Has relevent experience,no_enrollment,Masters,Other,2,,Pvt Ltd,2,62,0.5838509316770185,0.5838509316770185,2.0,0.1,0.88,0.31,1.0,53.63,730,65.8,58.4,10.0,88.0,31.0,100.0,Qualified Applicant,"['Open to progression', '2 yrs exp', 'Advanced degree (Masters)', 'Domain-relevant experience']",1,Ready for Transition
25635,city_16,0.91,Male,Has relevent experience,no_enrollment,Graduate,Other,>20,<10,Early Stage Startup,1,58,0.049019607843137254,0.049019607843137254,22.0,1.0,0.7,0.29,1.0,53.62,731,65.7,4.9,100.0,70.0,29.0,100.0,Senior Specialist,"['Deep seniority (22+ yrs)', 'Domain-relevant experience']",0,Stable in Role
15663,city_123,0.738,Male,No relevent experience,Full time course,Graduate,STEM,7,,,2,82,0.6077348066298343,0.6077348066298343,7.0,0.35,0.7999999999999999,0.41,0.35,53.62,731,65.7,60.8,35.0,80.0,41.0,35.0,Qualified Applicant,"['Open to progression', '7 yrs exp', 'STEM discipline', 'Committed upskiller (82 hrs)']",1,Ready for Transition
20977,city_16,0.91,Male,Has relevent experience,no_enrollment,High School,,>20,100-500,Pvt Ltd,1,178,0.049019607843137254,0.049019607843137254,22.0,1.0,0.4,0.89,1.0,53.62,731,65.7,4.9,100.0,40.0,89.0,100.0,Senior Specialist,"['Deep seniority (22+ yrs)', 'Committed upskiller (178 hrs)', 'Domain-relevant experience']",0,Stable in Role
25140,city_65,0.802,,Has relevent experience,Part time course,Graduate,STEM,6,,,2,25,0.5384615384615384,0.5384615384615384,6.0,0.3,0.7999999999999999,0.125,1.0,53.6,734,65.6,53.8,30.0,80.0,12.5,100.0,Qualified Applicant,"['Open to progression', '6 yrs exp', 'STEM discipline', 'Domain-relevant experience']",1,Ready for Transition
22464,city_21,0.624,,No relevent experience,no_enrollment,Masters,STEM,3,50-99,Pvt Ltd,1,126,0.5838509316770185,0.5838509316770185,3.0,0.15,0.98,0.63,0.35,53.58,735,65.5,58.4,15.0,98.0,63.0,35.0,Qualified Applicant,"['Open to progression', '3 yrs exp', 'Advanced degree (Masters)', 'STEM discipline']",1,Ready for Transition
19508,city_16,0.91,Male,Has relevent experience,no_enrollment,Masters,STEM,16,100-500,Pvt Ltd,>4,20,0.0847457627118644,0.0847457627118644,16.0,0.8,0.98,0.1,1.0,53.57,736,65.4,8.5,80.0,98.0,10.0,100.0,Senior Specialist,"['Deep seniority (16+ yrs)', 'Advanced degree (Masters)', 'STEM discipline', 'Domain-relevant experience']",0,Stable in Role
9918,city_103,0.92,Male,Has relevent experience,no_enrollment,Masters,STEM,11,10/49,Pvt Ltd,>4,145,0.0847457627118644,0.0847457627118644,11.0,0.55,0.98,0.725,1.0,53.57,736,65.4,8.5,55.0,98.0,72.5,100.0,Qualified Applicant,"['Mid-to-Senior (11 yrs)', 'Advanced degree (Masters)', 'STEM discipline', 'Committed upskiller (145 hrs)']",0,Stable in Role
6827,city_21,0.624,Male,Has relevent experience,no_enrollment,Graduate,STEM,2,100-500,Pvt Ltd,never,100,0.5733333333333334,0.5733333333333334,2.0,0.1,0.7999999999999999,0.5,1.0,53.57,736,65.4,57.3,10.0,80.0,50.0,100.0,Qualified Applicant,"['Open to progression', '2 yrs exp', 'STEM discipline', 'Committed upskiller (100 hrs)']",1,Ready for Transition
12846,city_21,0.624,Male,Has relevent experience,no_enrollment,Graduate,STEM,5,1000-4999,Pvt Ltd,1,25,0.5733333333333334,0.5733333333333334,5.0,0.25,0.7999999999999999,0.125,1.0,53.57,736,65.4,57.3,25.0,80.0,12.5,100.0,Qualified Applicant,"['Open to progression', '5 yrs exp', 'STEM discipline', 'Domain-relevant experience']",1,Ready for Transition
2852,city_67,0.855,Male,Has relevent experience,no_enrollment,Masters,STEM,16,100-500,Pvt Ltd,2,30,0.07035175879396985,0.07035175879396985,16.0,0.8,0.98,0.15,1.0,53.56,740,65.3,7.0,80.0,98.0,15.0,100.0,Senior Specialist,"['Deep seniority (16+ yrs)', 'Advanced degree (Masters)', 'STEM discipline', 'Domain-relevant experience']",0,Stable in Role
15534,city_149,0.6890000000000001,,Has relevent experience,no_enrollment,Graduate,Humanities,>20,,,1,8,0.11859838274932614,0.11859838274932614,22.0,1.0,0.7,0.04,1.0,53.55,741,65.2,11.9,100.0,70.0,4.0,100.0,Senior Specialist,"['Deep seniority (22+ yrs)', 'Domain-relevant experience']",0,Stable in Role
25977,city_21,0.624,,Has relevent experience,Full time course,Graduate,STEM,3,50-99,Pvt Ltd,1,74,0.5733333333333334,0.5733333333333334,3.0,0.15,0.7999999999999999,0.37,1.0,53.52,742,65.1,57.3,15.0,80.0,37.0,100.0,Qualified Applicant,"['Open to progression', '3 yrs exp', 'STEM discipline', 'Domain-relevant experience']",1,Ready for Transition
14014,city_160,0.92,Male,Has relevent experience,no_enrollment,Graduate,STEM,14,100-500,Pvt Ltd,1,166,0.049019607843137254,0.049019607843137254,14.0,0.7,0.7999999999999999,0.83,1.0,53.52,742,65.1,4.9,70.0,80.0,83.0,100.0,Senior Specialist,"['Mid-to-Senior (14 yrs)', 'STEM discipline', 'Committed upskiller (166 hrs)', 'Domain-relevant experience']",0,Stable in Role
19403,city_21,0.624,Female,Has relevent experience,no_enrollment,Graduate,STEM,3,5000-9999,Pvt Ltd,1,50,0.6077348066298343,0.6077348066298343,3.0,0.15,0.7999999999999999,0.25,1.0,53.52,742,65.1,60.8,15.0,80.0,25.0,100.0,Qualified Applicant,"['Open to progression', '3 yrs exp', 'STEM discipline', 'Domain-relevant experience']",1,Ready for Transition
8043,city_159,0.843,Male,Has relevent experience,no_enrollment,Masters,STEM,16,50-99,Pvt Ltd,1,29,0.07035175879396985,0.07035175879396985,16.0,0.8,0.98,0.145,1.0,53.51,745,65.0,7.0,80.0,98.0,14.5,100.0,Senior Specialist,"['Deep seniority (16+ yrs)', 'Advanced degree (Masters)', 'STEM discipline', 'Domain-relevant experience']",0,Stable in Role
31995,city_21,0.624,Male,Has relevent experience,Part time course,Graduate,STEM,3,10000+,Pvt Ltd,never,105,0.5289855072463768,0.5289855072463768,3.0,0.15,0.7999999999999999,0.525,1.0,53.51,745,65.0,52.9,15.0,80.0,52.5,100.0,Qualified Applicant,"['Open to progression', '3 yrs exp', 'STEM discipline', 'Committed upskiller (105 hrs)']",1,Ready for Transition
15829,city_103,0.92,Male,Has relevent experience,no_enrollment,Graduate,STEM,>20,10/49,Pvt Ltd,2,15,0.049019607843137254,0.049019607843137254,22.0,1.0,0.7999999999999999,0.075,1.0,53.47,747,64.9,4.9,100.0,80.0,7.5,100.0,Senior Specialist,"['Deep seniority (22+ yrs)', 'STEM discipline', 'Domain-relevant experience']",0,Stable in Role
5346,city_45,0.89,Male,No relevent experience,no_enrollment,Phd,STEM,>20,100-500,NGO,1,40,0.0847457627118644,0.0847457627118644,22.0,1.0,1.0,0.2,0.35,53.47,747,64.9,8.5,100.0,100.0,20.0,35.0,Senior Specialist,"['Deep seniority (22+ yrs)', 'Advanced degree (Phd)', 'STEM discipline']",0,Stable in Role
21613,city_21,0.624,Female,Has relevent experience,no_enrollment,Graduate,STEM,5,1000-4999,Pvt Ltd,1,54,0.5289855072463768,0.5289855072463768,5.0,0.25,0.7999999999999999,0.27,1.0,53.46,749,64.9,52.9,25.0,80.0,27.0,100.0,Qualified Applicant,"['Open to progression', '5 yrs exp', 'STEM discipline', 'Domain-relevant experience']",1,Ready for Transition
24261,city_21,0.624,Male,Has relevent experience,no_enrollment,Graduate,STEM,3,10000+,Pvt Ltd,1,65,0.5838509316770185,0.5838509316770185,3.0,0.15,0.7999999999999999,0.325,1.0,53.43,750,64.8,58.4,15.0,80.0,32.5,100.0,Qualified Applicant,"['Open to progression', '3 yrs exp', 'STEM discipline', 'Domain-relevant experience']",1,Ready for Transition
24156,city_67,0.855,Male,No relevent experience,Full time course,Graduate,STEM,10,,,1,27,0.5733333333333334,0.5733333333333334,10.0,0.5,0.7999999999999999,0.135,0.35,53.42,751,64.8,57.3,50.0,80.0,13.5,35.0,Qualified Applicant,"['Open to progression', 'Mid-to-Senior (10 yrs)', 'STEM discipline']",1,Ready for Transition
26209,city_16,0.91,Male,Has relevent experience,no_enrollment,Graduate,STEM,>20,500-999,Pvt Ltd,1,13,0.049019607843137254,0.049019607843137254,22.0,1.0,0.7999999999999999,0.065,1.0,53.37,752,64.7,4.9,100.0,80.0,6.5,100.0,Senior Specialist,"['Deep seniority (22+ yrs)', 'STEM discipline', 'Domain-relevant experience']",0,Stable in Role
30903,city_103,0.92,Male,Has relevent experience,no_enrollment,Graduate,Humanities,>20,50-99,Pvt Ltd,>4,44,0.061013651611072216,0.061013651611072216,22.0,1.0,0.7,0.22,1.0,53.34,753,64.7,6.1,100.0,70.0,22.0,100.0,Senior Specialist,"['Deep seniority (22+ yrs)', 'Domain-relevant experience']",0,Stable in Role
19261,city_103,0.92,Male,Has relevent experience,no_enrollment,Graduate,STEM,4,100-500,,3,38,0.5838509316770185,0.5838509316770185,4.0,0.2,0.7999999999999999,0.19,1.0,53.33,754,64.6,58.4,20.0,80.0,19.0,100.0,Qualified Applicant,"['Open to progression', '4 yrs exp', 'STEM discipline', 'Domain-relevant experience']",1,Ready for Transition
23084,city_102,0.804,Male,Has relevent experience,no_enrollment,Masters,STEM,14,100-500,Pvt Ltd,3,90,0.049019607843137254,0.049019607843137254,14.0,0.7,0.98,0.45,1.0,53.32,755,64.5,4.9,70.0,98.0,45.0,100.0,Senior Specialist,"['Mid-to-Senior (14 yrs)', 'Advanced degree (Masters)', 'STEM discipline', 'Committed upskiller (90 hrs)']",0,Stable in Role
13292,city_103,0.92,Female,Has relevent experience,Full time course,Graduate,STEM,3,,,1,46,0.6077348066298343,0.6077348066298343,3.0,0.15,0.7999999999999999,0.23,1.0,53.32,755,64.5,60.8,15.0,80.0,23.0,100.0,Qualified Applicant,"['Open to progression', '3 yrs exp', 'STEM discipline', 'Domain-relevant experience']",1,Ready for Transition
25906,city_28,0.939,Male,Has relevent experience,no_enrollment,Graduate,STEM,19,50-99,Pvt Ltd,1,37,0.049019607843137254,0.049019607843137254,19.0,0.95,0.7999999999999999,0.185,1.0,53.32,755,64.5,4.9,95.0,80.0,18.5,100.0,Senior Specialist,"['Deep seniority (19+ yrs)', 'STEM discipline', 'Domain-relevant experience']",0,Stable in Role
10324,city_16,0.91,Male,Has relevent experience,Part time course,Graduate,STEM,>20,10000+,Pvt Ltd,2,12,0.049019607843137254,0.049019607843137254,22.0,1.0,0.7999999999999999,0.06,1.0,53.32,755,64.5,4.9,100.0,80.0,6.0,100.0,Senior Specialist,"['Deep seniority (22+ yrs)', 'STEM discipline', 'Domain-relevant experience']",0,Stable in Role
30957,city_162,0.767,Male,Has relevent experience,no_enrollment,Graduate,STEM,9,,,1,66,0.3644859813084112,0.3644859813084112,9.0,0.45,0.7999999999999999,0.33,1.0,53.31,759,64.3,36.4,45.0,80.0,33.0,100.0,Qualified Applicant,"['Mid-to-Senior (9 yrs)', 'STEM discipline', 'Domain-relevant experience']",0,Stable in Role
24908,city_21,0.624,,Has relevent experience,Full time course,,,4,<10,,1,156,0.5289855072463768,0.5289855072463768,4.0,0.2,0.6,0.78,1.0,53.31,759,64.3,52.9,20.0,60.0,78.0,100.0,Qualified Applicant,"['Open to progression', '4 yrs exp', 'Committed upskiller (156 hrs)', 'Domain-relevant experience']",1,Ready for Transition
7266,city_128,0.527,,No relevent experience,no_enrollment,Graduate,STEM,4,,,4,136,0.6287878787878788,0.6287878787878788,4.0,0.2,0.7999999999999999,0.68,0.35,53.31,759,64.3,62.9,20.0,80.0,68.0,35.0,Qualified Applicant,"['Open to progression', '4 yrs exp', 'STEM discipline', 'Committed upskiller (136 hrs)']",1,Ready for Transition
32910,city_21,0.624,Male,Has relevent experience,no_enrollment,Graduate,STEM,5,10000+,Pvt Ltd,never,28,0.5614035087719298,0.5614035087719298,5.0,0.25,0.7999999999999999,0.14,1.0,53.3,762,64.3,56.1,25.0,80.0,14.0,100.0,Qualified Applicant,"['Open to progression', '5 yrs exp', 'STEM discipline', 'Domain-relevant experience']",1,Ready for Transition
13140,city_73,0.754,Male,Has relevent experience,Full time course,Masters,STEM,16,1000-4999,Pvt Ltd,2,14,0.0847457627118644,0.0847457627118644,16.0,0.8,0.98,0.07,1.0,53.27,763,64.2,8.5,80.0,98.0,7.0,100.0,Senior Specialist,"['Deep seniority (16+ yrs)', 'Advanced degree (Masters)', 'STEM discipline', 'Domain-relevant experience']",0,Stable in Role
31818,city_21,0.624,,Has relevent experience,no_enrollment,Graduate,STEM,5,100-500,Pvt Ltd,1,11,0.5838509316770185,0.5838509316770185,5.0,0.25,0.7999999999999999,0.055,1.0,53.23,764,64.1,58.4,25.0,80.0,5.5,100.0,Qualified Applicant,"['Open to progression', '5 yrs exp', 'STEM discipline', 'Domain-relevant experience']",1,Ready for Transition
7759,city_160,0.92,,Has relevent experience,no_enrollment,Graduate,STEM,4,,,2,36,0.5838509316770185,0.5838509316770185,4.0,0.2,0.7999999999999999,0.18,1.0,53.23,764,64.1,58.4,20.0,80.0,18.0,100.0,Qualified Applicant,"['Open to progression', '4 yrs exp', 'STEM discipline', 'Domain-relevant experience']",1,Ready for Transition
12829,city_69,0.856,Male,Has relevent experience,no_enrollment,Graduate,STEM,16,50-99,Pvt Ltd,2,85,0.0847457627118644,0.0847457627118644,16.0,0.8,0.7999999999999999,0.425,1.0,53.22,766,64.1,8.5,80.0,80.0,42.5,100.0,Senior Specialist,"['Deep seniority (16+ yrs)', 'STEM discipline', 'Committed upskiller (85 hrs)', 'Domain-relevant experience']",0,Stable in Role
660,city_103,0.92,Male,Has relevent experience,no_enrollment,Masters,STEM,16,50-99,Funded Startup,>4,37,0.049019607843137254,0.049019607843137254,16.0,0.8,0.98,0.185,1.0,53.17,767,64.0,4.9,80.0,98.0,18.5,100.0,Senior Specialist,"['Deep seniority (16+ yrs)', 'Advanced degree (Masters)', 'STEM discipline', 'Domain-relevant experience']",0,Stable in Role
7987,city_127,0.745,Male,Has relevent experience,Full time course,Graduate,STEM,5,,,2,17,0.5733333333333334,0.5733333333333334,5.0,0.25,0.7999999999999999,0.085,1.0,53.17,767,64.0,57.3,25.0,80.0,8.5,100.0,Qualified Applicant,"['Open to progression', '5 yrs exp', 'STEM discipline', 'Domain-relevant experience']",1,Ready for Transition
8232,city_103,0.92,Male,Has relevent experience,no_enrollment,Graduate,Arts,17,50-99,Pvt Ltd,3,103,0.07894736842105263,0.07894736842105263,17.0,0.85,0.7,0.515,1.0,53.16,769,63.9,7.9,85.0,70.0,51.5,100.0,Senior Specialist,"['Deep seniority (17+ yrs)', 'Committed upskiller (103 hrs)', 'Domain-relevant experience']",0,Stable in Role
19139,city_103,0.92,Female,Has relevent experience,Part time course,Graduate,STEM,15,,Public Sector,>4,48,0.17117117117117117,0.17117117117117117,15.0,0.75,0.7999999999999999,0.24,1.0,53.14,770,63.9,17.1,75.0,80.0,24.0,100.0,Senior Specialist,"['Deep seniority (15+ yrs)', 'STEM discipline', 'Domain-relevant experience']",0,Stable in Role
23189,city_16,0.91,Male,Has relevent experience,no_enrollment,Graduate,STEM,16,1000-4999,Pvt Ltd,3,108,0.049019607843137254,0.049019607843137254,16.0,0.8,0.7999999999999999,0.54,1.0,53.12,771,63.8,4.9,80.0,80.0,54.0,100.0,Senior Specialist,"['Deep seniority (16+ yrs)', 'STEM discipline', 'Committed upskiller (108 hrs)', 'Domain-relevant experience']",0,Stable in Role
25730,city_103,0.92,Male,Has relevent experience,no_enrollment,Graduate,STEM,17,50-99,Pvt Ltd,4,58,0.0847457627118644,0.0847457627118644,17.0,0.85,0.7999999999999999,0.29,1.0,53.12,771,63.8,8.5,85.0,80.0,29.0,100.0,Senior Specialist,"['Deep seniority (17+ yrs)', 'STEM discipline', 'Domain-relevant experience']",0,Stable in Role
12312,city_21,0.624,,Has relevent experience,Full time course,Graduate,STEM,4,,Pvt Ltd,2,41,0.5733333333333334,0.5733333333333334,4.0,0.2,0.7999999999999999,0.205,1.0,53.12,771,63.8,57.3,20.0,80.0,20.5,100.0,Qualified Applicant,"['Open to progression', '4 yrs exp', 'STEM discipline', 'Domain-relevant experience']",1,Ready for Transition
2094,city_64,0.6659999999999999,Female,Has relevent experience,no_enrollment,Graduate,STEM,18,100-500,Pvt Ltd,>4,43,0.07035175879396985,0.07035175879396985,18.0,0.9,0.7999999999999999,0.215,1.0,53.11,774,63.7,7.0,90.0,80.0,21.5,100.0,Senior Specialist,"['Deep seniority (18+ yrs)', 'STEM discipline', 'Domain-relevant experience']",0,Stable in Role
21032,city_160,0.92,Male,Has relevent experience,no_enrollment,Graduate,STEM,3,,,2,58,0.5838509316770185,0.5838509316770185,3.0,0.15,0.7999999999999999,0.29,1.0,53.08,775,63.6,58.4,15.0,80.0,29.0,100.0,Qualified Applicant,"['Open to progression', '3 yrs exp', 'STEM discipline', 'Domain-relevant experience']",1,Ready for Transition
23288,city_46,0.762,Male,Has relevent experience,no_enrollment,Graduate,No Major,19,10000+,Pvt Ltd,1,47,0.0847457627118644,0.0847457627118644,19.0,0.95,0.7,0.235,1.0,53.07,776,63.6,8.5,95.0,70.0,23.5,100.0,Senior Specialist,"['Deep seniority (19+ yrs)', 'Domain-relevant experience']",0,Stable in Role
6335,city_103,0.92,,Has relevent experience,no_enrollment,Graduate,Humanities,>20,<10,Early Stage Startup,1,47,0.049019607843137254,0.049019607843137254,22.0,1.0,0.7,0.235,1.0,53.07,776,63.6,4.9,100.0,70.0,23.5,100.0,Senior Specialist,"['Deep seniority (22+ yrs)', 'Domain-relevant experience']",0,Stable in Role
852,city_103,0.92,Male,Has relevent experience,no_enrollment,Graduate,STEM,16,10000+,Pvt Ltd,>4,92,0.07035175879396985,0.07035175879396985,16.0,0.8,0.7999999999999999,0.46,1.0,53.06,778,63.5,7.0,80.0,80.0,46.0,100.0,Senior Specialist,"['Deep seniority (16+ yrs)', 'STEM discipline', 'Committed upskiller (92 hrs)', 'Domain-relevant experience']",0,Stable in Role
12215,city_102,0.804,Male,Has relevent experience,no_enrollment,Masters,STEM,15,10000+,Pvt Ltd,2,11,0.11859838274932614,0.11859838274932614,15.0,0.75,0.98,0.055,1.0,53.05,779,63.4,11.9,75.0,98.0,5.5,100.0,Senior Specialist,"['Deep seniority (15+ yrs)', 'Advanced degree (Masters)', 'STEM discipline', 'Domain-relevant experience']",0,Stable in Role
21899,city_71,0.884,,Has relevent experience,Part time course,Graduate,STEM,15,10000+,,>4,83,0.11859838274932614,0.11859838274932614,15.0,0.75,0.7999999999999999,0.415,1.0,53.05,779,63.4,11.9,75.0,80.0,41.5,100.0,Senior Specialist,"['Deep seniority (15+ yrs)', 'STEM discipline', 'Committed upskiller (83 hrs)', 'Domain-relevant experience']",0,Stable in Role
16944,city_103,0.92,Male,Has relevent experience,Full time course,Graduate,STEM,5,,,3,7,0.5838509316770185,0.5838509316770185,5.0,0.25,0.7999999999999999,0.035,1.0,53.03,781,63.4,58.4,25.0,80.0,3.5,100.0,Qualified Applicant,"['Open to progression', '5 yrs exp', 'STEM discipline', 'Domain-relevant experience']",1,Ready for Transition
11976,city_136,0.897,Male,Has relevent experience,no_enrollment,Masters,STEM,14,,,1,59,0.0847457627118644,0.0847457627118644,14.0,0.7,0.98,0.295,1.0,53.02,782,63.3,8.5,70.0,98.0,29.5,100.0,Senior Specialist,"['Mid-to-Senior (14 yrs)', 'Advanced degree (Masters)', 'STEM discipline', 'Domain-relevant experience']",0,Stable in Role
24683,city_103,0.92,,Has relevent experience,no_enrollment,Graduate,STEM,17,50-99,Pvt Ltd,>4,56,0.0847457627118644,0.0847457627118644,17.0,0.85,0.7999999999999999,0.28,1.0,53.02,782,63.3,8.5,85.0,80.0,28.0,100.0,Senior Specialist,"['Deep seniority (17+ yrs)', 'STEM discipline', 'Domain-relevant experience']",0,Stable in Role
22457,city_21,0.624,,Has relevent experience,,Graduate,STEM,4,100-500,,1,15,0.6077348066298343,0.6077348066298343,4.0,0.2,0.7999999999999999,0.075,1.0,53.02,782,63.3,60.8,20.0,80.0,7.5,100.0,Qualified Applicant,"['Open to progression', '4 yrs exp', 'STEM discipline', 'Domain-relevant experience']",1,Ready for Transition
20459,city_21,0.624,,Has relevent experience,no_enrollment,Graduate,STEM,5,100-500,Pvt Ltd,1,6,0.5838509316770185,0.5838509316770185,5.0,0.25,0.7999999999999999,0.03,1.0,52.98,785,63.2,58.4,25.0,80.0,3.0,100.0,Qualified Applicant,"['Open to progression', '5 yrs exp', 'STEM discipline', 'Domain-relevant experience']",1,Ready for Transition
28833,city_21,0.624,Male,Has relevent experience,Full time course,Graduate,STEM,2,50-99,Pvt Ltd,1,88,0.5733333333333334,0.5733333333333334,2.0,0.1,0.7999999999999999,0.44,1.0,52.97,786,63.1,57.3,10.0,80.0,44.0,100.0,Qualified Applicant,"['Open to progression', '2 yrs exp', 'STEM discipline', 'Committed upskiller (88 hrs)']",1,Ready for Transition
31234,city_36,0.893,Male,Has relevent experience,Full time course,Graduate,STEM,10,,,2,96,0.27564102564102566,0.27564102564102566,10.0,0.5,0.7999999999999999,0.48,1.0,52.95,787,63.1,27.6,50.0,80.0,48.0,100.0,Qualified Applicant,"['Mid-to-Senior (10 yrs)', 'STEM discipline', 'Committed upskiller (96 hrs)', 'Domain-relevant experience']",0,Stable in Role
14477,city_21,0.624,,Has relevent experience,no_enrollment,Graduate,STEM,3,100-500,Pvt Ltd,1,55,0.5838509316770185,0.5838509316770185,3.0,0.15,0.7999999999999999,0.275,1.0,52.93,788,63.0,58.4,15.0,80.0,27.5,100.0,Qualified Applicant,"['Open to progression', '3 yrs exp', 'STEM discipline', 'Domain-relevant experience']",1,Ready for Transition
31079,city_21,0.624,Male,Has relevent experience,no_enrollment,Masters,STEM,2,50-99,Pvt Ltd,never,8,0.5838509316770185,0.5838509316770185,2.0,0.1,0.98,0.04,1.0,52.93,788,63.0,58.4,10.0,98.0,4.0,100.0,Qualified Applicant,"['Open to progression', '2 yrs exp', 'Advanced degree (Masters)', 'STEM discipline']",1,Ready for Transition
667,city_103,0.92,Male,Has relevent experience,no_enrollment,Graduate,STEM,>20,100-500,Pvt Ltd,>4,4,0.049019607843137254,0.049019607843137254,22.0,1.0,0.7999999999999999,0.02,1.0,52.92,790,62.9,4.9,100.0,80.0,2.0,100.0,Senior Specialist,"['Deep seniority (22+ yrs)', 'STEM discipline', 'Domain-relevant experience']",0,Stable in Role
7207,city_114,0.926,Male,Has relevent experience,no_enrollment,Masters,STEM,13,100-500,Pvt Ltd,1,107,0.049019607843137254,0.049019607843137254,13.0,0.65,0.98,0.535,1.0,52.92,790,62.9,4.9,65.0,98.0,53.5,100.0,Senior Specialist,"['Mid-to-Senior (13 yrs)', 'Advanced degree (Masters)', 'STEM discipline', 'Committed upskiller (107 hrs)']",0,Stable in Role
5488,city_103,0.92,Male,Has relevent experience,no_enrollment,Graduate,STEM,19,50-99,Funded Startup,1,4,0.0847457627118644,0.0847457627118644,19.0,0.95,0.7999999999999999,0.02,1.0,52.92,790,62.9,8.5,95.0,80.0,2.0,100.0,Senior Specialist,"['Deep seniority (19+ yrs)', 'STEM discipline', 'Domain-relevant experience']",0,Stable in Role
7957,city_152,0.698,,Has relevent experience,no_enrollment,Masters,STEM,15,,Pvt Ltd,1,42,0.07035175879396985,0.07035175879396985,15.0,0.75,0.98,0.21,1.0,52.91,793,62.8,7.0,75.0,98.0,21.0,100.0,Senior Specialist,"['Deep seniority (15+ yrs)', 'Advanced degree (Masters)', 'STEM discipline', 'Domain-relevant experience']",0,Stable in Role
22430,city_21,0.624,,Has relevent experience,no_enrollment,Masters,STEM,10,50-99,Public Sector,2,23,0.27564102564102566,0.27564102564102566,10.0,0.5,0.98,0.115,1.0,52.9,794,62.8,27.6,50.0,98.0,11.5,100.0,Qualified Applicant,"['Mid-to-Senior (10 yrs)', 'Advanced degree (Masters)', 'STEM discipline', 'Domain-relevant experience']",0,Stable in Role
26178,city_21,0.624,Female,Has relevent experience,Full time course,Graduate,STEM,5,10000+,Pvt Ltd,1,11,0.5733333333333334,0.5733333333333334,5.0,0.25,0.7999999999999999,0.055,1.0,52.87,795,62.7,57.3,25.0,80.0,5.5,100.0,Qualified Applicant,"['Open to progression', '5 yrs exp', 'STEM discipline', 'Domain-relevant experience']",1,Ready for Transition
22753,city_104,0.924,Male,Has relevent experience,no_enrollment,Graduate,STEM,>20,50-99,Pvt Ltd,2,3,0.049019607843137254,0.049019607843137254,22.0,1.0,0.7999999999999999,0.015,1.0,52.87,795,62.7,4.9,100.0,80.0,1.5,100.0,Senior Specialist,"['Deep seniority (22+ yrs)', 'STEM discipline', 'Domain-relevant experience']",0,Stable in Role
25909,city_67,0.855,,Has relevent experience,no_enrollment,Masters,STEM,15,100-500,Pvt Ltd,>4,30,0.0847457627118644,0.0847457627118644,15.0,0.75,0.98,0.15,1.0,52.82,797,62.5,8.5,75.0,98.0,15.0,100.0,Senior Specialist,"['Deep seniority (15+ yrs)', 'Advanced degree (Masters)', 'STEM discipline', 'Domain-relevant experience']",0,Stable in Role
10737,city_103,0.92,Male,Has relevent experience,no_enrollment,Masters,STEM,16,10000+,Pvt Ltd,1,30,0.049019607843137254,0.049019607843137254,16.0,0.8,0.98,0.15,1.0,52.82,797,62.5,4.9,80.0,98.0,15.0,100.0,Senior Specialist,"['Deep seniority (16+ yrs)', 'Advanced degree (Masters)', 'STEM discipline', 'Domain-relevant experience']",0,Stable in Role
18805,city_16,0.91,Male,No relevent experience,no_enrollment,Phd,Humanities,>20,,,>4,27,0.0847457627118644,0.0847457627118644,22.0,1.0,1.0,0.135,0.35,52.82,797,62.5,8.5,100.0,100.0,13.5,35.0,Senior Specialist,"['Deep seniority (22+ yrs)', 'Advanced degree (Phd)']",0,Stable in Role
30532,city_103,0.92,Male,Has relevent experience,no_enrollment,Graduate,STEM,16,500-999,Pvt Ltd,1,102,0.049019607843137254,0.049019607843137254,16.0,0.8,0.7999999999999999,0.51,1.0,52.82,797,62.5,4.9,80.0,80.0,51.0,100.0,Senior Specialist,"['Deep seniority (16+ yrs)', 'STEM discipline', 'Committed upskiller (102 hrs)', 'Domain-relevant experience']",0,Stable in Role
29283,city_67,0.855,Male,Has relevent experience,no_enrollment,Masters,STEM,15,100-500,Pvt Ltd,3,55,0.049019607843137254,0.049019607843137254,15.0,0.75,0.98,0.275,1.0,52.82,797,62.5,4.9,75.0,98.0,27.5,100.0,Senior Specialist,"['Deep seniority (15+ yrs)', 'Advanced degree (Masters)', 'STEM discipline', 'Domain-relevant experience']",0,Stable in Role
25862,city_103,0.92,Male,Has relevent experience,no_enrollment,Graduate,Other,>20,10/49,Pvt Ltd,2,41,0.049019607843137254,0.049019607843137254,22.0,1.0,0.7,0.205,1.0,52.77,802,62.4,4.9,100.0,70.0,20.5,100.0,Senior Specialist,"['Deep seniority (22+ yrs)', 'Domain-relevant experience']",0,Stable in Role
30538,city_103,0.92,Male,Has relevent experience,no_enrollment,Masters,STEM,16,10000+,Pvt Ltd,>4,4,0.0847457627118644,0.0847457627118644,16.0,0.8,0.98,0.02,1.0,52.77,802,62.4,8.5,80.0,98.0,2.0,100.0,Senior Specialist,"['Deep seniority (16+ yrs)', 'Advanced degree (Masters)', 'STEM discipline', 'Domain-relevant experience']",0,Stable in Role
19218,city_103,0.92,Male,Has relevent experience,no_enrollment,Masters,Humanities,16,10000+,Pvt Ltd,4,48,0.07894736842105263,0.07894736842105263,16.0,0.8,0.88,0.24,1.0,52.76,804,62.3,7.9,80.0,88.0,24.0,100.0,Senior Specialist,"['Deep seniority (16+ yrs)', 'Advanced degree (Masters)', 'Domain-relevant experience']",0,Stable in Role
16125,city_103,0.92,,Has relevent experience,no_enrollment,Graduate,Humanities,19,100-500,Pvt Ltd,>4,40,0.0847457627118644,0.0847457627118644,19.0,0.95,0.7,0.2,1.0,52.72,805,62.2,8.5,95.0,70.0,20.0,100.0,Senior Specialist,"['Deep seniority (19+ yrs)', 'Domain-relevant experience']",0,Stable in Role
30846,city_116,0.743,Male,Has relevent experience,no_enrollment,Graduate,Business Degree,>20,100-500,Pvt Ltd,>4,40,0.049019607843137254,0.049019607843137254,22.0,1.0,0.7,0.2,1.0,52.72,805,62.2,4.9,100.0,70.0,20.0,100.0,Senior Specialist,"['Deep seniority (22+ yrs)', 'Domain-relevant experience']",0,Stable in Role
12570,city_21,0.624,Male,Has relevent experience,Full time course,Graduate,STEM,2,100-500,Pvt Ltd,1,83,0.5733333333333334,0.5733333333333334,2.0,0.1,0.7999999999999999,0.415,1.0,52.72,805,62.2,57.3,10.0,80.0,41.5,100.0,Qualified Applicant,"['Open to progression', '2 yrs exp', 'STEM discipline', 'Committed upskiller (83 hrs)']",1,Ready for Transition
12407,city_114,0.926,Male,Has relevent experience,no_enrollment,Masters,STEM,11,100-500,Pvt Ltd,1,152,0.049019607843137254,0.049019607843137254,11.0,0.55,0.98,0.76,1.0,52.67,808,62.0,4.9,55.0,98.0,76.0,100.0,Qualified Applicant,"['Mid-to-Senior (11 yrs)', 'Advanced degree (Masters)', 'STEM discipline', 'Committed upskiller (152 hrs)']",0,Stable in Role
11982,city_136,0.897,Male,Has relevent experience,no_enrollment,Masters,STEM,16,50-99,,never,27,0.049019607843137254,0.049019607843137254,16.0,0.8,0.98,0.135,1.0,52.67,808,62.0,4.9,80.0,98.0,13.5,100.0,Senior Specialist,"['Deep seniority (16+ yrs)', 'Advanced degree (Masters)', 'STEM discipline', 'Domain-relevant experience']",0,Stable in Role
1678,city_160,0.92,Male,Has relevent experience,no_enrollment,Masters,STEM,11,1000-4999,Pvt Ltd,4,152,0.049019607843137254,0.049019607843137254,11.0,0.55,0.98,0.76,1.0,52.67,808,62.0,4.9,55.0,98.0,76.0,100.0,Qualified Applicant,"['Mid-to-Senior (11 yrs)', 'Advanced degree (Masters)', 'STEM discipline', 'Committed upskiller (152 hrs)']",0,Stable in Role
9806,city_65,0.802,Male,Has relevent experience,no_enrollment,Masters,STEM,15,10000+,Pvt Ltd,>4,27,0.0847457627118644,0.0847457627118644,15.0,0.75,0.98,0.135,1.0,52.67,808,62.0,8.5,75.0,98.0,13.5,100.0,Senior Specialist,"['Deep seniority (15+ yrs)', 'Advanced degree (Masters)', 'STEM discipline', 'Domain-relevant experience']",0,Stable in Role
7424,city_103,0.92,,Has relevent experience,no_enrollment,Graduate,Business Degree,>20,<10,Pvt Ltd,2,39,0.049019607843137254,0.049019607843137254,22.0,1.0,0.7,0.195,1.0,52.67,808,62.0,4.9,100.0,70.0,19.5,100.0,Senior Specialist,"['Deep seniority (22+ yrs)', 'Domain-relevant experience']",0,Stable in Role
7788,city_21,0.624,Male,Has relevent experience,no_enrollment,High School,,10,,,never,73,0.5289855072463768,0.5289855072463768,10.0,0.5,0.4,0.365,1.0,52.66,813,61.9,52.9,50.0,40.0,36.5,100.0,Qualified Applicant,"['Open to progression', 'Mid-to-Senior (10 yrs)', 'Domain-relevant experience']",1,Ready for Transition
7470,city_167,0.921,Male,Has relevent experience,Full time course,Graduate,STEM,7,100-500,Pvt Ltd,1,8,0.5,0.5,7.0,0.35,0.7999999999999999,0.04,1.0,52.65,814,61.8,50.0,35.0,80.0,4.0,100.0,Qualified Applicant,"['Open to progression', '7 yrs exp', 'STEM discipline', 'Domain-relevant experience']",1,Ready for Transition
32495,city_64,0.6659999999999999,Male,No relevent experience,no_enrollment,Graduate,Other,>20,,,1,105,0.14,0.14,22.0,1.0,0.7,0.525,0.35,52.65,814,61.8,14.0,100.0,70.0,52.5,35.0,Senior Specialist,"['Deep seniority (22+ yrs)', 'Committed upskiller (105 hrs)']",0,Stable in Role
30316,city_21,0.624,,Has relevent experience,Full time course,Graduate,STEM,2,5000-9999,Pvt Ltd,1,57,0.6077348066298343,0.6077348066298343,2.0,0.1,0.7999999999999999,0.285,1.0,52.62,816,61.7,60.8,10.0,80.0,28.5,100.0,Qualified Applicant,"['Open to progression', '2 yrs exp', 'STEM discipline', 'Domain-relevant experience']",1,Ready for Transition
13009,city_103,0.92,,No relevent experience,no_enrollment,Masters,STEM,3,,,1,90,0.6077348066298343,0.6077348066298343,3.0,0.15,0.98,0.45,0.35,52.62,816,61.7,60.8,15.0,98.0,45.0,35.0,Qualified Applicant,"['Open to progression', '3 yrs exp', 'Advanced degree (Masters)', 'STEM discipline']",1,Ready for Transition
12814,city_138,0.836,Male,No relevent experience,no_enrollment,Masters,STEM,>20,<10,Funded Startup,2,90,0.0,0.0,22.0,1.0,0.98,0.45,0.35,52.6,818,61.6,0.0,100.0,98.0,45.0,35.0,Senior Specialist,"['Deep seniority (22+ yrs)', 'Advanced degree (Masters)', 'STEM discipline', 'Committed upskiller (90 hrs)']",0,Stable in Role
2107,city_162,0.767,Male,Has relevent experience,Part time course,Graduate,Business Degree,14,50-99,Pvt Ltd,3,29,0.27564102564102566,0.27564102564102566,14.0,0.7,0.7,0.145,1.0,52.6,818,61.6,27.6,70.0,70.0,14.5,100.0,Senior Specialist,"['Mid-to-Senior (14 yrs)', 'Domain-relevant experience']",0,Stable in Role
3672,city_21,0.624,,Has relevent experience,Full time course,Graduate,STEM,3,50-99,Pvt Ltd,,48,0.5838509316770185,0.5838509316770185,3.0,0.15,0.7999999999999999,0.24,1.0,52.58,820,61.5,58.4,15.0,80.0,24.0,100.0,Qualified Applicant,"['Open to progression', '3 yrs exp', 'STEM discipline', 'Domain-relevant experience']",1,Ready for Transition
7805,city_114,0.926,Male,Has relevent experience,no_enrollment,Graduate,STEM,18,100-500,Pvt Ltd,1,47,0.049019607843137254,0.049019607843137254,18.0,0.9,0.7999999999999999,0.235,1.0,52.57,821,61.5,4.9,90.0,80.0,23.5,100.0,Senior Specialist,"['Deep seniority (18+ yrs)', 'STEM discipline', 'Domain-relevant experience']",0,Stable in Role
12488,city_21,0.624,,Has relevent experience,no_enrollment,Graduate,STEM,2,<10,Early Stage Startup,1,56,0.6077348066298343,0.6077348066298343,2.0,0.1,0.7999999999999999,0.28,1.0,52.57,821,61.5,60.8,10.0,80.0,28.0,100.0,Qualified Applicant,"['Open to progression', '2 yrs exp', 'STEM discipline', 'Domain-relevant experience']",1,Ready for Transition
13230,city_103,0.92,Female,Has relevent experience,no_enrollment,Graduate,STEM,5,,,1,29,0.5384615384615384,0.5384615384615384,5.0,0.25,0.7999999999999999,0.145,1.0,52.55,823,61.4,53.8,25.0,80.0,14.5,100.0,Qualified Applicant,"['Open to progression', '5 yrs exp', 'STEM discipline', 'Domain-relevant experience']",1,Ready for Transition
6816,city_21,0.624,,Has relevent experience,Full time course,Graduate,STEM,3,100-500,Pvt Ltd,1,54,0.5733333333333334,0.5733333333333334,3.0,0.15,0.7999999999999999,0.27,1.0,52.52,824,61.3,57.3,15.0,80.0,27.0,100.0,Qualified Applicant,"['Open to progression', '3 yrs exp', 'STEM discipline', 'Domain-relevant experience']",1,Ready for Transition
11212,city_36,0.893,Male,Has relevent experience,no_enrollment,Masters,STEM,15,50-99,Pvt Ltd,3,48,0.049019607843137254,0.049019607843137254,15.0,0.75,0.98,0.24,1.0,52.47,825,61.3,4.9,75.0,98.0,24.0,100.0,Senior Specialist,"['Deep seniority (15+ yrs)', 'Advanced degree (Masters)', 'STEM discipline', 'Domain-relevant experience']",0,Stable in Role
1026,city_162,0.767,,Has relevent experience,no_enrollment,Masters,STEM,11,1000-4999,Pvt Ltd,3,62,0.17117117117117117,0.17117117117117117,11.0,0.55,0.98,0.31,1.0,52.44,826,61.2,17.1,55.0,98.0,31.0,100.0,Qualified Applicant,"['Mid-to-Senior (11 yrs)', 'Advanced degree (Masters)', 'STEM discipline', 'Domain-relevant experience']",0,Stable in Role
31951,city_21,0.624,,Has relevent experience,no_enrollment,Graduate,STEM,3,50-99,Pvt Ltd,1,45,0.5838509316770185,0.5838509316770185,3.0,0.15,0.7999999999999999,0.225,1.0,52.43,827,61.2,58.4,15.0,80.0,22.5,100.0,Qualified Applicant,"['Open to progression', '3 yrs exp', 'STEM discipline', 'Domain-relevant experience']",1,Ready for Transition
11458,city_27,0.848,Male,Has relevent experience,no_enrollment,Graduate,STEM,<1,,,>4,139,0.5384615384615384,0.5384615384615384,0.5,0.025,0.7999999999999999,0.695,1.0,52.42,828,61.1,53.8,2.5,80.0,69.5,100.0,Qualified Applicant,"['Open to progression', '0 yrs exp', 'STEM discipline', 'Committed upskiller (139 hrs)']",1,Ready for Transition
16164,city_102,0.804,Male,Has relevent experience,no_enrollment,Graduate,STEM,13,1000-4999,Pvt Ltd,3,144,0.0847457627118644,0.0847457627118644,13.0,0.65,0.7999999999999999,0.72,1.0,52.42,828,61.1,8.5,65.0,80.0,72.0,100.0,Senior Specialist,"['Mid-to-Senior (13 yrs)', 'STEM discipline', 'Committed upskiller (144 hrs)', 'Domain-relevant experience']",0,Stable in Role
32066,city_21,0.624,,Has relevent experience,no_enrollment,Graduate,STEM,1,100-500,Pvt Ltd,1,78,0.6077348066298343,0.6077348066298343,1.0,0.05,0.7999999999999999,0.39,1.0,52.42,828,61.1,60.8,5.0,80.0,39.0,100.0,Qualified Applicant,"['Open to progression', '1 yrs exp', 'STEM discipline', 'Domain-relevant experience']",1,Ready for Transition
7132,city_91,0.691,,Has relevent experience,no_enrollment,Graduate,Other,3,,,>4,84,0.5838509316770185,0.5838509316770185,3.0,0.15,0.7,0.42,1.0,52.38,831,61.0,58.4,15.0,70.0,42.0,100.0,Qualified Applicant,"['Open to progression', '3 yrs exp', 'Committed upskiller (84 hrs)', 'Domain-relevant experience']",1,Ready for Transition
25255,city_71,0.884,Male,Has relevent experience,no_enrollment,Graduate,STEM,18,100-500,Pvt Ltd,3,18,0.0847457627118644,0.0847457627118644,18.0,0.9,0.7999999999999999,0.09,1.0,52.37,832,60.9,8.5,90.0,80.0,9.0,100.0,Senior Specialist,"['Deep seniority (18+ yrs)', 'STEM discipline', 'Domain-relevant experience']",0,Stable in Role
26681,city_103,0.92,Male,Has relevent experience,no_enrollment,Graduate,Business Degree,>20,10000+,Pvt Ltd,3,8,0.0847457627118644,0.0847457627118644,22.0,1.0,0.7,0.04,1.0,52.37,832,60.9,8.5,100.0,70.0,4.0,100.0,Senior Specialist,"['Deep seniority (22+ yrs)', 'Domain-relevant experience']",0,Stable in Role
17224,city_16,0.91,Male,Has relevent experience,no_enrollment,Graduate,STEM,13,,,1,119,0.11859838274932614,0.11859838274932614,13.0,0.65,0.7999999999999999,0.595,1.0,52.35,834,60.8,11.9,65.0,80.0,59.5,100.0,Senior Specialist,"['Mid-to-Senior (13 yrs)', 'STEM discipline', 'Committed upskiller (119 hrs)', 'Domain-relevant experience']",0,Stable in Role
28680,city_160,0.92,Male,Has relevent experience,no_enrollment,Graduate,STEM,10,10000+,Pvt Ltd,3,194,0.11859838274932614,0.11859838274932614,10.0,0.5,0.7999999999999999,0.97,1.0,52.35,834,60.8,11.9,50.0,80.0,97.0,100.0,Qualified Applicant,"['Mid-to-Senior (10 yrs)', 'STEM discipline', 'Committed upskiller (194 hrs)', 'Domain-relevant experience']",0,Stable in Role
20269,city_16,0.91,Male,Has relevent experience,no_enrollment,Graduate,STEM,12,10/49,Pvt Ltd,>4,144,0.11859838274932614,0.11859838274932614,12.0,0.6,0.7999999999999999,0.72,1.0,52.35,834,60.8,11.9,60.0,80.0,72.0,100.0,Senior Specialist,"['Mid-to-Senior (12 yrs)', 'STEM discipline', 'Committed upskiller (144 hrs)', 'Domain-relevant experience']",0,Stable in Role
8485,city_40,0.7759999999999999,Male,No relevent experience,Full time course,Graduate,STEM,8,,,2,31,0.6077348066298343,0.6077348066298343,8.0,0.4,0.7999999999999999,0.155,0.35,52.32,837,60.7,60.8,40.0,80.0,15.5,35.0,Qualified Applicant,"['Open to progression', 'Mid-to-Senior (8 yrs)', 'STEM discipline']",1,Ready for Transition
24845,city_103,0.92,Male,No relevent experience,no_enrollment,Masters,STEM,14,50-99,Pvt Ltd,1,332,0.049019607843137254,0.049019607843137254,14.0,0.7,0.98,1.0,0.35,52.32,837,60.7,4.9,70.0,98.0,100.0,35.0,Senior Specialist,"['Mid-to-Senior (14 yrs)', 'Advanced degree (Masters)', 'STEM discipline', 'Committed upskiller (332 hrs)']",0,Stable in Role
12990,city_160,0.92,Male,Has relevent experience,no_enrollment,Graduate,STEM,16,100-500,Pvt Ltd,>4,67,0.0847457627118644,0.0847457627118644,16.0,0.8,0.7999999999999999,0.335,1.0,52.32,837,60.7,8.5,80.0,80.0,33.5,100.0,Senior Specialist,"['Deep seniority (16+ yrs)', 'STEM discipline', 'Domain-relevant experience']",0,Stable in Role
3673,city_67,0.855,Male,Has relevent experience,Part time course,Masters,STEM,15,100-500,Pvt Ltd,3,20,0.0847457627118644,0.0847457627118644,15.0,0.75,0.98,0.1,1.0,52.32,837,60.7,8.5,75.0,98.0,10.0,100.0,Senior Specialist,"['Deep seniority (15+ yrs)', 'Advanced degree (Masters)', 'STEM discipline', 'Domain-relevant experience']",0,Stable in Role
5058,city_103,0.92,Male,No relevent experience,Full time course,Graduate,STEM,1,,,1,81,0.7857142857142857,0.7857142857142857,1.0,0.05,0.7999999999999999,0.405,0.35,52.3,841,60.5,78.6,5.0,80.0,40.5,35.0,Qualified Applicant,"['High transition readiness (79%)', '1 yrs exp', 'STEM discipline', 'Committed upskiller (81 hrs)']",1,Ready for Transition
24582,city_114,0.926,Male,Has relevent experience,Part time course,Masters,STEM,16,50-99,Pvt Ltd,2,19,0.049019607843137254,0.049019607843137254,16.0,0.8,0.98,0.095,1.0,52.27,842,60.5,4.9,80.0,98.0,9.5,100.0,Senior Specialist,"['Deep seniority (16+ yrs)', 'Advanced degree (Masters)', 'STEM discipline', 'Domain-relevant experience']",0,Stable in Role
21383,city_67,0.855,Male,No relevent experience,no_enrollment,Masters,STEM,14,,,2,150,0.11859838274932614,0.11859838274932614,14.0,0.7,0.98,0.75,0.35,52.25,843,60.5,11.9,70.0,98.0,75.0,35.0,Senior Specialist,"['Mid-to-Senior (14 yrs)', 'Advanced degree (Masters)', 'STEM discipline', 'Committed upskiller (150 hrs)']",0,Stable in Role
27308,city_103,0.92,Female,No relevent experience,no_enrollment,Graduate,STEM,8,,,never,46,0.5838509316770185,0.5838509316770185,8.0,0.4,0.7999999999999999,0.23,0.35,52.23,844,60.4,58.4,40.0,80.0,23.0,35.0,Qualified Applicant,"['Open to progression', 'Mid-to-Senior (8 yrs)', 'STEM discipline']",1,Ready for Transition
29537,city_54,0.856,Male,Has relevent experience,no_enrollment,Masters,STEM,11,50-99,Pvt Ltd,1,118,0.0847457627118644,0.0847457627118644,11.0,0.55,0.98,0.59,1.0,52.22,845,60.4,8.5,55.0,98.0,59.0,100.0,Qualified Applicant,"['Mid-to-Senior (11 yrs)', 'Advanced degree (Masters)', 'STEM discipline', 'Committed upskiller (118 hrs)']",0,Stable in Role
22392,city_19,0.682,Male,No relevent experience,Full time course,Graduate,STEM,3,,,never,139,0.6287878787878788,0.6287878787878788,3.0,0.15,0.7999999999999999,0.695,0.35,52.21,846,60.3,62.9,15.0,80.0,69.5,35.0,Qualified Applicant,"['Open to progression', '3 yrs exp', 'STEM discipline', 'Committed upskiller (139 hrs)']",1,Ready for Transition
26688,city_136,0.897,Male,Has relevent experience,no_enrollment,Graduate,No Major,>20,<10,Pvt Ltd,2,29,0.049019607843137254,0.049019607843137254,22.0,1.0,0.7,0.145,1.0,52.17,847,60.2,4.9,100.0,70.0,14.5,100.0,Senior Specialist,"['Deep seniority (22+ yrs)', 'Domain-relevant experience']",0,Stable in Role
3307,city_123,0.738,Male,Has relevent experience,no_enrollment,Masters,STEM,14,<10,Early Stage Startup,1,67,0.049019607843137254,0.049019607843137254,14.0,0.7,0.98,0.335,1.0,52.17,847,60.2,4.9,70.0,98.0,33.5,100.0,Senior Specialist,"['Mid-to-Senior (14 yrs)', 'Advanced degree (Masters)', 'STEM discipline', 'Domain-relevant experience']",0,Stable in Role
19648,city_21,0.624,,Has relevent experience,no_enrollment,Graduate,STEM,4,10000+,Pvt Ltd,2,21,0.5733333333333334,0.5733333333333334,4.0,0.2,0.7999999999999999,0.105,1.0,52.12,849,60.2,57.3,20.0,80.0,10.5,100.0,Qualified Applicant,"['Open to progression', '4 yrs exp', 'STEM discipline', 'Domain-relevant experience']",1,Ready for Transition
12142,city_78,0.579,,Has relevent experience,Full time course,Graduate,STEM,<1,,,2,84,0.6077348066298343,0.6077348066298343,0.5,0.025,0.7999999999999999,0.42,1.0,52.1,850,60.1,60.8,2.5,80.0,42.0,100.0,Qualified Applicant,"['Open to progression', '0 yrs exp', 'STEM discipline', 'Committed upskiller (84 hrs)']",1,Ready for Transition
23969,city_30,0.698,Male,Has relevent experience,no_enrollment,,,>20,<10,Pvt Ltd,,67,0.049019607843137254,0.049019607843137254,22.0,1.0,0.6,0.335,1.0,52.07,851,60.1,4.9,100.0,60.0,33.5,100.0,Senior Specialist,"['Deep seniority (22+ yrs)', 'Domain-relevant experience']",0,Stable in Role
14428,city_21,0.624,,No relevent experience,Full time course,Graduate,STEM,6,,,,61,0.6287878787878788,0.6287878787878788,6.0,0.3,0.7999999999999999,0.305,0.35,52.06,852,60.0,62.9,30.0,80.0,30.5,35.0,Qualified Applicant,"['Open to progression', '6 yrs exp', 'STEM discipline']",1,Ready for Transition
22863,city_114,0.926,,Has relevent experience,no_enrollment,Masters,STEM,14,5000-9999,Pvt Ltd,>4,44,0.07894736842105263,0.07894736842105263,14.0,0.7,0.98,0.22,1.0,52.06,852,60.0,7.9,70.0,98.0,22.0,100.0,Senior Specialist,"['Mid-to-Senior (14 yrs)', 'Advanced degree (Masters)', 'STEM discipline', 'Domain-relevant experience']",0,Stable in Role
32808,city_21,0.624,Male,Has relevent experience,no_enrollment,Graduate,STEM,4,50-99,Pvt Ltd,2,12,0.5838509316770185,0.5838509316770185,4.0,0.2,0.7999999999999999,0.06,1.0,52.03,854,59.9,58.4,20.0,80.0,6.0,100.0,Qualified Applicant,"['Open to progression', '4 yrs exp', 'STEM discipline', 'Domain-relevant experience']",1,Ready for Transition
27030,city_173,0.878,Male,Has relevent experience,no_enrollment,Masters,STEM,13,,,1,3,0.17117117117117117,0.17117117117117117,13.0,0.65,0.98,0.015,1.0,51.99,855,59.9,17.1,65.0,98.0,1.5,100.0,Senior Specialist,"['Mid-to-Senior (13 yrs)', 'Advanced degree (Masters)', 'STEM discipline', 'Domain-relevant experience']",0,Stable in Role
29176,city_103,0.92,,Has relevent experience,no_enrollment,Masters,STEM,15,100-500,Pvt Ltd,2,8,0.09259259259259259,0.09259259259259259,15.0,0.75,0.98,0.04,1.0,51.99,855,59.9,9.3,75.0,98.0,4.0,100.0,Senior Specialist,"['Deep seniority (15+ yrs)', 'Advanced degree (Masters)', 'STEM discipline', 'Domain-relevant experience']",0,Stable in Role
29230,city_46,0.762,Male,Has relevent experience,Part time course,Masters,STEM,10,10000+,Pvt Ltd,>4,3,0.2777777777777778,0.2777777777777778,10.0,0.5,0.98,0.015,1.0,51.97,857,59.8,27.8,50.0,98.0,1.5,100.0,Qualified Applicant,"['Mid-to-Senior (10 yrs)', 'Advanced degree (Masters)', 'STEM discipline', 'Domain-relevant experience']",0,Stable in Role
17900,city_11,0.55,Male,Has relevent experience,no_enrollment,Graduate,STEM,3,100-500,Pvt Ltd,1,43,0.5733333333333334,0.5733333333333334,3.0,0.15,0.7999999999999999,0.215,1.0,51.97,857,59.8,57.3,15.0,80.0,21.5,100.0,Qualified Applicant,"['Open to progression', '3 yrs exp', 'STEM discipline', 'Domain-relevant experience']",1,Ready for Transition
32584,city_142,0.727,,Has relevent experience,no_enrollment,Masters,STEM,14,10/49,Pvt Ltd,4,48,0.07035175879396985,0.07035175879396985,14.0,0.7,0.98,0.24,1.0,51.96,859,59.7,7.0,70.0,98.0,24.0,100.0,Senior Specialist,"['Mid-to-Senior (14 yrs)', 'Advanced degree (Masters)', 'STEM discipline', 'Domain-relevant experience']",0,Stable in Role
32141,city_103,0.92,Male,Has relevent experience,no_enrollment,Graduate,STEM,15,100-500,Funded Startup,3,61,0.11859838274932614,0.11859838274932614,15.0,0.75,0.7999999999999999,0.305,1.0,51.95,860,59.7,11.9,75.0,80.0,30.5,100.0,Senior Specialist,"['Deep seniority (15+ yrs)', 'STEM discipline', 'Domain-relevant experience']",0,Stable in Role
23379,city_67,0.855,Male,No relevent experience,Part time course,Graduate,STEM,16,,,>4,129,0.17117117117117117,0.17117117117117117,16.0,0.8,0.7999999999999999,0.645,0.35,51.94,861,59.6,17.1,80.0,80.0,64.5,35.0,Senior Specialist,"['Deep seniority (16+ yrs)', 'STEM discipline', 'Committed upskiller (129 hrs)']",0,Stable in Role
10928,city_21,0.624,Male,Has relevent experience,Full time course,Graduate,STEM,4,10000+,Pvt Ltd,1,10,0.5838509316770185,0.5838509316770185,4.0,0.2,0.7999999999999999,0.05,1.0,51.93,862,59.6,58.4,20.0,80.0,5.0,100.0,Qualified Applicant,"['Open to progression', '4 yrs exp', 'STEM discipline', 'Domain-relevant experience']",1,Ready for Transition
8587,city_103,0.92,Male,Has relevent experience,no_enrollment,Graduate,STEM,16,1000-4999,Pvt Ltd,3,59,0.0847457627118644,0.0847457627118644,16.0,0.8,0.7999999999999999,0.295,1.0,51.92,863,59.5,8.5,80.0,80.0,29.5,100.0,Senior Specialist,"['Deep seniority (16+ yrs)', 'STEM discipline', 'Domain-relevant experience']",0,Stable in Role
4601,city_28,0.939,Male,No relevent experience,no_enrollment,Phd,STEM,>20,5000-9999,Pvt Ltd,2,9,0.0847457627118644,0.0847457627118644,22.0,1.0,1.0,0.045,0.35,51.92,863,59.5,8.5,100.0,100.0,4.5,35.0,Senior Specialist,"['Deep seniority (22+ yrs)', 'Advanced degree (Phd)', 'STEM discipline']",0,Stable in Role
14053,city_73,0.754,Male,No relevent experience,Part time course,Graduate,STEM,7,,Public Sector,never,80,0.5614035087719298,0.5614035087719298,7.0,0.35,0.7999999999999999,0.4,0.35,51.9,865,59.4,56.1,35.0,80.0,40.0,35.0,Qualified Applicant,"['Open to progression', '7 yrs exp', 'STEM discipline', 'Committed upskiller (80 hrs)']",1,Ready for Transition
23319,city_21,0.624,Male,Has relevent experience,Full time course,Graduate,STEM,4,,,never,9,0.5838509316770185,0.5838509316770185,4.0,0.2,0.7999999999999999,0.045,1.0,51.88,866,59.4,58.4,20.0,80.0,4.5,100.0,Qualified Applicant,"['Open to progression', '4 yrs exp', 'STEM discipline', 'Domain-relevant experience']",1,Ready for Transition
3312,city_103,0.92,Male,Has relevent experience,no_enrollment,Graduate,STEM,17,100-500,Funded Startup,1,9,0.11859838274932614,0.11859838274932614,17.0,0.85,0.7999999999999999,0.045,1.0,51.85,867,59.3,11.9,85.0,80.0,4.5,100.0,Senior Specialist,"['Deep seniority (17+ yrs)', 'STEM discipline', 'Domain-relevant experience']",0,Stable in Role
11654,city_44,0.725,Female,Has relevent experience,Full time course,Masters,STEM,9,50-99,,never,100,0.17117117117117117,0.17117117117117117,9.0,0.45,0.98,0.5,1.0,51.84,868,59.3,17.1,45.0,98.0,50.0,100.0,Qualified Applicant,"['Mid-to-Senior (9 yrs)', 'Advanced degree (Masters)', 'STEM discipline', 'Committed upskiller (100 hrs)']",0,Stable in Role
28252,city_21,0.624,,No relevent experience,no_enrollment,Graduate,STEM,5,,Public Sector,,81,0.6287878787878788,0.6287878787878788,5.0,0.25,0.7999999999999999,0.405,0.35,51.81,869,59.2,62.9,25.0,80.0,40.5,35.0,Qualified Applicant,"['Open to progression', '5 yrs exp', 'STEM discipline', 'Committed upskiller (81 hrs)']",1,Ready for Transition
5720,city_21,0.624,Female,Has relevent experience,no_enrollment,Graduate,STEM,3,10000+,Pvt Ltd,2,32,0.5838509316770185,0.5838509316770185,3.0,0.15,0.7999999999999999,0.16,1.0,51.78,870,59.2,58.4,15.0,80.0,16.0,100.0,Qualified Applicant,"['Open to progression', '3 yrs exp', 'STEM discipline', 'Domain-relevant experience']",1,Ready for Transition
19240,city_103,0.92,Male,Has relevent experience,no_enrollment,Graduate,STEM,15,<10,Pvt Ltd,>4,85,0.07894736842105263,0.07894736842105263,15.0,0.75,0.7999999999999999,0.425,1.0,51.76,871,59.1,7.9,75.0,80.0,42.5,100.0,Senior Specialist,"['Deep seniority (15+ yrs)', 'STEM discipline', 'Committed upskiller (85 hrs)', 'Domain-relevant experience']",0,Stable in Role
13748,city_73,0.754,Male,Has relevent experience,no_enrollment,Graduate,STEM,17,10000+,Pvt Ltd,1,41,0.07035175879396985,0.07035175879396985,17.0,0.85,0.7999999999999999,0.205,1.0,51.76,871,59.1,7.0,85.0,80.0,20.5,100.0,Senior Specialist,"['Deep seniority (17+ yrs)', 'STEM discipline', 'Domain-relevant experience']",0,Stable in Role
29010,city_21,0.624,Male,Has relevent experience,Full time course,Masters,STEM,2,10000+,Pvt Ltd,1,23,0.5289855072463768,0.5289855072463768,2.0,0.1,0.98,0.115,1.0,51.76,871,59.1,52.9,10.0,98.0,11.5,100.0,Qualified Applicant,"['Open to progression', '2 yrs exp', 'Advanced degree (Masters)', 'STEM discipline']",1,Ready for Transition
30294,city_114,0.926,Male,No relevent experience,Part time course,Masters,STEM,>20,500-999,Public Sector,1,13,0.0847457627118644,0.0847457627118644,22.0,1.0,0.98,0.065,0.35,51.72,874,59.0,8.5,100.0,98.0,6.5,35.0,Senior Specialist,"['Deep seniority (22+ yrs)', 'Advanced degree (Masters)', 'STEM discipline']",0,Stable in Role
1148,city_103,0.92,Male,Has relevent experience,no_enrollment,Graduate,STEM,11,50-99,NGO,1,190,0.07035175879396985,0.07035175879396985,11.0,0.55,0.7999999999999999,0.95,1.0,51.71,875,58.9,7.0,55.0,80.0,95.0,100.0,Qualified Applicant,"['Mid-to-Senior (11 yrs)', 'STEM discipline', 'Committed upskiller (190 hrs)', 'Domain-relevant experience']",0,Stable in Role
13949,city_74,0.579,Male,Has relevent experience,Full time course,Graduate,STEM,3,10/49,Early Stage Startup,1,13,0.6077348066298343,0.6077348066298343,3.0,0.15,0.7999999999999999,0.065,1.0,51.67,876,58.9,60.8,15.0,80.0,6.5,100.0,Qualified Applicant,"['Open to progression', '3 yrs exp', 'STEM discipline', 'Domain-relevant experience']",1,Ready for Transition
2599,city_23,0.899,,Has relevent experience,no_enrollment,,,>20,,Pvt Ltd,never,34,0.0847457627118644,0.0847457627118644,22.0,1.0,0.6,0.17,1.0,51.67,876,58.9,8.5,100.0,60.0,17.0,100.0,Senior Specialist,"['Deep seniority (22+ yrs)', 'Domain-relevant experience']",0,Stable in Role
12136,city_114,0.926,,Has relevent experience,no_enrollment,Masters,STEM,14,100-500,,,26,0.09259259259259259,0.09259259259259259,14.0,0.7,0.98,0.13,1.0,51.64,878,58.8,9.3,70.0,98.0,13.0,100.0,Senior Specialist,"['Mid-to-Senior (14 yrs)', 'Advanced degree (Masters)', 'STEM discipline', 'Domain-relevant experience']",0,Stable in Role
18463,city_103,0.92,Male,No relevent experience,Full time course,Graduate,STEM,6,,,never,84,0.5838509316770185,0.5838509316770185,6.0,0.3,0.7999999999999999,0.42,0.35,51.63,879,58.8,58.4,30.0,80.0,42.0,35.0,Qualified Applicant,"['Open to progression', '6 yrs exp', 'STEM discipline', 'Committed upskiller (84 hrs)']",1,Ready for Transition
14601,city_21,0.624,,Has relevent experience,Full time course,Masters,STEM,1,<10,,1,14,0.5733333333333334,0.5733333333333334,1.0,0.05,0.98,0.07,1.0,51.62,880,58.7,57.3,5.0,98.0,7.0,100.0,Qualified Applicant,"['Open to progression', '1 yrs exp', 'Advanced degree (Masters)', 'STEM discipline']",1,Ready for Transition
7683,city_103,0.92,Male,Has relevent experience,no_enrollment,Graduate,STEM,5,,,1,10,0.5384615384615384,0.5384615384615384,5.0,0.25,0.7999999999999999,0.05,1.0,51.6,881,58.7,53.8,25.0,80.0,5.0,100.0,Qualified Applicant,"['Open to progression', '5 yrs exp', 'STEM discipline', 'Domain-relevant experience']",1,Ready for Transition
139,city_103,0.92,Male,Has relevent experience,no_enrollment,Graduate,STEM,17,500-999,Pvt Ltd,1,52,0.049019607843137254,0.049019607843137254,17.0,0.85,0.7999999999999999,0.26,1.0,51.57,882,58.6,4.9,85.0,80.0,26.0,100.0,Senior Specialist,"['Deep seniority (17+ yrs)', 'STEM discipline', 'Domain-relevant experience']",0,Stable in Role
22527,city_33,0.4479999999999999,Male,No relevent experience,no_enrollment,Graduate,STEM,4,,,2,100,0.6287878787878788,0.6287878787878788,4.0,0.2,0.7999999999999999,0.5,0.35,51.51,883,58.6,62.9,20.0,80.0,50.0,35.0,Qualified Applicant,"['Open to progression', '4 yrs exp', 'STEM discipline', 'Committed upskiller (100 hrs)']",1,Ready for Transition
30295,city_21,0.624,Male,Has relevent experience,no_enrollment,Graduate,STEM,3,50-99,Pvt Ltd,2,26,0.5838509316770185,0.5838509316770185,3.0,0.15,0.7999999999999999,0.13,1.0,51.48,884,58.5,58.4,15.0,80.0,13.0,100.0,Qualified Applicant,"['Open to progression', '3 yrs exp', 'STEM discipline', 'Domain-relevant experience']",1,Ready for Transition
26888,city_74,0.579,,Has relevent experience,Full time course,Graduate,STEM,2,500-999,NGO,2,51,0.5838509316770185,0.5838509316770185,2.0,0.1,0.7999999999999999,0.255,1.0,51.48,884,58.5,58.4,10.0,80.0,25.5,100.0,Qualified Applicant,"['Open to progression', '2 yrs exp', 'STEM discipline', 'Domain-relevant experience']",1,Ready for Transition
22829,city_27,0.848,,No relevent experience,no_enrollment,Masters,STEM,>20,1000-4999,Pvt Ltd,>4,8,0.0847457627118644,0.0847457627118644,22.0,1.0,0.98,0.04,0.35,51.47,886,58.4,8.5,100.0,98.0,4.0,35.0,Senior Specialist,"['Deep seniority (22+ yrs)', 'Advanced degree (Masters)', 'STEM discipline']",0,Stable in Role
9163,city_21,0.624,Male,Has relevent experience,no_enrollment,Graduate,Other,4,100-500,Pvt Ltd,1,24,0.6077348066298343,0.6077348066298343,4.0,0.2,0.7,0.12,1.0,51.47,886,58.4,60.8,20.0,70.0,12.0,100.0,Qualified Applicant,"['Open to progression', '4 yrs exp', 'Domain-relevant experience']",1,Ready for Transition
14041,city_16,0.91,Male,Has relevent experience,no_enrollment,Graduate,STEM,16,500-999,Pvt Ltd,1,75,0.049019607843137254,0.049019607843137254,16.0,0.8,0.7999999999999999,0.375,1.0,51.47,886,58.4,4.9,80.0,80.0,37.5,100.0,Senior Specialist,"['Deep seniority (16+ yrs)', 'STEM discipline', 'Domain-relevant experience']",0,Stable in Role
234,city_103,0.92,Male,Has relevent experience,no_enrollment,Graduate,STEM,11,100-500,Pvt Ltd,2,151,0.11859838274932614,0.11859838274932614,11.0,0.55,0.7999999999999999,0.755,1.0,51.45,889,58.3,11.9,55.0,80.0,75.5,100.0,Qualified Applicant,"['Mid-to-Senior (11 yrs)', 'STEM discipline', 'Committed upskiller (151 hrs)', 'Domain-relevant experience']",0,Stable in Role
22698,city_21,0.624,Male,Has relevent experience,Full time course,Graduate,STEM,3,,,1,25,0.5838509316770185,0.5838509316770185,3.0,0.15,0.7999999999999999,0.125,1.0,51.43,890,58.2,58.4,15.0,80.0,12.5,100.0,Qualified Applicant,"['Open to progression', '3 yrs exp', 'STEM discipline', 'Domain-relevant experience']",1,Ready for Transition
23674,city_21,0.624,Male,No relevent experience,no_enrollment,Graduate,Business Degree,8,,,never,70,0.5838509316770185,0.5838509316770185,8.0,0.4,0.7,0.35,0.35,51.43,890,58.2,58.4,40.0,70.0,35.0,35.0,Qualified Applicant,"['Open to progression', 'Mid-to-Senior (8 yrs)']",1,Ready for Transition
20833,city_103,0.92,Male,Has relevent experience,no_enrollment,Graduate,STEM,13,10/49,Pvt Ltd,1,124,0.0847457627118644,0.0847457627118644,13.0,0.65,0.7999999999999999,0.62,1.0,51.42,892,58.1,8.5,65.0,80.0,62.0,100.0,Senior Specialist,"['Mid-to-Senior (13 yrs)', 'STEM discipline', 'Committed upskiller (124 hrs)', 'Domain-relevant experience']",0,Stable in Role
12919,city_103,0.92,Female,Has relevent experience,no_enrollment,Graduate,Humanities,4,,,1,47,0.5733333333333334,0.5733333333333334,4.0,0.2,0.7,0.235,1.0,51.42,892,58.1,57.3,20.0,70.0,23.5,100.0,Qualified Applicant,"['Open to progression', '4 yrs exp', 'Domain-relevant experience']",1,Ready for Transition
9335,city_103,0.92,Male,No relevent experience,no_enrollment,Phd,STEM,18,100-500,NGO,1,25,0.11859838274932614,0.11859838274932614,18.0,0.9,1.0,0.125,0.35,51.4,894,58.1,11.9,90.0,100.0,12.5,35.0,Senior Specialist,"['Deep seniority (18+ yrs)', 'Advanced degree (Phd)', 'STEM discipline']",0,Stable in Role
31775,city_160,0.92,Male,No relevent experience,no_enrollment,Graduate,STEM,>20,500-999,Pvt Ltd,>4,78,0.0847457627118644,0.0847457627118644,22.0,1.0,0.7999999999999999,0.39,0.35,51.37,895,58.0,8.5,100.0,80.0,39.0,35.0,Senior Specialist,"['Deep seniority (22+ yrs)', 'STEM discipline']",0,Stable in Role
2789,city_40,0.7759999999999999,Male,Has relevent experience,no_enrollment,Graduate,STEM,13,50-99,Pvt Ltd,2,148,0.049019607843137254,0.049019607843137254,13.0,0.65,0.7999999999999999,0.74,1.0,51.37,895,58.0,4.9,65.0,80.0,74.0,100.0,Senior Specialist,"['Mid-to-Senior (13 yrs)', 'STEM discipline', 'Committed upskiller (148 hrs)', 'Domain-relevant experience']",0,Stable in Role
17389,city_114,0.926,Male,Has relevent experience,Full time course,Graduate,STEM,11,,,>4,39,0.27564102564102566,0.27564102564102566,11.0,0.55,0.7999999999999999,0.195,1.0,51.35,897,57.9,27.6,55.0,80.0,19.5,100.0,Qualified Applicant,"['Mid-to-Senior (11 yrs)', 'STEM discipline', 'Domain-relevant experience']",0,Stable in Role
33353,city_114,0.926,Male,Has relevent experience,no_enrollment,Masters,STEM,15,10000+,Pvt Ltd,1,25,0.049019607843137254,0.049019607843137254,15.0,0.75,0.98,0.125,1.0,51.32,898,57.8,4.9,75.0,98.0,12.5,100.0,Senior Specialist,"['Deep seniority (15+ yrs)', 'Advanced degree (Masters)', 'STEM discipline', 'Domain-relevant experience']",0,Stable in Role
7443,city_173,0.878,Male,Has relevent experience,no_enrollment,Masters,STEM,8,10000+,Pvt Ltd,1,334,0.049019607843137254,0.049019607843137254,8.0,0.4,0.98,1.0,1.0,51.32,898,57.8,4.9,40.0,98.0,100.0,100.0,Qualified Applicant,"['Mid-to-Senior (8 yrs)', 'Advanced degree (Masters)', 'STEM discipline', 'Committed upskiller (334 hrs)']",0,Stable in Role
31186,city_136,0.897,Male,Has relevent experience,no_enrollment,Masters,Other,16,50-99,Pvt Ltd,2,40,0.049019607843137254,0.049019607843137254,16.0,0.8,0.88,0.2,1.0,51.32,898,57.8,4.9,80.0,88.0,20.0,100.0,Senior Specialist,"['Deep seniority (16+ yrs)', 'Advanced degree (Masters)', 'Domain-relevant experience']",0,Stable in Role
27769,city_21,0.624,Male,No relevent experience,Full time course,Masters,STEM,2,,,1,73,0.6287878787878788,0.6287878787878788,2.0,0.1,0.98,0.365,0.35,51.26,901,57.7,62.9,10.0,98.0,36.5,35.0,Qualified Applicant,"['Open to progression', '2 yrs exp', 'Advanced degree (Masters)', 'STEM discipline']",1,Ready for Transition
22366,city_90,0.698,Male,Has relevent experience,Part time course,Masters,STEM,13,50-99,Funded Startup,1,10,0.14,0.14,13.0,0.65,0.98,0.05,1.0,51.25,902,57.7,14.0,65.0,98.0,5.0,100.0,Senior Specialist,"['Mid-to-Senior (13 yrs)', 'Advanced degree (Masters)', 'STEM discipline', 'Domain-relevant experience']",0,Stable in Role
23465,city_115,0.789,Male,No relevent experience,Full time course,Graduate,STEM,1,,,never,60,0.7857142857142857,0.7857142857142857,1.0,0.05,0.7999999999999999,0.3,0.35,51.25,902,57.7,78.6,5.0,80.0,30.0,35.0,Qualified Applicant,"['High transition readiness (79%)', '1 yrs exp', 'STEM discipline']",1,Ready for Transition
30784,city_114,0.926,Male,Has relevent experience,Full time course,High School,,17,500-999,Pvt Ltd,>4,180,0.0847457627118644,0.0847457627118644,17.0,0.85,0.4,0.9,1.0,51.22,904,57.6,8.5,85.0,40.0,90.0,100.0,Senior Specialist,"['Deep seniority (17+ yrs)', 'Committed upskiller (180 hrs)', 'Domain-relevant experience']",0,Stable in Role
32113,city_160,0.92,Male,Has relevent experience,no_enrollment,Graduate,Arts,14,10/49,Pvt Ltd,4,74,0.17117117117117117,0.17117117117117117,14.0,0.7,0.7,0.37,1.0,51.19,905,57.5,17.1,70.0,70.0,37.0,100.0,Senior Specialist,"['Mid-to-Senior (14 yrs)', 'Domain-relevant experience']",0,Stable in Role
7012,city_21,0.624,,No relevent experience,no_enrollment,Graduate,STEM,1,10000+,Pvt Ltd,1,258,0.5838509316770185,0.5838509316770185,1.0,0.05,0.7999999999999999,1.0,0.35,51.18,906,57.5,58.4,5.0,80.0,100.0,35.0,Qualified Applicant,"['Open to progression', '1 yrs exp', 'STEM discipline', 'Committed upskiller (258 hrs)']",1,Ready for Transition
14438,city_21,0.624,Male,Has relevent experience,Full time course,Graduate,STEM,3,100-500,Pvt Ltd,1,3,0.6077348066298343,0.6077348066298343,3.0,0.15,0.7999999999999999,0.015,1.0,51.17,907,57.4,60.8,15.0,80.0,1.5,100.0,Qualified Applicant,"['Open to progression', '3 yrs exp', 'STEM discipline', 'Domain-relevant experience']",1,Ready for Transition
26032,city_103,0.92,Male,No relevent experience,Full time course,Graduate,STEM,6,,,never,74,0.5838509316770185,0.5838509316770185,6.0,0.3,0.7999999999999999,0.37,0.35,51.13,908,57.4,58.4,30.0,80.0,37.0,35.0,Qualified Applicant,"['Open to progression', '6 yrs exp', 'STEM discipline']",1,Ready for Transition
31473,city_114,0.926,Male,No relevent experience,no_enrollment,Graduate,STEM,17,1000-4999,Pvt Ltd,3,148,0.0847457627118644,0.0847457627118644,17.0,0.85,0.7999999999999999,0.74,0.35,51.12,909,57.4,8.5,85.0,80.0,74.0,35.0,Senior Specialist,"['Deep seniority (17+ yrs)', 'STEM discipline', 'Committed upskiller (148 hrs)']",0,Stable in Role
16286,city_46,0.762,Male,Has relevent experience,no_enrollment,Graduate,STEM,5,,,>4,7,0.5289855072463768,0.5289855072463768,5.0,0.25,0.7999999999999999,0.035,1.0,51.11,910,57.3,52.9,25.0,80.0,3.5,100.0,Qualified Applicant,"['Open to progression', '5 yrs exp', 'STEM discipline', 'Domain-relevant experience']",1,Ready for Transition
1346,city_103,0.92,Male,Has relevent experience,no_enrollment,Masters,STEM,7,100-500,Public Sector,4,332,0.07894736842105263,0.07894736842105263,7.0,0.35,0.98,1.0,1.0,51.11,910,57.3,7.9,35.0,98.0,100.0,100.0,Qualified Applicant,"['7 yrs exp', 'Advanced degree (Masters)', 'STEM discipline', 'Committed upskiller (332 hrs)']",0,Stable in Role
14916,city_64,0.6659999999999999,Male,Has relevent experience,no_enrollment,Graduate,STEM,15,10/49,Funded Startup,1,78,0.07035175879396985,0.07035175879396985,15.0,0.75,0.7999999999999999,0.39,1.0,51.11,910,57.3,7.0,75.0,80.0,39.0,100.0,Senior Specialist,"['Deep seniority (15+ yrs)', 'STEM discipline', 'Domain-relevant experience']",0,Stable in Role
2269,city_21,0.624,Male,Has relevent experience,no_enrollment,Graduate,STEM,3,10000+,Pvt Ltd,2,18,0.5838509316770185,0.5838509316770185,3.0,0.15,0.7999999999999999,0.09,1.0,51.08,913,57.1,58.4,15.0,80.0,9.0,100.0,Qualified Applicant,"['Open to progression', '3 yrs exp', 'STEM discipline', 'Domain-relevant experience']",1,Ready for Transition
24230,city_21,0.624,,Has relevent experience,Full time course,Masters,No Major,<1,<10,Early Stage Startup,,17,0.6287878787878788,0.6287878787878788,0.5,0.025,0.88,0.085,1.0,51.08,913,57.1,62.9,2.5,88.0,8.5,100.0,Qualified Applicant,"['Open to progression', '0 yrs exp', 'Advanced degree (Masters)', 'Domain-relevant experience']",1,Ready for Transition
14172,city_103,0.92,Male,Has relevent experience,Full time course,Graduate,Business Degree,>20,10/49,Pvt Ltd,3,7,0.049019607843137254,0.049019607843137254,22.0,1.0,0.7,0.035,1.0,51.07,915,57.0,4.9,100.0,70.0,3.5,100.0,Senior Specialist,"['Deep seniority (22+ yrs)', 'Domain-relevant experience']",0,Stable in Role
21049,city_90,0.698,,Has relevent experience,no_enrollment,Graduate,STEM,2,,,1,50,0.5733333333333334,0.5733333333333334,2.0,0.1,0.7999999999999999,0.25,1.0,51.07,915,57.0,57.3,10.0,80.0,25.0,100.0,Qualified Applicant,"['Open to progression', '2 yrs exp', 'STEM discipline', 'Domain-relevant experience']",1,Ready for Transition
11391,city_73,0.754,Male,Has relevent experience,no_enrollment,Graduate,Humanities,>20,10/49,Early Stage Startup,1,7,0.049019607843137254,0.049019607843137254,22.0,1.0,0.7,0.035,1.0,51.07,915,57.0,4.9,100.0,70.0,3.5,100.0,Senior Specialist,"['Deep seniority (22+ yrs)', 'Domain-relevant experience']",0,Stable in Role
31133,city_74,0.579,,No relevent experience,Full time course,Graduate,STEM,6,,Pvt Ltd,never,56,0.6077348066298343,0.6077348066298343,6.0,0.3,0.7999999999999999,0.28,0.35,51.07,915,57.0,60.8,30.0,80.0,28.0,35.0,Qualified Applicant,"['Open to progression', '6 yrs exp', 'STEM discipline']",1,Ready for Transition
29339,city_67,0.855,Male,Has relevent experience,no_enrollment,Masters,STEM,15,50-99,Pvt Ltd,never,5,0.07035175879396985,0.07035175879396985,15.0,0.75,0.98,0.025,1.0,51.06,919,56.9,7.0,75.0,98.0,2.5,100.0,Senior Specialist,"['Deep seniority (15+ yrs)', 'Advanced degree (Masters)', 'STEM discipline', 'Domain-relevant experience']",0,Stable in Role
24162,city_21,0.624,,Has relevent experience,no_enrollment,Graduate,STEM,<1,<10,Pvt Ltd,1,48,0.6287878787878788,0.6287878787878788,0.5,0.025,0.7999999999999999,0.24,1.0,51.03,920,56.8,62.9,2.5,80.0,24.0,100.0,Qualified Applicant,"['Open to progression', '0 yrs exp', 'STEM discipline', 'Domain-relevant experience']",1,Ready for Transition
7733,city_21,0.624,,Has relevent experience,Full time course,Graduate,STEM,3,50-99,,1,24,0.5733333333333334,0.5733333333333334,3.0,0.15,0.7999999999999999,0.12,1.0,51.02,921,56.7,57.3,15.0,80.0,12.0,100.0,Qualified Applicant,"['Open to progression', '3 yrs exp', 'STEM discipline', 'Domain-relevant experience']",1,Ready for Transition
15483,city_24,0.698,Male,No relevent experience,no_enrollment,Masters,STEM,>20,<10,Pvt Ltd,>4,24,0.049019607843137254,0.049019607843137254,22.0,1.0,0.98,0.12,0.35,51.02,921,56.7,4.9,100.0,98.0,12.0,35.0,Senior Specialist,"['Deep seniority (22+ yrs)', 'Advanced degree (Masters)', 'STEM discipline']",0,Stable in Role
2580,city_71,0.884,Male,Has relevent experience,no_enrollment,Graduate,STEM,11,10000+,Pvt Ltd,1,166,0.0847457627118644,0.0847457627118644,11.0,0.55,0.7999999999999999,0.83,1.0,51.02,921,56.7,8.5,55.0,80.0,83.0,100.0,Qualified Applicant,"['Mid-to-Senior (11 yrs)', 'STEM discipline', 'Committed upskiller (166 hrs)', 'Domain-relevant experience']",0,Stable in Role
26621,city_11,0.55,,Has relevent experience,Full time course,Graduate,STEM,4,50-99,Pvt Ltd,1,22,0.5384615384615384,0.5384615384615384,4.0,0.2,0.7999999999999999,0.11,1.0,50.95,924,56.6,53.8,20.0,80.0,11.0,100.0,Qualified Applicant,"['Open to progression', '4 yrs exp', 'STEM discipline', 'Domain-relevant experience']",1,Ready for Transition
1776,city_160,0.92,Male,No relevent experience,no_enrollment,Graduate,No Major,>20,<10,Pvt Ltd,>4,134,0.049019607843137254,0.049019607843137254,22.0,1.0,0.7,0.67,0.35,50.92,925,56.6,4.9,100.0,70.0,67.0,35.0,Senior Specialist,"['Deep seniority (22+ yrs)', 'Committed upskiller (134 hrs)']",0,Stable in Role
29276,city_21,0.624,Male,Has relevent experience,no_enrollment,Graduate,STEM,3,50-99,Pvt Ltd,1,22,0.5733333333333334,0.5733333333333334,3.0,0.15,0.7999999999999999,0.11,1.0,50.92,925,56.6,57.3,15.0,80.0,11.0,100.0,Qualified Applicant,"['Open to progression', '3 yrs exp', 'STEM discipline', 'Domain-relevant experience']",1,Ready for Transition
33300,city_50,0.8959999999999999,Male,Has relevent experience,no_enrollment,Masters,STEM,15,50-99,Pvt Ltd,>4,2,0.07035175879396985,0.07035175879396985,15.0,0.75,0.98,0.01,1.0,50.91,927,56.5,7.0,75.0,98.0,1.0,100.0,Senior Specialist,"['Deep seniority (15+ yrs)', 'Advanced degree (Masters)', 'STEM discipline', 'Domain-relevant experience']",0,Stable in Role
15457,city_114,0.926,Male,Has relevent experience,no_enrollment,Graduate,STEM,17,50-99,Pvt Ltd,>4,18,0.07894736842105263,0.07894736842105263,17.0,0.85,0.7999999999999999,0.09,1.0,50.91,927,56.5,7.9,85.0,80.0,9.0,100.0,Senior Specialist,"['Deep seniority (17+ yrs)', 'STEM discipline', 'Domain-relevant experience']",0,Stable in Role
10579,city_101,0.5579999999999999,,Has relevent experience,Full time course,Graduate,STEM,5,500-999,Pvt Ltd,,118,0.3644859813084112,0.3644859813084112,5.0,0.25,0.7999999999999999,0.59,1.0,50.91,927,56.5,36.4,25.0,80.0,59.0,100.0,Qualified Applicant,"['5 yrs exp', 'STEM discipline', 'Committed upskiller (118 hrs)', 'Domain-relevant experience']",0,Stable in Role
19350,city_103,0.92,,Has relevent experience,no_enrollment,Graduate,STEM,14,100-500,Pvt Ltd,3,88,0.0847457627118644,0.0847457627118644,14.0,0.7,0.7999999999999999,0.44,1.0,50.87,930,56.3,8.5,70.0,80.0,44.0,100.0,Senior Specialist,"['Mid-to-Senior (14 yrs)', 'STEM discipline', 'Committed upskiller (88 hrs)', 'Domain-relevant experience']",0,Stable in Role
6583,city_16,0.91,Male,Has relevent experience,no_enrollment,Masters,STEM,13,50-99,Funded Startup,1,66,0.049019607843137254,0.049019607843137254,13.0,0.65,0.98,0.33,1.0,50.87,930,56.3,4.9,65.0,98.0,33.0,100.0,Senior Specialist,"['Mid-to-Senior (13 yrs)', 'Advanced degree (Masters)', 'STEM discipline', 'Domain-relevant experience']",0,Stable in Role
8514,city_103,0.92,Male,Has relevent experience,no_enrollment,Graduate,STEM,17,100-500,Pvt Ltd,>4,13,0.0847457627118644,0.0847457627118644,17.0,0.85,0.7999999999999999,0.065,1.0,50.87,930,56.3,8.5,85.0,80.0,6.5,100.0,Senior Specialist,"['Deep seniority (17+ yrs)', 'STEM discipline', 'Domain-relevant experience']",0,Stable in Role
32404,city_16,0.91,Male,Has relevent experience,no_enrollment,Graduate,STEM,11,,,4,29,0.27564102564102566,0.27564102564102566,11.0,0.55,0.7999999999999999,0.145,1.0,50.85,933,56.2,27.6,55.0,80.0,14.5,100.0,Qualified Applicant,"['Mid-to-Senior (11 yrs)', 'STEM discipline', 'Domain-relevant experience']",0,Stable in Role
10598,city_136,0.897,Male,Has relevent experience,no_enrollment,Phd,STEM,14,<10,Early Stage Startup,1,7,0.0847457627118644,0.0847457627118644,14.0,0.7,1.0,0.035,1.0,50.82,934,56.2,8.5,70.0,100.0,3.5,100.0,Senior Specialist,"['Mid-to-Senior (14 yrs)', 'Advanced degree (Phd)', 'STEM discipline', 'Domain-relevant experience']",0,Stable in Role
9291,city_16,0.91,Male,Has relevent experience,no_enrollment,Masters,STEM,15,10/49,Pvt Ltd,2,15,0.049019607843137254,0.049019607843137254,15.0,0.75,0.98,0.075,1.0,50.82,934,56.2,4.9,75.0,98.0,7.5,100.0,Senior Specialist,"['Deep seniority (15+ yrs)', 'Advanced degree (Masters)', 'STEM discipline', 'Domain-relevant experience']",0,Stable in Role
14077,city_103,0.92,,Has relevent experience,no_enrollment,Graduate,STEM,13,1000-4999,Pvt Ltd,1,116,0.07894736842105263,0.07894736842105263,13.0,0.65,0.7999999999999999,0.58,1.0,50.81,936,56.1,7.9,65.0,80.0,58.0,100.0,Senior Specialist,"['Mid-to-Senior (13 yrs)', 'STEM discipline', 'Committed upskiller (116 hrs)', 'Domain-relevant experience']",0,Stable in Role
27933,city_136,0.897,Male,Has relevent experience,no_enrollment,Masters,STEM,11,1000-4999,Pvt Ltd,2,114,0.049019607843137254,0.049019607843137254,11.0,0.55,0.98,0.57,1.0,50.77,937,56.0,4.9,55.0,98.0,57.0,100.0,Qualified Applicant,"['Mid-to-Senior (11 yrs)', 'Advanced degree (Masters)', 'STEM discipline', 'Committed upskiller (114 hrs)']",0,Stable in Role
5380,city_160,0.92,Male,Has relevent experience,no_enrollment,Graduate,STEM,17,10/49,Pvt Ltd,>4,11,0.0847457627118644,0.0847457627118644,17.0,0.85,0.7999999999999999,0.055,1.0,50.77,937,56.0,8.5,85.0,80.0,5.5,100.0,Senior Specialist,"['Deep seniority (17+ yrs)', 'STEM discipline', 'Domain-relevant experience']",0,Stable in Role
27521,city_103,0.92,Male,Has relevent experience,no_enrollment,Graduate,STEM,11,1000-4999,Pvt Ltd,>4,160,0.0847457627118644,0.0847457627118644,11.0,0.55,0.7999999999999999,0.8,1.0,50.72,939,55.9,8.5,55.0,80.0,80.0,100.0,Qualified Applicant,"['Mid-to-Senior (11 yrs)', 'STEM discipline', 'Committed upskiller (160 hrs)', 'Domain-relevant experience']",0,Stable in Role
32766,city_103,0.92,Male,Has relevent experience,no_enrollment,Graduate,STEM,14,100-500,Funded Startup,4,110,0.049019607843137254,0.049019607843137254,14.0,0.7,0.7999999999999999,0.55,1.0,50.72,939,55.9,4.9,70.0,80.0,55.0,100.0,Senior Specialist,"['Mid-to-Senior (14 yrs)', 'STEM discipline', 'Committed upskiller (110 hrs)', 'Domain-relevant experience']",0,Stable in Role
8713,city_136,0.897,,Has relevent experience,no_enrollment,Graduate,STEM,17,,,1,10,0.0847457627118644,0.0847457627118644,17.0,0.85,0.7999999999999999,0.05,1.0,50.72,939,55.9,8.5,85.0,80.0,5.0,100.0,Senior Specialist,"['Deep seniority (17+ yrs)', 'STEM discipline', 'Domain-relevant experience']",0,Stable in Role
16317,city_21,0.624,Male,Has relevent experience,Full time course,Graduate,STEM,3,100-500,Pvt Ltd,2,18,0.5733333333333334,0.5733333333333334,3.0,0.15,0.7999999999999999,0.09,1.0,50.72,939,55.9,57.3,15.0,80.0,9.0,100.0,Qualified Applicant,"['Open to progression', '3 yrs exp', 'STEM discipline', 'Domain-relevant experience']",1,Ready for Transition
29326,city_128,0.527,,Has relevent experience,no_enrollment,Graduate,STEM,3,,,1,17,0.5733333333333334,0.5733333333333334,3.0,0.15,0.7999999999999999,0.085,1.0,50.67,943,55.7,57.3,15.0,80.0,8.5,100.0,Qualified Applicant,"['Open to progression', '3 yrs exp', 'STEM discipline', 'Domain-relevant experience']",1,Ready for Transition
14538,city_21,0.624,Male,Has relevent experience,no_enrollment,Graduate,STEM,3,50-99,Pvt Ltd,never,17,0.5733333333333334,0.5733333333333334,3.0,0.15,0.7999999999999999,0.085,1.0,50.67,943,55.7,57.3,15.0,80.0,8.5,100.0,Qualified Applicant,"['Open to progression', '3 yrs exp', 'STEM discipline', 'Domain-relevant experience']",1,Ready for Transition
24238,city_101,0.5579999999999999,,Has relevent experience,Full time course,Graduate,STEM,3,<10,Early Stage Startup,1,9,0.5838509316770185,0.5838509316770185,3.0,0.15,0.7999999999999999,0.045,1.0,50.63,945,55.6,58.4,15.0,80.0,4.5,100.0,Qualified Applicant,"['Open to progression', '3 yrs exp', 'STEM discipline', 'Domain-relevant experience']",1,Ready for Transition
25097,city_102,0.804,Male,No relevent experience,Full time course,Graduate,STEM,8,,,>4,14,0.5838509316770185,0.5838509316770185,8.0,0.4,0.7999999999999999,0.07,0.35,50.63,945,55.6,58.4,40.0,80.0,7.0,35.0,Qualified Applicant,"['Open to progression', 'Mid-to-Senior (8 yrs)', 'STEM discipline']",1,Ready for Transition
6444,city_114,0.926,Male,Has relevent experience,no_enrollment,Graduate,STEM,16,1000-4999,Pvt Ltd,4,32,0.0847457627118644,0.0847457627118644,16.0,0.8,0.7999999999999999,0.16,1.0,50.57,947,55.5,8.5,80.0,80.0,16.0,100.0,Senior Specialist,"['Deep seniority (16+ yrs)', 'STEM discipline', 'Domain-relevant experience']",0,Stable in Role
7973,city_114,0.926,Male,Has relevent experience,no_enrollment,Masters,STEM,14,10000+,Pvt Ltd,1,10,0.0847457627118644,0.0847457627118644,14.0,0.7,0.98,0.05,1.0,50.57,947,55.5,8.5,70.0,98.0,5.0,100.0,Senior Specialist,"['Mid-to-Senior (14 yrs)', 'Advanced degree (Masters)', 'STEM discipline', 'Domain-relevant experience']",0,Stable in Role
20570,city_21,0.624,Male,No relevent experience,Full time course,Graduate,STEM,<1,,,1,232,0.5838509316770185,0.5838509316770185,0.5,0.025,0.7999999999999999,1.0,0.35,50.56,949,55.5,58.4,2.5,80.0,100.0,35.0,Qualified Applicant,"['Open to progression', '0 yrs exp', 'STEM discipline', 'Committed upskiller (232 hrs)']",1,Ready for Transition
3787,city_103,0.92,Male,Has relevent experience,no_enrollment,Graduate,STEM,14,<10,Pvt Ltd,4,58,0.11859838274932614,0.11859838274932614,14.0,0.7,0.7999999999999999,0.29,1.0,50.55,950,55.4,11.9,70.0,80.0,29.0,100.0,Senior Specialist,"['Mid-to-Senior (14 yrs)', 'STEM discipline', 'Domain-relevant experience']",0,Stable in Role
30367,city_102,0.804,Male,No relevent experience,no_enrollment,Masters,STEM,16,,,2,66,0.11859838274932614,0.11859838274932614,16.0,0.8,0.98,0.33,0.35,50.55,950,55.4,11.9,80.0,98.0,33.0,35.0,Senior Specialist,"['Deep seniority (16+ yrs)', 'Advanced degree (Masters)', 'STEM discipline']",0,Stable in Role
319,city_103,0.92,Male,Has relevent experience,no_enrollment,Graduate,STEM,14,50-99,Pvt Ltd,>4,76,0.09259259259259259,0.09259259259259259,14.0,0.7,0.7999999999999999,0.38,1.0,50.54,952,55.3,9.3,70.0,80.0,38.0,100.0,Senior Specialist,"['Mid-to-Senior (14 yrs)', 'STEM discipline', 'Domain-relevant experience']",0,Stable in Role
16331,city_61,0.913,Male,Has relevent experience,no_enrollment,Graduate,STEM,16,1000-4999,Pvt Ltd,1,56,0.049019607843137254,0.049019607843137254,16.0,0.8,0.7999999999999999,0.28,1.0,50.52,953,55.3,4.9,80.0,80.0,28.0,100.0,Senior Specialist,"['Deep seniority (16+ yrs)', 'STEM discipline', 'Domain-relevant experience']",0,Stable in Role
11063,city_159,0.843,Male,No relevent experience,Full time course,Masters,STEM,3,,Public Sector,1,80,0.5614035087719298,0.5614035087719298,3.0,0.15,0.98,0.4,0.35,50.5,954,55.2,56.1,15.0,98.0,40.0,35.0,Qualified Applicant,"['Open to progression', '3 yrs exp', 'Advanced degree (Masters)', 'STEM discipline']",1,Ready for Transition
2752,city_21,0.624,Male,No relevent experience,no_enrollment,Graduate,STEM,5,5000-9999,Pvt Ltd,1,86,0.5838509316770185,0.5838509316770185,5.0,0.25,0.7999999999999999,0.43,0.35,50.48,955,55.2,58.4,25.0,80.0,43.0,35.0,Qualified Applicant,"['Open to progression', '5 yrs exp', 'STEM discipline', 'Committed upskiller (86 hrs)']",1,Ready for Transition
7689,city_21,0.624,Male,Has relevent experience,no_enrollment,Graduate,STEM,2,5000-9999,Pvt Ltd,1,31,0.5838509316770185,0.5838509316770185,2.0,0.1,0.7999999999999999,0.155,1.0,50.48,955,55.2,58.4,10.0,80.0,15.5,100.0,Qualified Applicant,"['Open to progression', '2 yrs exp', 'STEM discipline', 'Domain-relevant experience']",1,Ready for Transition
13782,city_175,0.7759999999999999,Male,No relevent experience,Part time course,Graduate,STEM,6,100-500,,1,29,0.6287878787878788,0.6287878787878788,6.0,0.3,0.7999999999999999,0.145,0.35,50.46,957,55.1,62.9,30.0,80.0,14.5,35.0,Qualified Applicant,"['Open to progression', '6 yrs exp', 'STEM discipline']",1,Ready for Transition
27949,city_103,0.92,Male,Has relevent experience,no_enrollment,Graduate,Humanities,19,50-99,Pvt Ltd,2,5,0.07035175879396985,0.07035175879396985,19.0,0.95,0.7,0.025,1.0,50.46,957,55.1,7.0,95.0,70.0,2.5,100.0,Senior Specialist,"['Deep seniority (19+ yrs)', 'Domain-relevant experience']",0,Stable in Role
14669,city_21,0.624,Male,Has relevent experience,no_enrollment,Graduate,STEM,3,50-99,Funded Startup,1,4,0.5838509316770185,0.5838509316770185,3.0,0.15,0.7999999999999999,0.02,1.0,50.38,959,55.0,58.4,15.0,80.0,2.0,100.0,Qualified Applicant,"['Open to progression', '3 yrs exp', 'STEM discipline', 'Domain-relevant experience']",1,Ready for Transition
11506,city_115,0.789,Male,Has relevent experience,no_enrollment,Graduate,STEM,7,50-99,Pvt Ltd,1,57,0.3644859813084112,0.3644859813084112,7.0,0.35,0.7999999999999999,0.285,1.0,50.36,960,55.0,36.4,35.0,80.0,28.5,100.0,Qualified Applicant,"['7 yrs exp', 'STEM discipline', 'Domain-relevant experience']",0,Stable in Role
1476,city_149,0.6890000000000001,,Has relevent experience,no_enrollment,Graduate,STEM,11,100-500,Pvt Ltd,4,114,0.14,0.14,11.0,0.55,0.7999999999999999,0.57,1.0,50.35,961,54.9,14.0,55.0,80.0,57.0,100.0,Qualified Applicant,"['Mid-to-Senior (11 yrs)', 'STEM discipline', 'Committed upskiller (114 hrs)', 'Domain-relevant experience']",0,Stable in Role
24293,city_21,0.624,Female,Has relevent experience,Full time course,Graduate,STEM,<1,50-99,Pvt Ltd,1,49,0.6077348066298343,0.6077348066298343,0.5,0.025,0.7999999999999999,0.245,1.0,50.35,961,54.9,60.8,2.5,80.0,24.5,100.0,Qualified Applicant,"['Open to progression', '0 yrs exp', 'STEM discipline', 'Domain-relevant experience']",1,Ready for Transition
20475,city_21,0.624,Male,No relevent experience,no_enrollment,Graduate,STEM,8,10000+,Pvt Ltd,1,15,0.5733333333333334,0.5733333333333334,8.0,0.4,0.7999999999999999,0.075,0.35,50.32,963,54.8,57.3,40.0,80.0,7.5,35.0,Qualified Applicant,"['Open to progression', 'Mid-to-Senior (8 yrs)', 'STEM discipline']",1,Ready for Transition
16251,city_42,0.563,Male,No relevent experience,Full time course,Graduate,STEM,5,5000-9999,Pvt Ltd,1,50,0.6287878787878788,0.6287878787878788,5.0,0.25,0.7999999999999999,0.25,0.35,50.26,964,54.8,62.9,25.0,80.0,25.0,35.0,Qualified Applicant,"['Open to progression', '5 yrs exp', 'STEM discipline']",1,Ready for Transition
28645,city_16,0.91,Female,No relevent experience,Full time course,Masters,STEM,6,10000+,Public Sector,4,202,0.27564102564102566,0.27564102564102566,6.0,0.3,0.98,1.0,0.35,50.25,965,54.7,27.6,30.0,98.0,100.0,35.0,Qualified Applicant,"['6 yrs exp', 'Advanced degree (Masters)', 'STEM discipline', 'Committed upskiller (202 hrs)']",0,Stable in Role
21308,city_126,0.479,Male,Has relevent experience,Part time course,Graduate,STEM,2,,,2,26,0.5838509316770185,0.5838509316770185,2.0,0.1,0.7999999999999999,0.13,1.0,50.23,966,54.7,58.4,10.0,80.0,13.0,100.0,Qualified Applicant,"['Open to progression', '2 yrs exp', 'STEM discipline', 'Domain-relevant experience']",1,Ready for Transition
12674,city_16,0.91,Male,Has relevent experience,no_enrollment,Graduate,STEM,10,<10,,1,200,0.049019607843137254,0.049019607843137254,10.0,0.5,0.7999999999999999,1.0,1.0,50.22,967,54.6,4.9,50.0,80.0,100.0,100.0,Qualified Applicant,"['Mid-to-Senior (10 yrs)', 'STEM discipline', 'Committed upskiller (200 hrs)', 'Domain-relevant experience']",0,Stable in Role
16614,city_83,0.923,Male,Has relevent experience,Full time course,Graduate,STEM,9,10000+,,1,212,0.0847457627118644,0.0847457627118644,9.0,0.45,0.7999999999999999,1.0,1.0,50.22,967,54.6,8.5,45.0,80.0,100.0,100.0,Qualified Applicant,"['Mid-to-Senior (9 yrs)', 'STEM discipline', 'Committed upskiller (212 hrs)', 'Domain-relevant experience']",0,Stable in Role
23064,city_103,0.92,Male,Has relevent experience,no_enrollment,Graduate,STEM,10,5000-9999,Pvt Ltd,>4,250,0.049019607843137254,0.049019607843137254,10.0,0.5,0.7999999999999999,1.0,1.0,50.22,967,54.6,4.9,50.0,80.0,100.0,100.0,Qualified Applicant,"['Mid-to-Senior (10 yrs)', 'STEM discipline', 'Committed upskiller (250 hrs)', 'Domain-relevant experience']",0,Stable in Role
12002,city_114,0.926,Male,Has relevent experience,no_enrollment,Graduate,STEM,10,<10,Funded Startup,1,214,0.049019607843137254,0.049019607843137254,10.0,0.5,0.7999999999999999,1.0,1.0,50.22,967,54.6,4.9,50.0,80.0,100.0,100.0,Qualified Applicant,"['Mid-to-Senior (10 yrs)', 'STEM discipline', 'Committed upskiller (214 hrs)', 'Domain-relevant experience']",0,Stable in Role
7789,city_40,0.7759999999999999,,Has relevent experience,Part time course,Graduate,STEM,7,,,1,54,0.3644859813084112,0.3644859813084112,7.0,0.35,0.7999999999999999,0.27,1.0,50.21,971,54.4,36.4,35.0,80.0,27.0,100.0,Qualified Applicant,"['7 yrs exp', 'STEM discipline', 'Domain-relevant experience']",0,Stable in Role
19725,city_21,0.624,,Has relevent experience,Full time course,Graduate,STEM,2,100-500,Pvt Ltd,1,41,0.5614035087719298,0.5614035087719298,2.0,0.1,0.7999999999999999,0.205,1.0,50.2,972,54.4,56.1,10.0,80.0,20.5,100.0,Qualified Applicant,"['Open to progression', '2 yrs exp', 'STEM discipline', 'Domain-relevant experience']",1,Ready for Transition
6829,city_21,0.624,,Has relevent experience,no_enrollment,High School,,6,,,1,85,0.5838509316770185,0.5838509316770185,6.0,0.3,0.4,0.425,1.0,50.18,973,54.3,58.4,30.0,40.0,42.5,100.0,Qualified Applicant,"['Open to progression', '6 yrs exp', 'Committed upskiller (85 hrs)', 'Domain-relevant experience']",1,Ready for Transition
3445,city_160,0.92,,Has relevent experience,no_enrollment,,,18,100-500,Pvt Ltd,>4,64,0.07035175879396985,0.07035175879396985,18.0,0.9,0.6,0.32,1.0,50.16,974,54.3,7.0,90.0,60.0,32.0,100.0,Senior Specialist,"['Deep seniority (18+ yrs)', 'Domain-relevant experience']",0,Stable in Role
27425,city_75,0.939,Other,Has relevent experience,no_enrollment,Graduate,STEM,16,,,never,34,0.07035175879396985,0.07035175879396985,16.0,0.8,0.7999999999999999,0.17,1.0,50.16,974,54.3,7.0,80.0,80.0,17.0,100.0,Senior Specialist,"['Deep seniority (16+ yrs)', 'STEM discipline', 'Domain-relevant experience']",0,Stable in Role
842,city_21,0.624,Male,No relevent experience,Full time course,Graduate,STEM,7,,,1,12,0.6077348066298343,0.6077348066298343,7.0,0.35,0.7999999999999999,0.06,0.35,50.12,976,54.2,60.8,35.0,80.0,6.0,35.0,Qualified Applicant,"['Open to progression', '7 yrs exp', 'STEM discipline']",1,Ready for Transition
29171,city_65,0.802,Male,Has relevent experience,no_enrollment,Masters,STEM,14,10000+,Pvt Ltd,1,11,0.07035175879396985,0.07035175879396985,14.0,0.7,0.98,0.055,1.0,50.11,977,54.1,7.0,70.0,98.0,5.5,100.0,Senior Specialist,"['Mid-to-Senior (14 yrs)', 'Advanced degree (Masters)', 'STEM discipline', 'Domain-relevant experience']",0,Stable in Role
3218,city_102,0.804,Male,Has relevent experience,no_enrollment,Graduate,STEM,16,100-500,Pvt Ltd,1,33,0.07035175879396985,0.07035175879396985,16.0,0.8,0.7999999999999999,0.165,1.0,50.11,977,54.1,7.0,80.0,80.0,16.5,100.0,Senior Specialist,"['Deep seniority (16+ yrs)', 'STEM discipline', 'Domain-relevant experience']",0,Stable in Role
23663,city_150,0.698,Male,No relevent experience,Full time course,Graduate,STEM,3,,,1,128,0.5838509316770185,0.5838509316770185,3.0,0.15,0.7999999999999999,0.64,0.35,50.08,979,54.1,58.4,15.0,80.0,64.0,35.0,Qualified Applicant,"['Open to progression', '3 yrs exp', 'STEM discipline', 'Committed upskiller (128 hrs)']",1,Ready for Transition
462,city_11,0.55,,No relevent experience,Full time course,Graduate,STEM,5,,,1,46,0.6287878787878788,0.6287878787878788,5.0,0.25,0.7999999999999999,0.23,0.35,50.06,980,54.0,62.9,25.0,80.0,23.0,35.0,Qualified Applicant,"['Open to progression', '5 yrs exp', 'STEM discipline']",1,Ready for Transition
33308,city_21,0.624,Male,Has relevent experience,no_enrollment,Graduate,STEM,4,500-999,Pvt Ltd,1,4,0.5384615384615384,0.5384615384615384,4.0,0.2,0.7999999999999999,0.02,1.0,50.05,981,54.0,53.8,20.0,80.0,2.0,100.0,Qualified Applicant,"['Open to progression', '4 yrs exp', 'STEM discipline', 'Domain-relevant experience']",1,Ready for Transition
14568,city_21,0.624,Male,No relevent experience,no_enrollment,Masters,STEM,2,50-99,Pvt Ltd,1,80,0.5838509316770185,0.5838509316770185,2.0,0.1,0.98,0.4,0.35,50.03,982,53.9,58.4,10.0,98.0,40.0,35.0,Qualified Applicant,"['Open to progression', '2 yrs exp', 'Advanced degree (Masters)', 'STEM discipline']",1,Ready for Transition
16023,city_103,0.92,Male,Has relevent experience,no_enrollment,Graduate,STEM,9,,Public Sector,1,62,0.27564102564102566,0.27564102564102566,9.0,0.45,0.7999999999999999,0.31,1.0,50.0,983,53.9,27.6,45.0,80.0,31.0,100.0,Qualified Applicant,"['Mid-to-Senior (9 yrs)', 'STEM discipline', 'Domain-relevant experience']",0,Stable in Role
1317,city_103,0.92,,Has relevent experience,no_enrollment,Masters,STEM,12,100-500,Funded Startup,1,48,0.0847457627118644,0.0847457627118644,12.0,0.6,0.98,0.24,1.0,49.97,984,53.8,8.5,60.0,98.0,24.0,100.0,Senior Specialist,"['Mid-to-Senior (12 yrs)', 'Advanced degree (Masters)', 'STEM discipline', 'Domain-relevant experience']",0,Stable in Role
3210,city_103,0.92,Male,Has relevent experience,no_enrollment,Graduate,STEM,17,10/49,Pvt Ltd,3,20,0.049019607843137254,0.049019607843137254,17.0,0.85,0.7999999999999999,0.1,1.0,49.97,984,53.8,4.9,85.0,80.0,10.0,100.0,Senior Specialist,"['Deep seniority (17+ yrs)', 'STEM discipline', 'Domain-relevant experience']",0,Stable in Role
25155,city_43,0.516,,Has relevent experience,no_enrollment,Graduate,STEM,2,,,1,28,0.5733333333333334,0.5733333333333334,2.0,0.1,0.7999999999999999,0.14,1.0,49.97,984,53.8,57.3,10.0,80.0,14.0,100.0,Qualified Applicant,"['Open to progression', '2 yrs exp', 'STEM discipline', 'Domain-relevant experience']",1,Ready for Transition
25614,city_103,0.92,,No relevent experience,Full time course,Graduate,STEM,2,,,2,9,0.7857142857142857,0.7857142857142857,2.0,0.1,0.7999999999999999,0.045,0.35,49.95,987,53.7,78.6,10.0,80.0,4.5,35.0,Qualified Applicant,"['High transition readiness (79%)', '2 yrs exp', 'STEM discipline']",1,Ready for Transition
10810,city_123,0.738,Male,No relevent experience,Full time course,Masters,STEM,4,,,never,28,0.5838509316770185,0.5838509316770185,4.0,0.2,0.98,0.14,0.35,49.93,988,53.6,58.4,20.0,98.0,14.0,35.0,Qualified Applicant,"['Open to progression', '4 yrs exp', 'Advanced degree (Masters)', 'STEM discipline']",1,Ready for Transition
31245,city_136,0.897,Male,Has relevent experience,Part time course,Masters,STEM,10,10000+,Pvt Ltd,4,96,0.0847457627118644,0.0847457627118644,10.0,0.5,0.98,0.48,1.0,49.87,989,53.5,8.5,50.0,98.0,48.0,100.0,Qualified Applicant,"['Mid-to-Senior (10 yrs)', 'Advanced degree (Masters)', 'STEM discipline', 'Committed upskiller (96 hrs)']",0,Stable in Role
915,city_103,0.92,,Has relevent experience,no_enrollment,Masters,Humanities,16,1000-4999,Pvt Ltd,1,11,0.049019607843137254,0.049019607843137254,16.0,0.8,0.88,0.055,1.0,49.87,989,53.5,4.9,80.0,88.0,5.5,100.0,Senior Specialist,"['Deep seniority (16+ yrs)', 'Advanced degree (Masters)', 'Domain-relevant experience']",0,Stable in Role
250,city_73,0.754,Male,Has relevent experience,no_enrollment,Masters,STEM,8,50-99,Pvt Ltd,1,146,0.0847457627118644,0.0847457627118644,8.0,0.4,0.98,0.73,1.0,49.87,989,53.5,8.5,40.0,98.0,73.0,100.0,Qualified Applicant,"['Mid-to-Senior (8 yrs)', 'Advanced degree (Masters)', 'STEM discipline', 'Committed upskiller (146 hrs)']",0,Stable in Role
15586,city_115,0.789,Male,Has relevent experience,Part time course,Masters,STEM,11,10/49,Pvt Ltd,3,47,0.11859838274932614,0.11859838274932614,11.0,0.55,0.98,0.235,1.0,49.85,992,53.5,11.9,55.0,98.0,23.5,100.0,Qualified Applicant,"['Mid-to-Senior (11 yrs)', 'Advanced degree (Masters)', 'STEM discipline', 'Domain-relevant experience']",0,Stable in Role
10829,city_102,0.804,,Has relevent experience,Full time course,Graduate,STEM,10,100-500,Pvt Ltd,1,192,0.049019607843137254,0.049019607843137254,10.0,0.5,0.7999999999999999,0.96,1.0,49.82,993,53.4,4.9,50.0,80.0,96.0,100.0,Qualified Applicant,"['Mid-to-Senior (10 yrs)', 'STEM discipline', 'Committed upskiller (192 hrs)', 'Domain-relevant experience']",0,Stable in Role
20431,city_152,0.698,Male,Has relevent experience,Full time course,Graduate,STEM,16,500-999,Pvt Ltd,>4,42,0.049019607843137254,0.049019607843137254,16.0,0.8,0.7999999999999999,0.21,1.0,49.82,993,53.4,4.9,80.0,80.0,21.0,100.0,Senior Specialist,"['Deep seniority (16+ yrs)', 'STEM discipline', 'Domain-relevant experience']",0,Stable in Role
22501,city_75,0.939,Male,Has relevent experience,no_enrollment,,,19,10/49,Pvt Ltd,>4,32,0.07035175879396985,0.07035175879396985,19.0,0.95,0.6,0.16,1.0,49.81,995,53.3,7.0,95.0,60.0,16.0,100.0,Senior Specialist,"['Deep seniority (19+ yrs)', 'Domain-relevant experience']",0,Stable in Role
19883,city_23,0.899,Female,Has relevent experience,no_enrollment,Graduate,STEM,3,,,2,30,0.5289855072463768,0.5289855072463768,3.0,0.15,0.7999999999999999,0.15,1.0,49.76,996,53.3,52.9,15.0,80.0,15.0,100.0,Qualified Applicant,"['Open to progression', '3 yrs exp', 'STEM discipline', 'Domain-relevant experience']",1,Ready for Transition
33148,city_21,0.624,,No relevent experience,no_enrollment,Masters,STEM,2,100-500,Pvt Ltd,2,74,0.5838509316770185,0.5838509316770185,2.0,0.1,0.98,0.37,0.35,49.73,997,53.2,58.4,10.0,98.0,37.0,35.0,Qualified Applicant,"['Open to progression', '2 yrs exp', 'Advanced degree (Masters)', 'STEM discipline']",1,Ready for Transition
21335,city_101,0.5579999999999999,Male,Has relevent experience,no_enrollment,Graduate,STEM,2,50-99,Other,2,31,0.5614035087719298,0.5614035087719298,2.0,0.1,0.7999999999999999,0.155,1.0,49.7,998,53.1,56.1,10.0,80.0,15.5,100.0,Qualified Applicant,"['Open to progression', '2 yrs exp', 'STEM discipline', 'Domain-relevant experience']",1,Ready for Transition
9740,city_103,0.92,Male,No relevent experience,no_enrollment,Graduate,STEM,>20,10000+,Pvt Ltd,>4,21,0.11859838274932614,0.11859838274932614,22.0,1.0,0.7999999999999999,0.105,0.35,49.7,998,53.1,11.9,100.0,80.0,10.5,35.0,Senior Specialist,"['Deep seniority (22+ yrs)', 'STEM discipline']",0,Stable in Role
17450,city_21,0.624,,No relevent experience,no_enrollment,Graduate,STEM,<1,,Pvt Ltd,never,151,0.6287878787878788,0.6287878787878788,0.5,0.025,0.7999999999999999,0.755,0.35,49.68,1000,53.1,62.9,2.5,80.0,75.5,35.0,Qualified Applicant,"['Open to progression', '0 yrs exp', 'STEM discipline', 'Committed upskiller (151 hrs)']",1,Ready for Transition
10279,city_71,0.884,,No relevent experience,Full time course,Graduate,STEM,6,,,never,45,0.5838509316770185,0.5838509316770185,6.0,0.3,0.7999999999999999,0.225,0.35,49.68,1000,53.1,58.4,30.0,80.0,22.5,35.0,Qualified Applicant,"['Open to progression', '6 yrs exp', 'STEM discipline']",1,Ready for Transition
8849,city_23,0.899,Male,Has relevent experience,no_enrollment,High School,,>20,,,1,74,0.0847457627118644,0.0847457627118644,22.0,1.0,0.4,0.37,1.0,49.67,1002,52.9,8.5,100.0,40.0,37.0,100.0,Senior Specialist,"['Deep seniority (22+ yrs)', 'Domain-relevant experience']",0,Stable in Role
22786,city_10,0.895,Male,No relevent experience,Part time course,Graduate,STEM,4,,,2,78,0.6077348066298343,0.6077348066298343,4.0,0.2,0.7999999999999999,0.39,0.35,49.67,1002,52.9,60.8,20.0,80.0,39.0,35.0,Qualified Applicant,"['Open to progression', '4 yrs exp', 'STEM discipline']",1,Ready for Transition
5861,city_104,0.924,Male,Has relevent experience,no_enrollment,Graduate,STEM,16,100-500,Pvt Ltd,>4,39,0.049019607843137254,0.049019607843137254,16.0,0.8,0.7999999999999999,0.195,1.0,49.67,1002,52.9,4.9,80.0,80.0,19.5,100.0,Senior Specialist,"['Deep seniority (16+ yrs)', 'STEM discipline', 'Domain-relevant experience']",0,Stable in Role
33343,city_21,0.624,Male,Has relevent experience,no_enrollment,Graduate,STEM,<1,100-500,Pvt Ltd,1,52,0.5838509316770185,0.5838509316770185,0.5,0.025,0.7999999999999999,0.26,1.0,49.66,1005,52.8,58.4,2.5,80.0,26.0,100.0,Qualified Applicant,"['Open to progression', '0 yrs exp', 'STEM discipline', 'Domain-relevant experience']",1,Ready for Transition
24158,city_21,0.624,,No relevent experience,Full time course,Masters,STEM,<1,,,never,78,0.6287878787878788,0.6287878787878788,0.5,0.025,0.98,0.39,0.35,49.63,1006,52.8,62.9,2.5,98.0,39.0,35.0,Qualified Applicant,"['Open to progression', '0 yrs exp', 'Advanced degree (Masters)', 'STEM discipline']",1,Ready for Transition
9268,city_160,0.92,Male,Has relevent experience,no_enrollment,,,>20,<10,Pvt Ltd,2,26,0.037037037037037035,0.037037037037037035,22.0,1.0,0.6,0.13,1.0,49.6,1007,52.7,3.7,100.0,60.0,13.0,100.0,Senior Specialist,"['Deep seniority (22+ yrs)', 'Domain-relevant experience']",0,Stable in Role
12994,city_173,0.878,Male,Has relevent experience,no_enrollment,Graduate,STEM,14,,,4,2,0.17117117117117117,0.17117117117117117,14.0,0.7,0.7999999999999999,0.01,1.0,49.59,1008,52.7,17.1,70.0,80.0,1.0,100.0,Senior Specialist,"['Mid-to-Senior (14 yrs)', 'STEM discipline', 'Domain-relevant experience']",0,Stable in Role
30103,city_28,0.939,Male,Has relevent experience,no_enrollment,Graduate,STEM,17,10000+,Pvt Ltd,3,12,0.049019607843137254,0.049019607843137254,17.0,0.85,0.7999999999999999,0.06,1.0,49.57,1009,52.6,4.9,85.0,80.0,6.0,100.0,Senior Specialist,"['Deep seniority (17+ yrs)', 'STEM discipline', 'Domain-relevant experience']",0,Stable in Role
18411,city_11,0.55,Male,Has relevent experience,no_enrollment,Graduate,STEM,2,,,1,20,0.5733333333333334,0.5733333333333334,2.0,0.1,0.7999999999999999,0.1,1.0,49.57,1009,52.6,57.3,10.0,80.0,10.0,100.0,Qualified Applicant,"['Open to progression', '2 yrs exp', 'STEM discipline', 'Domain-relevant experience']",1,Ready for Transition
19332,city_103,0.92,,Has relevent experience,no_enrollment,Graduate,STEM,16,1000-4999,Public Sector,3,12,0.0847457627118644,0.0847457627118644,16.0,0.8,0.7999999999999999,0.06,1.0,49.57,1009,52.6,8.5,80.0,80.0,6.0,100.0,Senior Specialist,"['Deep seniority (16+ yrs)', 'STEM discipline', 'Domain-relevant experience']",0,Stable in Role
7926,city_21,0.624,Female,No relevent experience,no_enrollment,Masters,STEM,3,100-500,,1,14,0.6287878787878788,0.6287878787878788,3.0,0.15,0.98,0.07,0.35,49.56,1012,52.5,62.9,15.0,98.0,7.0,35.0,Qualified Applicant,"['Open to progression', '3 yrs exp', 'Advanced degree (Masters)', 'STEM discipline']",1,Ready for Transition
2539,city_13,0.8270000000000001,Male,Has relevent experience,Full time course,Masters,STEM,10,10000+,Pvt Ltd,4,29,0.17117117117117117,0.17117117117117117,10.0,0.5,0.98,0.145,1.0,49.54,1013,52.5,17.1,50.0,98.0,14.5,100.0,Qualified Applicant,"['Mid-to-Senior (10 yrs)', 'Advanced degree (Masters)', 'STEM discipline', 'Domain-relevant experience']",0,Stable in Role
30632,city_114,0.926,Male,Has relevent experience,no_enrollment,Masters,STEM,12,50-99,Pvt Ltd,2,64,0.049019607843137254,0.049019607843137254,12.0,0.6,0.98,0.32,1.0,49.52,1014,52.4,4.9,60.0,98.0,32.0,100.0,Senior Specialist,"['Mid-to-Senior (12 yrs)', 'Advanced degree (Masters)', 'STEM discipline', 'Domain-relevant experience']",0,Stable in Role
20380,city_21,0.624,Male,No relevent experience,Full time course,Masters,STEM,3,,Pvt Ltd,1,28,0.6077348066298343,0.6077348066298343,3.0,0.15,0.98,0.14,0.35,49.52,1014,52.4,60.8,15.0,98.0,14.0,35.0,Qualified Applicant,"['Open to progression', '3 yrs exp', 'Advanced degree (Masters)', 'STEM discipline']",1,Ready for Transition
5780,city_114,0.926,Male,Has relevent experience,no_enrollment,Masters,STEM,11,10000+,Pvt Ltd,4,64,0.0847457627118644,0.0847457627118644,11.0,0.55,0.98,0.32,1.0,49.52,1014,52.4,8.5,55.0,98.0,32.0,100.0,Qualified Applicant,"['Mid-to-Senior (11 yrs)', 'Advanced degree (Masters)', 'STEM discipline', 'Domain-relevant experience']",0,Stable in Role
5485,city_65,0.802,Male,Has relevent experience,no_enrollment,Masters,STEM,7,,,1,124,0.14,0.14,7.0,0.35,0.98,0.62,1.0,49.45,1017,52.3,14.0,35.0,98.0,62.0,100.0,Qualified Applicant,"['7 yrs exp', 'Advanced degree (Masters)', 'STEM discipline', 'Committed upskiller (124 hrs)']",0,Stable in Role
24978,city_21,0.624,,Has relevent experience,,Graduate,STEM,2,50-99,Pvt Ltd,2,42,0.5384615384615384,0.5384615384615384,2.0,0.1,0.7999999999999999,0.21,1.0,49.45,1017,52.3,53.8,10.0,80.0,21.0,100.0,Qualified Applicant,"['Open to progression', '2 yrs exp', 'STEM discipline', 'Domain-relevant experience']",1,Ready for Transition
12505,city_21,0.624,,No relevent experience,no_enrollment,Graduate,STEM,4,5000-9999,Pvt Ltd,2,90,0.5838509316770185,0.5838509316770185,4.0,0.2,0.7999999999999999,0.45,0.35,49.43,1019,52.2,58.4,20.0,80.0,45.0,35.0,Qualified Applicant,"['Open to progression', '4 yrs exp', 'STEM discipline', 'Committed upskiller (90 hrs)']",1,Ready for Transition
21726,city_138,0.836,Male,Has relevent experience,no_enrollment,Masters,STEM,14,10000+,Pvt Ltd,1,12,0.049019607843137254,0.049019607843137254,14.0,0.7,0.98,0.06,1.0,49.42,1020,52.1,4.9,70.0,98.0,6.0,100.0,Senior Specialist,"['Mid-to-Senior (14 yrs)', 'Advanced degree (Masters)', 'STEM discipline', 'Domain-relevant experience']",0,Stable in Role
20308,city_160,0.92,Female,No relevent experience,Full time course,Graduate,STEM,6,,,1,23,0.6077348066298343,0.6077348066298343,6.0,0.3,0.7999999999999999,0.115,0.35,49.42,1020,52.1,60.8,30.0,80.0,11.5,35.0,Qualified Applicant,"['Open to progression', '6 yrs exp', 'STEM discipline']",1,Ready for Transition
18128,city_16,0.91,Male,Has relevent experience,no_enrollment,Masters,STEM,10,50-99,Pvt Ltd,1,112,0.049019607843137254,0.049019607843137254,10.0,0.5,0.98,0.56,1.0,49.42,1020,52.1,4.9,50.0,98.0,56.0,100.0,Qualified Applicant,"['Mid-to-Senior (10 yrs)', 'Advanced degree (Masters)', 'STEM discipline', 'Committed upskiller (112 hrs)']",0,Stable in Role
26656,city_103,0.92,Female,Has relevent experience,no_enrollment,Graduate,Humanities,9,100-500,Pvt Ltd,>4,200,0.11859838274932614,0.11859838274932614,9.0,0.45,0.7,1.0,1.0,49.4,1023,52.0,11.9,45.0,70.0,100.0,100.0,Qualified Applicant,"['Mid-to-Senior (9 yrs)', 'Committed upskiller (200 hrs)', 'Domain-relevant experience']",0,Stable in Role
10834,city_114,0.926,,No relevent experience,,Graduate,STEM,12,,,2,104,0.27564102564102566,0.27564102564102566,12.0,0.6,0.7999999999999999,0.52,0.35,49.35,1024,51.9,27.6,60.0,80.0,52.0,35.0,Senior Specialist,"['Mid-to-Senior (12 yrs)', 'STEM discipline', 'Committed upskiller (104 hrs)']",0,Stable in Role
5029,city_160,0.92,Male,Has relevent experience,no_enrollment,Graduate,STEM,15,50-99,Funded Startup,2,57,0.049019607843137254,0.049019607843137254,15.0,0.75,0.7999999999999999,0.285,1.0,49.32,1025,51.9,4.9,75.0,80.0,28.5,100.0,Senior Specialist,"['Deep seniority (15+ yrs)', 'STEM discipline', 'Domain-relevant experience']",0,Stable in Role
20178,city_45,0.89,Male,Has relevent experience,no_enrollment,Masters,STEM,13,,Public Sector,1,20,0.07035175879396985,0.07035175879396985,13.0,0.65,0.98,0.1,1.0,49.31,1026,51.8,7.0,65.0,98.0,10.0,100.0,Senior Specialist,"['Mid-to-Senior (13 yrs)', 'Advanced degree (Masters)', 'STEM discipline', 'Domain-relevant experience']",0,Stable in Role
21636,city_36,0.893,,No relevent experience,no_enrollment,Graduate,STEM,>20,10000+,Pvt Ltd,>4,47,0.07035175879396985,0.07035175879396985,22.0,1.0,0.7999999999999999,0.235,0.35,49.31,1026,51.8,7.0,100.0,80.0,23.5,35.0,Senior Specialist,"['Deep seniority (22+ yrs)', 'STEM discipline']",0,Stable in Role
18383,city_21,0.624,Male,No relevent experience,no_enrollment,Masters,STEM,4,100-500,Pvt Ltd,1,15,0.5838509316770185,0.5838509316770185,4.0,0.2,0.98,0.075,0.35,49.28,1028,51.8,58.4,20.0,98.0,7.5,35.0,Qualified Applicant,"['Open to progression', '4 yrs exp', 'Advanced degree (Masters)', 'STEM discipline']",1,Ready for Transition
16816,city_103,0.92,Male,Has relevent experience,no_enrollment,Graduate,Humanities,18,10/49,Pvt Ltd,2,21,0.049019607843137254,0.049019607843137254,18.0,0.9,0.7,0.105,1.0,49.27,1029,51.7,4.9,90.0,70.0,10.5,100.0,Senior Specialist,"['Deep seniority (18+ yrs)', 'Domain-relevant experience']",0,Stable in Role
4842,city_16,0.91,Male,No relevent experience,Full time course,Graduate,STEM,7,100-500,Public Sector,1,50,0.5289855072463768,0.5289855072463768,7.0,0.35,0.7999999999999999,0.25,0.35,49.26,1030,51.6,52.9,35.0,80.0,25.0,35.0,Qualified Applicant,"['Open to progression', '7 yrs exp', 'STEM discipline']",1,Ready for Transition
30849,city_21,0.624,Male,No relevent experience,no_enrollment,Masters,STEM,3,5000-9999,Pvt Ltd,1,8,0.6287878787878788,0.6287878787878788,3.0,0.15,0.98,0.04,0.35,49.26,1030,51.6,62.9,15.0,98.0,4.0,35.0,Qualified Applicant,"['Open to progression', '3 yrs exp', 'Advanced degree (Masters)', 'STEM discipline']",1,Ready for Transition
29304,city_19,0.682,Female,Has relevent experience,no_enrollment,Graduate,STEM,12,100-500,Pvt Ltd,1,45,0.17117117117117117,0.17117117117117117,12.0,0.6,0.7999999999999999,0.225,1.0,49.24,1032,51.6,17.1,60.0,80.0,22.5,100.0,Senior Specialist,"['Mid-to-Senior (12 yrs)', 'STEM discipline', 'Domain-relevant experience']",0,Stable in Role
16058,city_160,0.92,Male,Has relevent experience,no_enrollment,,,19,<10,Pvt Ltd,1,35,0.049019607843137254,0.049019607843137254,19.0,0.95,0.6,0.175,1.0,49.22,1033,51.5,4.9,95.0,60.0,17.5,100.0,Senior Specialist,"['Deep seniority (19+ yrs)', 'Domain-relevant experience']",0,Stable in Role
11502,city_21,0.624,,Has relevent experience,no_enrollment,Graduate,STEM,<1,50-99,Pvt Ltd,never,43,0.5838509316770185,0.5838509316770185,0.5,0.025,0.7999999999999999,0.215,1.0,49.21,1034,51.5,58.4,2.5,80.0,21.5,100.0,Qualified Applicant,"['Open to progression', '0 yrs exp', 'STEM discipline', 'Domain-relevant experience']",1,Ready for Transition
10260,city_21,0.624,,No relevent experience,Part time course,Masters,STEM,2,,,2,32,0.6287878787878788,0.6287878787878788,2.0,0.1,0.98,0.16,0.35,49.21,1034,51.5,62.9,10.0,98.0,16.0,35.0,Qualified Applicant,"['Open to progression', '2 yrs exp', 'Advanced degree (Masters)', 'STEM discipline']",1,Ready for Transition
8513,city_16,0.91,Male,Has relevent experience,Full time course,Masters,STEM,7,,,1,24,0.27564102564102566,0.27564102564102566,7.0,0.35,0.98,0.12,1.0,49.2,1036,51.4,27.6,35.0,98.0,12.0,100.0,Qualified Applicant,"['7 yrs exp', 'Advanced degree (Masters)', 'STEM discipline', 'Domain-relevant experience']",0,Stable in Role
6048,city_103,0.92,,Has relevent experience,no_enrollment,Graduate,STEM,15,1000-4999,Pvt Ltd,2,29,0.0847457627118644,0.0847457627118644,15.0,0.75,0.7999999999999999,0.145,1.0,49.17,1037,51.3,8.5,75.0,80.0,14.5,100.0,Senior Specialist,"['Deep seniority (15+ yrs)', 'STEM discipline', 'Domain-relevant experience']",0,Stable in Role
10162,city_160,0.92,Female,Has relevent experience,no_enrollment,Graduate,STEM,15,500-999,Pvt Ltd,3,29,0.0847457627118644,0.0847457627118644,15.0,0.75,0.7999999999999999,0.145,1.0,49.17,1037,51.3,8.5,75.0,80.0,14.5,100.0,Senior Specialist,"['Deep seniority (15+ yrs)', 'STEM discipline', 'Domain-relevant experience']",0,Stable in Role
25918,city_36,0.893,Male,Has relevent experience,Full time course,Masters,STEM,13,50-99,Pvt Ltd,1,17,0.07035175879396985,0.07035175879396985,13.0,0.65,0.98,0.085,1.0,49.16,1039,51.2,7.0,65.0,98.0,8.5,100.0,Senior Specialist,"['Mid-to-Senior (13 yrs)', 'Advanced degree (Masters)', 'STEM discipline', 'Domain-relevant experience']",0,Stable in Role
17194,city_102,0.804,Male,Has relevent experience,no_enrollment,Masters,STEM,11,50-99,Pvt Ltd,1,61,0.07894736842105263,0.07894736842105263,11.0,0.55,0.98,0.305,1.0,49.16,1039,51.2,7.9,55.0,98.0,30.5,100.0,Qualified Applicant,"['Mid-to-Senior (11 yrs)', 'Advanced degree (Masters)', 'STEM discipline', 'Domain-relevant experience']",0,Stable in Role
18519,city_21,0.624,,No relevent experience,Full time course,Graduate,STEM,4,,,1,53,0.6287878787878788,0.6287878787878788,4.0,0.2,0.7999999999999999,0.265,0.35,49.16,1039,51.2,62.9,20.0,80.0,26.5,35.0,Qualified Applicant,"['Open to progression', '4 yrs exp', 'STEM discipline']",1,Ready for Transition
31826,city_103,0.92,Male,No relevent experience,no_enrollment,Graduate,STEM,>20,10000+,Pvt Ltd,2,10,0.11859838274932614,0.11859838274932614,22.0,1.0,0.7999999999999999,0.05,0.35,49.15,1042,51.1,11.9,100.0,80.0,5.0,35.0,Senior Specialist,"['Deep seniority (22+ yrs)', 'STEM discipline']",0,Stable in Role
16210,city_73,0.754,Male,Has relevent experience,no_enrollment,Masters,STEM,10,100-500,Funded Startup,1,106,0.049019607843137254,0.049019607843137254,10.0,0.5,0.98,0.53,1.0,49.12,1043,51.1,4.9,50.0,98.0,53.0,100.0,Qualified Applicant,"['Mid-to-Senior (10 yrs)', 'Advanced degree (Masters)', 'STEM discipline', 'Committed upskiller (106 hrs)']",0,Stable in Role
18267,city_91,0.691,,Has relevent experience,no_enrollment,Graduate,STEM,8,10000+,Pvt Ltd,3,7,0.3644859813084112,0.3644859813084112,8.0,0.4,0.7999999999999999,0.035,1.0,49.11,1044,51.0,36.4,40.0,80.0,3.5,100.0,Qualified Applicant,"['Mid-to-Senior (8 yrs)', 'STEM discipline', 'Domain-relevant experience']",0,Stable in Role
22303,city_16,0.91,Female,Has relevent experience,no_enrollment,Phd,STEM,11,,,never,24,0.11859838274932614,0.11859838274932614,11.0,0.55,1.0,0.12,1.0,49.1,1045,50.9,11.9,55.0,100.0,12.0,100.0,Qualified Applicant,"['Mid-to-Senior (11 yrs)', 'Advanced degree (Phd)', 'STEM discipline', 'Domain-relevant experience']",0,Stable in Role
33108,city_103,0.92,Male,Has relevent experience,no_enrollment,Graduate,STEM,14,10000+,Pvt Ltd,>4,29,0.11859838274932614,0.11859838274932614,14.0,0.7,0.7999999999999999,0.145,1.0,49.1,1045,50.9,11.9,70.0,80.0,14.5,100.0,Senior Specialist,"['Mid-to-Senior (14 yrs)', 'STEM discipline', 'Domain-relevant experience']",0,Stable in Role
27771,city_16,0.91,Male,No relevent experience,no_enrollment,Graduate,STEM,>20,50-99,Pvt Ltd,>4,9,0.11859838274932614,0.11859838274932614,22.0,1.0,0.7999999999999999,0.045,0.35,49.1,1045,50.9,11.9,100.0,80.0,4.5,35.0,Senior Specialist,"['Deep seniority (22+ yrs)', 'STEM discipline']",0,Stable in Role
6602,city_162,0.767,,Has relevent experience,Full time course,Graduate,STEM,6,10/49,Pvt Ltd,1,119,0.27564102564102566,0.27564102564102566,6.0,0.3,0.7999999999999999,0.595,1.0,49.1,1045,50.9,27.6,30.0,80.0,59.5,100.0,Qualified Applicant,"['6 yrs exp', 'STEM discipline', 'Committed upskiller (119 hrs)', 'Domain-relevant experience']",0,Stable in Role
22999,city_21,0.624,Female,Has relevent experience,no_enrollment,Graduate,STEM,<1,100-500,Pvt Ltd,1,9,0.6287878787878788,0.6287878787878788,0.5,0.025,0.7999999999999999,0.045,1.0,49.08,1049,50.8,62.9,2.5,80.0,4.5,100.0,Qualified Applicant,"['Open to progression', '0 yrs exp', 'STEM discipline', 'Domain-relevant experience']",1,Ready for Transition
2196,city_103,0.92,Male,Has relevent experience,no_enrollment,Graduate,STEM,10,10000+,Pvt Ltd,1,152,0.0847457627118644,0.0847457627118644,10.0,0.5,0.7999999999999999,0.76,1.0,49.07,1050,50.7,8.5,50.0,80.0,76.0,100.0,Qualified Applicant,"['Mid-to-Senior (10 yrs)', 'STEM discipline', 'Committed upskiller (152 hrs)', 'Domain-relevant experience']",0,Stable in Role
11638,city_114,0.926,,Has relevent experience,no_enrollment,High School,,>20,,,>4,62,0.0847457627118644,0.0847457627118644,22.0,1.0,0.4,0.31,1.0,49.07,1050,50.7,8.5,100.0,40.0,31.0,100.0,Senior Specialist,"['Deep seniority (22+ yrs)', 'Domain-relevant experience']",0,Stable in Role
16135,city_159,0.843,Male,Has relevent experience,no_enrollment,Masters,STEM,12,50-99,Funded Startup,1,55,0.049019607843137254,0.049019607843137254,12.0,0.6,0.98,0.275,1.0,49.07,1050,50.7,4.9,60.0,98.0,27.5,100.0,Senior Specialist,"['Mid-to-Senior (12 yrs)', 'Advanced degree (Masters)', 'STEM discipline', 'Domain-relevant experience']",0,Stable in Role
28259,city_114,0.926,Male,Has relevent experience,no_enrollment,Graduate,STEM,13,500-999,Pvt Ltd,2,81,0.07894736842105263,0.07894736842105263,13.0,0.65,0.7999999999999999,0.405,1.0,49.06,1053,50.6,7.9,65.0,80.0,40.5,100.0,Senior Specialist,"['Mid-to-Senior (13 yrs)', 'STEM discipline', 'Committed upskiller (81 hrs)', 'Domain-relevant experience']",0,Stable in Role
7387,city_104,0.924,Male,Has relevent experience,no_enrollment,Graduate,STEM,15,500-999,Pvt Ltd,1,86,0.0,0.0,15.0,0.75,0.7999999999999999,0.43,1.0,49.05,1054,50.5,0.0,75.0,80.0,43.0,100.0,Senior Specialist,"['Deep seniority (15+ yrs)', 'STEM discipline', 'Committed upskiller (86 hrs)', 'Domain-relevant experience']",0,Stable in Role
21071,city_90,0.698,,No relevent experience,no_enrollment,Masters,STEM,11,100-500,Pvt Ltd,4,160,0.11859838274932614,0.11859838274932614,11.0,0.55,0.98,0.8,0.35,49.0,1055,50.4,11.9,55.0,98.0,80.0,35.0,Qualified Applicant,"['Mid-to-Senior (11 yrs)', 'Advanced degree (Masters)', 'STEM discipline', 'Committed upskiller (160 hrs)']",0,Stable in Role
28381,city_67,0.855,,Has relevent experience,no_enrollment,Masters,STEM,11,,,1,30,0.11859838274932614,0.11859838274932614,11.0,0.55,0.98,0.15,1.0,49.0,1055,50.4,11.9,55.0,98.0,15.0,100.0,Qualified Applicant,"['Mid-to-Senior (11 yrs)', 'Advanced degree (Masters)', 'STEM discipline', 'Domain-relevant experience']",0,Stable in Role
6610,city_100,0.887,,Has relevent experience,no_enrollment,High School,,>20,10/49,Pvt Ltd,2,37,0.11859838274932614,0.11859838274932614,22.0,1.0,0.4,0.185,1.0,49.0,1055,50.4,11.9,100.0,40.0,18.5,100.0,Senior Specialist,"['Deep seniority (22+ yrs)', 'Domain-relevant experience']",0,Stable in Role
2900,city_9,0.743,Male,Has relevent experience,no_enrollment,Graduate,STEM,10,100-500,NGO,>4,17,0.27564102564102566,0.27564102564102566,10.0,0.5,0.7999999999999999,0.085,1.0,49.0,1055,50.4,27.6,50.0,80.0,8.5,100.0,Qualified Applicant,"['Mid-to-Senior (10 yrs)', 'STEM discipline', 'Domain-relevant experience']",0,Stable in Role
7148,city_160,0.92,Other,No relevent experience,no_enrollment,Graduate,STEM,>20,10000+,Public Sector,>4,30,0.0847457627118644,0.0847457627118644,22.0,1.0,0.7999999999999999,0.15,0.35,48.97,1059,50.2,8.5,100.0,80.0,15.0,35.0,Senior Specialist,"['Deep seniority (22+ yrs)', 'STEM discipline']",0,Stable in Role
28845,city_39,0.898,Male,Has relevent experience,no_enrollment,Graduate,STEM,14,500-999,Public Sector,1,50,0.0847457627118644,0.0847457627118644,14.0,0.7,0.7999999999999999,0.25,1.0,48.97,1059,50.2,8.5,70.0,80.0,25.0,100.0,Senior Specialist,"['Mid-to-Senior (14 yrs)', 'STEM discipline', 'Domain-relevant experience']",0,Stable in Role
33052,city_99,0.915,Male,Has relevent experience,no_enrollment,Graduate,STEM,15,100-500,Pvt Ltd,1,25,0.0847457627118644,0.0847457627118644,15.0,0.75,0.7999999999999999,0.125,1.0,48.97,1059,50.2,8.5,75.0,80.0,12.5,100.0,Senior Specialist,"['Deep seniority (15+ yrs)', 'STEM discipline', 'Domain-relevant experience']",0,Stable in Role
1274,city_75,0.939,Male,Has relevent experience,no_enrollment,Graduate,STEM,9,1000-4999,,never,310,0.049019607843137254,0.049019607843137254,9.0,0.45,0.7999999999999999,1.0,1.0,48.97,1059,50.2,4.9,45.0,80.0,100.0,100.0,Qualified Applicant,"['Mid-to-Senior (9 yrs)', 'STEM discipline', 'Committed upskiller (310 hrs)', 'Domain-relevant experience']",0,Stable in Role
8539,city_103,0.92,Male,Has relevent experience,no_enrollment,Graduate,STEM,15,10000+,Pvt Ltd,1,35,0.07035175879396985,0.07035175879396985,15.0,0.75,0.7999999999999999,0.175,1.0,48.96,1063,50.1,7.0,75.0,80.0,17.5,100.0,Senior Specialist,"['Deep seniority (15+ yrs)', 'STEM discipline', 'Domain-relevant experience']",0,Stable in Role
217,city_23,0.899,Male,No relevent experience,Part time course,Masters,STEM,10,,,2,12,0.3644859813084112,0.3644859813084112,10.0,0.5,0.98,0.06,0.35,48.96,1063,50.1,36.4,50.0,98.0,6.0,35.0,Qualified Applicant,"['Mid-to-Senior (10 yrs)', 'Advanced degree (Masters)', 'STEM discipline']",0,Stable in Role
12096,city_115,0.789,,No relevent experience,Full time course,Masters,STEM,<1,,,1,64,0.6287878787878788,0.6287878787878788,0.5,0.025,0.98,0.32,0.35,48.93,1065,50.0,62.9,2.5,98.0,32.0,35.0,Qualified Applicant,"['Open to progression', '0 yrs exp', 'Advanced degree (Masters)', 'STEM discipline']",1,Ready for Transition
15411,city_61,0.913,Male,Has relevent experience,no_enrollment,Masters,STEM,12,10000+,Pvt Ltd,>4,27,0.0847457627118644,0.0847457627118644,12.0,0.6,0.98,0.135,1.0,48.92,1066,50.0,8.5,60.0,98.0,13.5,100.0,Senior Specialist,"['Mid-to-Senior (12 yrs)', 'Advanced degree (Masters)', 'STEM discipline', 'Domain-relevant experience']",0,Stable in Role
23024,city_16,0.91,Male,Has relevent experience,no_enrollment,Graduate,STEM,7,10/49,Pvt Ltd,>4,282,0.11859838274932614,0.11859838274932614,7.0,0.35,0.7999999999999999,1.0,1.0,48.9,1067,49.9,11.9,35.0,80.0,100.0,100.0,Qualified Applicant,"['7 yrs exp', 'STEM discipline', 'Committed upskiller (282 hrs)', 'Domain-relevant experience']",0,Stable in Role
13124,city_67,0.855,Male,No relevent experience,Full time course,Graduate,STEM,6,,,1,36,0.5733333333333334,0.5733333333333334,6.0,0.3,0.7999999999999999,0.18,0.35,48.87,1068,49.9,57.3,30.0,80.0,18.0,35.0,Qualified Applicant,"['Open to progression', '6 yrs exp', 'STEM discipline']",1,Ready for Transition
18285,city_103,0.92,,Has relevent experience,no_enrollment,Masters,STEM,12,50-99,Pvt Ltd,3,26,0.0847457627118644,0.0847457627118644,12.0,0.6,0.98,0.13,1.0,48.87,1068,49.9,8.5,60.0,98.0,13.0,100.0,Senior Specialist,"['Mid-to-Senior (12 yrs)', 'Advanced degree (Masters)', 'STEM discipline', 'Domain-relevant experience']",0,Stable in Role
15660,city_21,0.624,Male,Has relevent experience,Full time course,Graduate,STEM,2,<10,Pvt Ltd,1,5,0.5733333333333334,0.5733333333333334,2.0,0.1,0.7999999999999999,0.025,1.0,48.82,1070,49.7,57.3,10.0,80.0,2.5,100.0,Qualified Applicant,"['Open to progression', '2 yrs exp', 'STEM discipline', 'Domain-relevant experience']",1,Ready for Transition
6560,city_23,0.899,Female,Has relevent experience,no_enrollment,Graduate,STEM,16,50-99,NGO,1,22,0.049019607843137254,0.049019607843137254,16.0,0.8,0.7999999999999999,0.11,1.0,48.82,1070,49.7,4.9,80.0,80.0,11.0,100.0,Senior Specialist,"['Deep seniority (16+ yrs)', 'STEM discipline', 'Domain-relevant experience']",0,Stable in Role
28630,city_136,0.897,Male,Has relevent experience,no_enrollment,Masters,STEM,11,50-99,Pvt Ltd,1,75,0.049019607843137254,0.049019607843137254,11.0,0.55,0.98,0.375,1.0,48.82,1070,49.7,4.9,55.0,98.0,37.5,100.0,Qualified Applicant,"['Mid-to-Senior (11 yrs)', 'Advanced degree (Masters)', 'STEM discipline', 'Domain-relevant experience']",0,Stable in Role
20622,city_103,0.92,Male,No relevent experience,Part time course,Graduate,STEM,2,,,1,96,0.6287878787878788,0.6287878787878788,2.0,0.1,0.7999999999999999,0.48,0.35,48.81,1073,49.6,62.9,10.0,80.0,48.0,35.0,Qualified Applicant,"['Open to progression', '2 yrs exp', 'STEM discipline', 'Committed upskiller (96 hrs)']",1,Ready for Transition
5800,city_16,0.91,Male,Has relevent experience,no_enrollment,Graduate,STEM,15,1000-4999,Public Sector,>4,26,0.07894736842105263,0.07894736842105263,15.0,0.75,0.7999999999999999,0.13,1.0,48.81,1073,49.6,7.9,75.0,80.0,13.0,100.0,Senior Specialist,"['Deep seniority (15+ yrs)', 'STEM discipline', 'Domain-relevant experience']",0,Stable in Role
32898,city_21,0.624,Male,No relevent experience,Full time course,Graduate,STEM,1,10/49,Early Stage Startup,1,11,0.7857142857142857,0.7857142857142857,1.0,0.05,0.7999999999999999,0.055,0.35,48.8,1075,49.6,78.6,5.0,80.0,5.5,35.0,Qualified Applicant,"['High transition readiness (79%)', '1 yrs exp', 'STEM discipline']",1,Ready for Transition
16673,city_21,0.624,,Has relevent experience,no_enrollment,Graduate,STEM,<1,,,1,3,0.6287878787878788,0.6287878787878788,0.5,0.025,0.7999999999999999,0.015,1.0,48.78,1076,49.5,62.9,2.5,80.0,1.5,100.0,Qualified Applicant,"['Open to progression', '0 yrs exp', 'STEM discipline', 'Domain-relevant experience']",1,Ready for Transition
6742,city_21,0.624,,No relevent experience,Full time course,Masters,STEM,2,100-500,Pvt Ltd,1,55,0.5838509316770185,0.5838509316770185,2.0,0.1,0.98,0.275,0.35,48.78,1076,49.5,58.4,10.0,98.0,27.5,35.0,Qualified Applicant,"['Open to progression', '2 yrs exp', 'Advanced degree (Masters)', 'STEM discipline']",1,Ready for Transition
24245,city_16,0.91,Male,Has relevent experience,no_enrollment,High School,,>20,10/49,Pvt Ltd,1,56,0.0847457627118644,0.0847457627118644,22.0,1.0,0.4,0.28,1.0,48.77,1078,49.3,8.5,100.0,40.0,28.0,100.0,Senior Specialist,"['Deep seniority (22+ yrs)', 'Domain-relevant experience']",0,Stable in Role
14062,city_103,0.92,Male,Has relevent experience,no_enrollment,Graduate,STEM,14,50-99,Pvt Ltd,1,46,0.0847457627118644,0.0847457627118644,14.0,0.7,0.7999999999999999,0.23,1.0,48.77,1078,49.3,8.5,70.0,80.0,23.0,100.0,Senior Specialist,"['Mid-to-Senior (14 yrs)', 'STEM discipline', 'Domain-relevant experience']",0,Stable in Role
13722,city_114,0.926,Male,Has relevent experience,no_enrollment,High School,,>20,,,1,56,0.0847457627118644,0.0847457627118644,22.0,1.0,0.4,0.28,1.0,48.77,1078,49.3,8.5,100.0,40.0,28.0,100.0,Senior Specialist,"['Deep seniority (22+ yrs)', 'Domain-relevant experience']",0,Stable in Role
28163,city_65,0.802,,Has relevent experience,Full time course,Graduate,STEM,16,5000-9999,Pvt Ltd,1,21,0.049019607843137254,0.049019607843137254,16.0,0.8,0.7999999999999999,0.105,1.0,48.77,1078,49.3,4.9,80.0,80.0,10.5,100.0,Senior Specialist,"['Deep seniority (16+ yrs)', 'STEM discipline', 'Domain-relevant experience']",0,Stable in Role
14456,city_21,0.624,Female,Has relevent experience,Full time course,Graduate,STEM,<1,50-99,Pvt Ltd,1,33,0.5838509316770185,0.5838509316770185,0.5,0.025,0.7999999999999999,0.165,1.0,48.71,1082,49.2,58.4,2.5,80.0,16.5,100.0,Qualified Applicant,"['Open to progression', '0 yrs exp', 'STEM discipline', 'Domain-relevant experience']",1,Ready for Transition
4334,city_103,0.92,Male,Has relevent experience,,High School,,9,,,2,19,0.5289855072463768,0.5289855072463768,9.0,0.45,0.4,0.095,1.0,48.71,1082,49.2,52.9,45.0,40.0,9.5,100.0,Qualified Applicant,"['Open to progression', 'Mid-to-Senior (9 yrs)', 'Domain-relevant experience']",1,Ready for Transition
15589,city_65,0.802,Male,Has relevent experience,no_enrollment,Masters,STEM,7,100-500,,1,14,0.27564102564102566,0.27564102564102566,7.0,0.35,0.98,0.07,1.0,48.7,1084,49.1,27.6,35.0,98.0,7.0,100.0,Qualified Applicant,"['7 yrs exp', 'Advanced degree (Masters)', 'STEM discipline', 'Domain-relevant experience']",0,Stable in Role
28333,city_103,0.92,,No relevent experience,Full time course,Graduate,STEM,7,,Public Sector,1,38,0.5289855072463768,0.5289855072463768,7.0,0.35,0.7999999999999999,0.19,0.35,48.66,1085,49.1,52.9,35.0,80.0,19.0,35.0,Qualified Applicant,"['Open to progression', '7 yrs exp', 'STEM discipline']",1,Ready for Transition
23867,city_114,0.926,Male,No relevent experience,no_enrollment,Graduate,Humanities,20,,,4,40,0.11859838274932614,0.11859838274932614,20.0,1.0,0.7,0.2,0.35,48.65,1086,49.0,11.9,100.0,70.0,20.0,35.0,Senior Specialist,['Deep seniority (20+ yrs)'],0,Stable in Role
6527,city_123,0.738,,No relevent experience,Full time course,Graduate,Other,13,,,1,234,0.14,0.14,13.0,0.65,0.7,1.0,0.35,48.65,1086,49.0,14.0,65.0,70.0,100.0,35.0,Senior Specialist,"['Mid-to-Senior (13 yrs)', 'Committed upskiller (234 hrs)']",0,Stable in Role
9649,city_103,0.92,Male,Has relevent experience,no_enrollment,Graduate,Business Degree,16,50-99,Pvt Ltd,1,33,0.0847457627118644,0.0847457627118644,16.0,0.8,0.7,0.165,1.0,48.62,1088,48.9,8.5,80.0,70.0,16.5,100.0,Senior Specialist,"['Deep seniority (16+ yrs)', 'Domain-relevant experience']",0,Stable in Role
18847,city_64,0.6659999999999999,Male,Has relevent experience,no_enrollment,Graduate,STEM,15,50-99,Pvt Ltd,3,18,0.0847457627118644,0.0847457627118644,15.0,0.75,0.7999999999999999,0.09,1.0,48.62,1088,48.9,8.5,75.0,80.0,9.0,100.0,Senior Specialist,"['Deep seniority (15+ yrs)', 'STEM discipline', 'Domain-relevant experience']",0,Stable in Role
30759,city_74,0.579,Male,No relevent experience,no_enrollment,Graduate,Other,2,10/49,NGO,1,163,0.5838509316770185,0.5838509316770185,2.0,0.1,0.7,0.815,0.35,48.58,1090,48.8,58.4,10.0,70.0,81.5,35.0,Qualified Applicant,"['Open to progression', '2 yrs exp', 'Committed upskiller (163 hrs)']",1,Ready for Transition
28220,city_99,0.915,Male,No relevent experience,no_enrollment,Graduate,STEM,>20,<10,Pvt Ltd,>4,47,0.049019607843137254,0.049019607843137254,22.0,1.0,0.7999999999999999,0.235,0.35,48.57,1091,48.8,4.9,100.0,80.0,23.5,35.0,Senior Specialist,"['Deep seniority (22+ yrs)', 'STEM discipline']",0,Stable in Role
24941,city_21,0.624,,No relevent experience,Full time course,Graduate,STEM,4,50-99,Pvt Ltd,1,56,0.6077348066298343,0.6077348066298343,4.0,0.2,0.7999999999999999,0.28,0.35,48.57,1091,48.8,60.8,20.0,80.0,28.0,35.0,Qualified Applicant,"['Open to progression', '4 yrs exp', 'STEM discipline']",1,Ready for Transition
21788,city_94,0.698,Male,No relevent experience,no_enrollment,Graduate,STEM,11,10/49,Funded Startup,1,51,0.3644859813084112,0.3644859813084112,11.0,0.55,0.7999999999999999,0.255,0.35,48.56,1093,48.7,36.4,55.0,80.0,25.5,35.0,Qualified Applicant,"['Mid-to-Senior (11 yrs)', 'STEM discipline']",0,Stable in Role
2170,city_64,0.6659999999999999,Male,Has relevent experience,no_enrollment,Graduate,STEM,9,100-500,Pvt Ltd,4,254,0.037037037037037035,0.037037037037037035,9.0,0.45,0.7999999999999999,1.0,1.0,48.55,1094,48.7,3.7,45.0,80.0,100.0,100.0,Qualified Applicant,"['Mid-to-Senior (9 yrs)', 'STEM discipline', 'Committed upskiller (254 hrs)', 'Domain-relevant experience']",0,Stable in Role
2510,city_21,0.624,Female,Has relevent experience,Full time course,Graduate,STEM,1,50-99,Pvt Ltd,never,17,0.5838509316770185,0.5838509316770185,1.0,0.05,0.7999999999999999,0.085,1.0,48.53,1095,48.6,58.4,5.0,80.0,8.5,100.0,Qualified Applicant,"['Open to progression', '1 yrs exp', 'STEM discipline', 'Domain-relevant experience']",1,Ready for Transition
21685,city_114,0.926,,No relevent experience,no_enrollment,Phd,STEM,15,10000+,Pvt Ltd,1,91,0.049019607843137254,0.049019607843137254,15.0,0.75,1.0,0.455,0.35,48.52,1096,48.5,4.9,75.0,100.0,45.5,35.0,Senior Specialist,"['Deep seniority (15+ yrs)', 'Advanced degree (Phd)', 'STEM discipline', 'Committed upskiller (91 hrs)']",0,Stable in Role
15910,city_97,0.925,Male,Has relevent experience,no_enrollment,Graduate,STEM,15,1000-4999,Pvt Ltd,1,41,0.049019607843137254,0.049019607843137254,15.0,0.75,0.7999999999999999,0.205,1.0,48.52,1096,48.5,4.9,75.0,80.0,20.5,100.0,Senior Specialist,"['Deep seniority (15+ yrs)', 'STEM discipline', 'Domain-relevant experience']",0,Stable in Role
14182,city_80,0.847,Male,No relevent experience,Full time course,Graduate,STEM,5,,,1,30,0.6077348066298343,0.6077348066298343,5.0,0.25,0.7999999999999999,0.15,0.35,48.52,1096,48.5,60.8,25.0,80.0,15.0,35.0,Qualified Applicant,"['Open to progression', '5 yrs exp', 'STEM discipline']",1,Ready for Transition
23255,city_100,0.887,,No relevent experience,Full time course,Graduate,STEM,5,,,never,54,0.5733333333333334,0.5733333333333334,5.0,0.25,0.7999999999999999,0.27,0.35,48.52,1096,48.5,57.3,25.0,80.0,27.0,35.0,Qualified Applicant,"['Open to progression', '5 yrs exp', 'STEM discipline']",1,Ready for Transition
28267,city_21,0.624,Female,Has relevent experience,no_enrollment,Graduate,STEM,<1,100-500,Pvt Ltd,1,12,0.6077348066298343,0.6077348066298343,0.5,0.025,0.7999999999999999,0.06,1.0,48.5,1100,48.4,60.8,2.5,80.0,6.0,100.0,Qualified Applicant,"['Open to progression', '0 yrs exp', 'STEM discipline', 'Domain-relevant experience']",1,Ready for Transition
15763,city_97,0.925,Male,Has relevent experience,no_enrollment,Graduate,STEM,16,500-999,Pvt Ltd,1,24,0.037037037037037035,0.037037037037037035,16.0,0.8,0.7999999999999999,0.12,1.0,48.5,1100,48.4,3.7,80.0,80.0,12.0,100.0,Senior Specialist,"['Deep seniority (16+ yrs)', 'STEM discipline', 'Domain-relevant experience']",0,Stable in Role
1167,city_103,0.92,Male,Has relevent experience,no_enrollment,Graduate,STEM,15,100-500,Pvt Ltd,4,10,0.09259259259259259,0.09259259259259259,15.0,0.75,0.7999999999999999,0.05,1.0,48.49,1102,48.3,9.3,75.0,80.0,5.0,100.0,Senior Specialist,"['Deep seniority (15+ yrs)', 'STEM discipline', 'Domain-relevant experience']",0,Stable in Role
23426,city_57,0.866,Male,Has relevent experience,no_enrollment,Masters,STEM,13,10000+,Pvt Ltd,1,18,0.049019607843137254,0.049019607843137254,13.0,0.65,0.98,0.09,1.0,48.47,1103,48.2,4.9,65.0,98.0,9.0,100.0,Senior Specialist,"['Mid-to-Senior (13 yrs)', 'Advanced degree (Masters)', 'STEM discipline', 'Domain-relevant experience']",0,Stable in Role
16658,city_16,0.91,Male,Has relevent experience,no_enrollment,Graduate,Business Degree,16,50-99,Pvt Ltd,1,55,0.049019607843137254,0.049019607843137254,16.0,0.8,0.7,0.275,1.0,48.47,1103,48.2,4.9,80.0,70.0,27.5,100.0,Senior Specialist,"['Deep seniority (16+ yrs)', 'Domain-relevant experience']",0,Stable in Role
26493,city_136,0.897,Male,No relevent experience,Part time course,Graduate,STEM,8,,Public Sector,1,124,0.3644859813084112,0.3644859813084112,8.0,0.4,0.7999999999999999,0.62,0.35,48.46,1105,48.1,36.4,40.0,80.0,62.0,35.0,Qualified Applicant,"['Mid-to-Senior (8 yrs)', 'STEM discipline', 'Committed upskiller (124 hrs)']",0,Stable in Role
19336,city_103,0.92,Male,Has relevent experience,no_enrollment,High School,,>20,10/49,Pvt Ltd,1,60,0.07035175879396985,0.07035175879396985,22.0,1.0,0.4,0.3,1.0,48.46,1105,48.1,7.0,100.0,40.0,30.0,100.0,Senior Specialist,"['Deep seniority (22+ yrs)', 'Domain-relevant experience']",0,Stable in Role
21465,city_21,0.624,,Has relevent experience,no_enrollment,Graduate,STEM,<1,100-500,Pvt Ltd,1,11,0.6077348066298343,0.6077348066298343,0.5,0.025,0.7999999999999999,0.055,1.0,48.45,1107,48.1,60.8,2.5,80.0,5.5,100.0,Qualified Applicant,"['Open to progression', '0 yrs exp', 'STEM discipline', 'Domain-relevant experience']",1,Ready for Transition
12459,city_21,0.624,,No relevent experience,Full time course,Graduate,STEM,4,5000-9999,Pvt Ltd,never,38,0.6287878787878788,0.6287878787878788,4.0,0.2,0.7999999999999999,0.19,0.35,48.41,1108,48.0,62.9,20.0,80.0,19.0,35.0,Qualified Applicant,"['Open to progression', '4 yrs exp', 'STEM discipline']",1,Ready for Transition
6452,city_165,0.903,Male,Has relevent experience,no_enrollment,Graduate,STEM,9,1000-4999,Pvt Ltd,>4,140,0.11859838274932614,0.11859838274932614,9.0,0.45,0.7999999999999999,0.7,1.0,48.4,1109,47.9,11.9,45.0,80.0,70.0,100.0,Qualified Applicant,"['Mid-to-Senior (9 yrs)', 'STEM discipline', 'Committed upskiller (140 hrs)', 'Domain-relevant experience']",0,Stable in Role
26563,city_41,0.8270000000000001,Male,Has relevent experience,no_enrollment,Graduate,STEM,9,5000-9999,Pvt Ltd,2,30,0.27564102564102566,0.27564102564102566,9.0,0.45,0.7999999999999999,0.15,1.0,48.4,1109,47.9,27.6,45.0,80.0,15.0,100.0,Qualified Applicant,"['Mid-to-Senior (9 yrs)', 'STEM discipline', 'Domain-relevant experience']",0,Stable in Role
14342,city_70,0.698,Male,Has relevent experience,no_enrollment,Graduate,STEM,9,<10,Other,2,30,0.27564102564102566,0.27564102564102566,9.0,0.45,0.7999999999999999,0.15,1.0,48.4,1109,47.9,27.6,45.0,80.0,15.0,100.0,Qualified Applicant,"['Mid-to-Senior (9 yrs)', 'STEM discipline', 'Domain-relevant experience']",0,Stable in Role
4934,city_160,0.92,Other,Has relevent experience,no_enrollment,Graduate,STEM,11,100-500,NGO,1,113,0.0847457627118644,0.0847457627118644,11.0,0.55,0.7999999999999999,0.565,1.0,48.37,1112,47.8,8.5,55.0,80.0,56.5,100.0,Qualified Applicant,"['Mid-to-Senior (11 yrs)', 'STEM discipline', 'Committed upskiller (113 hrs)', 'Domain-relevant experience']",0,Stable in Role
31141,city_103,0.92,Male,Has relevent experience,no_enrollment,Graduate,STEM,16,<10,Pvt Ltd,1,12,0.049019607843137254,0.049019607843137254,16.0,0.8,0.7999999999999999,0.06,1.0,48.32,1113,47.8,4.9,80.0,80.0,6.0,100.0,Senior Specialist,"['Deep seniority (16+ yrs)', 'STEM discipline', 'Domain-relevant experience']",0,Stable in Role
25699,city_16,0.91,,No relevent experience,Full time course,Graduate,STEM,7,,,never,31,0.5289855072463768,0.5289855072463768,7.0,0.35,0.7999999999999999,0.155,0.35,48.31,1114,47.7,52.9,35.0,80.0,15.5,35.0,Qualified Applicant,"['Open to progression', '7 yrs exp', 'STEM discipline']",1,Ready for Transition
13605,city_116,0.743,Male,Has relevent experience,,Masters,STEM,9,1000-4999,,2,66,0.11859838274932614,0.11859838274932614,9.0,0.45,0.98,0.33,1.0,48.3,1115,47.7,11.9,45.0,98.0,33.0,100.0,Qualified Applicant,"['Mid-to-Senior (9 yrs)', 'Advanced degree (Masters)', 'STEM discipline', 'Domain-relevant experience']",0,Stable in Role
7813,city_104,0.924,Male,No relevent experience,no_enrollment,Phd,STEM,17,50-99,NGO,3,36,0.049019607843137254,0.049019607843137254,17.0,0.85,1.0,0.18,0.35,48.27,1116,47.6,4.9,85.0,100.0,18.0,35.0,Senior Specialist,"['Deep seniority (17+ yrs)', 'Advanced degree (Phd)', 'STEM discipline']",0,Stable in Role
26679,city_160,0.92,Male,Has relevent experience,no_enrollment,Graduate,STEM,15,<10,Pvt Ltd,>4,15,0.07894736842105263,0.07894736842105263,15.0,0.75,0.7999999999999999,0.075,1.0,48.26,1117,47.6,7.9,75.0,80.0,7.5,100.0,Senior Specialist,"['Deep seniority (15+ yrs)', 'STEM discipline', 'Domain-relevant experience']",0,Stable in Role
20286,city_103,0.92,Female,Has relevent experience,Full time course,Masters,STEM,10,50-99,Public Sector,2,40,0.11859838274932614,0.11859838274932614,10.0,0.5,0.98,0.2,1.0,48.25,1118,47.5,11.9,50.0,98.0,20.0,100.0,Qualified Applicant,"['Mid-to-Senior (10 yrs)', 'Advanced degree (Masters)', 'STEM discipline', 'Domain-relevant experience']",0,Stable in Role
25129,city_21,0.624,,Has relevent experience,no_enrollment,Graduate,STEM,<1,<10,Pvt Ltd,,6,0.6077348066298343,0.6077348066298343,0.5,0.025,0.7999999999999999,0.03,1.0,48.2,1119,47.5,60.8,2.5,80.0,3.0,100.0,Qualified Applicant,"['Open to progression', '0 yrs exp', 'STEM discipline', 'Domain-relevant experience']",1,Ready for Transition
13925,city_103,0.92,Male,Has relevent experience,no_enrollment,Phd,STEM,9,100-500,Funded Startup,1,79,0.0847457627118644,0.0847457627118644,9.0,0.45,1.0,0.395,1.0,48.17,1120,47.4,8.5,45.0,100.0,39.5,100.0,Qualified Applicant,"['Mid-to-Senior (9 yrs)', 'Advanced degree (Phd)', 'STEM discipline', 'Domain-relevant experience']",0,Stable in Role
8799,city_103,0.92,Male,No relevent experience,Full time course,Graduate,STEM,6,,Public Sector,1,46,0.5384615384615384,0.5384615384615384,6.0,0.3,0.7999999999999999,0.23,0.35,48.15,1121,47.4,53.8,30.0,80.0,23.0,35.0,Qualified Applicant,"['Open to progression', '6 yrs exp', 'STEM discipline']",1,Ready for Transition
17300,city_21,0.624,Male,No relevent experience,,Graduate,STEM,3,<10,Pvt Ltd,1,72,0.6077348066298343,0.6077348066298343,3.0,0.15,0.7999999999999999,0.36,0.35,48.12,1122,47.3,60.8,15.0,80.0,36.0,35.0,Qualified Applicant,"['Open to progression', '3 yrs exp', 'STEM discipline']",1,Ready for Transition
4053,city_103,0.92,Male,No relevent experience,no_enrollment,Graduate,STEM,>20,1000-4999,Pvt Ltd,4,13,0.0847457627118644,0.0847457627118644,22.0,1.0,0.7999999999999999,0.065,0.35,48.12,1122,47.3,8.5,100.0,80.0,6.5,35.0,Senior Specialist,"['Deep seniority (22+ yrs)', 'STEM discipline']",0,Stable in Role
20142,city_104,0.924,Male,Has relevent experience,no_enrollment,Graduate,STEM,10,50-99,Pvt Ltd,1,158,0.049019607843137254,0.049019607843137254,10.0,0.5,0.7999999999999999,0.79,1.0,48.12,1122,47.3,4.9,50.0,80.0,79.0,100.0,Qualified Applicant,"['Mid-to-Senior (10 yrs)', 'STEM discipline', 'Committed upskiller (158 hrs)', 'Domain-relevant experience']",0,Stable in Role
11888,city_16,0.91,Male,No relevent experience,,Graduate,STEM,>20,10/49,Pvt Ltd,1,12,0.0847457627118644,0.0847457627118644,22.0,1.0,0.7999999999999999,0.06,0.35,48.07,1125,47.2,8.5,100.0,80.0,6.0,35.0,Senior Specialist,"['Deep seniority (22+ yrs)', 'STEM discipline']",0,Stable in Role
24246,city_114,0.926,Male,Has relevent experience,no_enrollment,Graduate,STEM,12,10/49,Pvt Ltd,never,107,0.049019607843137254,0.049019607843137254,12.0,0.6,0.7999999999999999,0.535,1.0,48.07,1125,47.2,4.9,60.0,80.0,53.5,100.0,Senior Specialist,"['Mid-to-Senior (12 yrs)', 'STEM discipline', 'Committed upskiller (107 hrs)', 'Domain-relevant experience']",0,Stable in Role
5479,city_103,0.92,Male,No relevent experience,no_enrollment,Graduate,STEM,2,,,2,81,0.6287878787878788,0.6287878787878788,2.0,0.1,0.7999999999999999,0.405,0.35,48.06,1127,47.1,62.9,10.0,80.0,40.5,35.0,Qualified Applicant,"['Open to progression', '2 yrs exp', 'STEM discipline', 'Committed upskiller (81 hrs)']",1,Ready for Transition
18400,city_65,0.802,Male,Has relevent experience,Part time course,Masters,STEM,9,500-999,Pvt Ltd,4,61,0.11859838274932614,0.11859838274932614,9.0,0.45,0.98,0.305,1.0,48.05,1128,47.1,11.9,45.0,98.0,30.5,100.0,Qualified Applicant,"['Mid-to-Senior (9 yrs)', 'Advanced degree (Masters)', 'STEM discipline', 'Domain-relevant experience']",0,Stable in Role
10311,city_67,0.855,Male,Has relevent experience,Full time course,Graduate,STEM,11,10/49,,1,106,0.0847457627118644,0.0847457627118644,11.0,0.55,0.7999999999999999,0.53,1.0,48.02,1129,47.0,8.5,55.0,80.0,53.0,100.0,Qualified Applicant,"['Mid-to-Senior (11 yrs)', 'STEM discipline', 'Committed upskiller (106 hrs)', 'Domain-relevant experience']",0,Stable in Role
27389,city_97,0.925,Male,Has relevent experience,no_enrollment,Graduate,STEM,16,1000-4999,Pvt Ltd,>4,6,0.049019607843137254,0.049019607843137254,16.0,0.8,0.7999999999999999,0.03,1.0,48.02,1129,47.0,4.9,80.0,80.0,3.0,100.0,Senior Specialist,"['Deep seniority (16+ yrs)', 'STEM discipline', 'Domain-relevant experience']",0,Stable in Role
8031,city_71,0.884,Male,Has relevent experience,no_enrollment,High School,,>20,<10,Pvt Ltd,>4,41,0.0847457627118644,0.0847457627118644,22.0,1.0,0.4,0.205,1.0,48.02,1129,47.0,8.5,100.0,40.0,20.5,100.0,Senior Specialist,"['Deep seniority (22+ yrs)', 'Domain-relevant experience']",0,Stable in Role
20786,city_16,0.91,Male,No relevent experience,Full time course,Masters,STEM,5,,,3,3,0.5289855072463768,0.5289855072463768,5.0,0.25,0.98,0.015,0.35,48.01,1132,46.9,52.9,25.0,98.0,1.5,35.0,Qualified Applicant,"['Open to progression', '5 yrs exp', 'Advanced degree (Masters)', 'STEM discipline']",1,Ready for Transition
13819,city_16,0.91,Male,No relevent experience,Full time course,Masters,STEM,7,,Public Sector,1,68,0.3644859813084112,0.3644859813084112,7.0,0.35,0.98,0.34,0.35,48.01,1132,46.9,36.4,35.0,98.0,34.0,35.0,Qualified Applicant,"['7 yrs exp', 'Advanced degree (Masters)', 'STEM discipline']",0,Stable in Role
4957,city_90,0.698,Male,Has relevent experience,no_enrollment,Graduate,STEM,12,<10,Pvt Ltd,3,20,0.17117117117117117,0.17117117117117117,12.0,0.6,0.7999999999999999,0.1,1.0,47.99,1134,46.8,17.1,60.0,80.0,10.0,100.0,Senior Specialist,"['Mid-to-Senior (12 yrs)', 'STEM discipline', 'Domain-relevant experience']",0,Stable in Role
613,city_103,0.92,Male,Has relevent experience,no_enrollment,Masters,STEM,10,100-500,Public Sector,4,34,0.11859838274932614,0.11859838274932614,10.0,0.5,0.98,0.17,1.0,47.95,1135,46.7,11.9,50.0,98.0,17.0,100.0,Qualified Applicant,"['Mid-to-Senior (10 yrs)', 'Advanced degree (Masters)', 'STEM discipline', 'Domain-relevant experience']",0,Stable in Role
15973,city_127,0.745,,No relevent experience,Full time course,Graduate,STEM,3,,,1,53,0.6287878787878788,0.6287878787878788,3.0,0.15,0.7999999999999999,0.265,0.35,47.91,1136,46.7,62.9,15.0,80.0,26.5,35.0,Qualified Applicant,"['Open to progression', '3 yrs exp', 'STEM discipline']",1,Ready for Transition
14052,city_114,0.926,Female,Has relevent experience,no_enrollment,Masters,STEM,9,<10,Pvt Ltd,4,58,0.11859838274932614,0.11859838274932614,9.0,0.45,0.98,0.29,1.0,47.9,1137,46.6,11.9,45.0,98.0,29.0,100.0,Qualified Applicant,"['Mid-to-Senior (9 yrs)', 'Advanced degree (Masters)', 'STEM discipline', 'Domain-relevant experience']",0,Stable in Role
5489,city_50,0.8959999999999999,Male,Has relevent experience,no_enrollment,Graduate,No Major,15,,,>4,20,0.11859838274932614,0.11859838274932614,15.0,0.75,0.7,0.1,1.0,47.9,1137,46.6,11.9,75.0,70.0,10.0,100.0,Senior Specialist,"['Deep seniority (15+ yrs)', 'Domain-relevant experience']",0,Stable in Role
8112,city_180,0.698,,No relevent experience,Full time course,Graduate,STEM,2,,,1,77,0.6287878787878788,0.6287878787878788,2.0,0.1,0.7999999999999999,0.385,0.35,47.86,1139,46.5,62.9,10.0,80.0,38.5,35.0,Qualified Applicant,"['Open to progression', '2 yrs exp', 'STEM discipline']",1,Ready for Transition
8991,city_160,0.92,Male,No relevent experience,Full time course,Graduate,STEM,3,,,1,66,0.6077348066298343,0.6077348066298343,3.0,0.15,0.7999999999999999,0.33,0.35,47.82,1140,46.5,60.8,15.0,80.0,33.0,35.0,Qualified Applicant,"['Open to progression', '3 yrs exp', 'STEM discipline']",1,Ready for Transition
18544,city_21,0.624,Male,Has relevent experience,Full time course,High School,,6,1000-4999,Pvt Ltd,never,96,0.5,0.5,6.0,0.3,0.4,0.48,1.0,47.8,1141,46.4,50.0,30.0,40.0,48.0,100.0,Qualified Applicant,"['Open to progression', '6 yrs exp', 'Committed upskiller (96 hrs)', 'Domain-relevant experience']",1,Ready for Transition
31123,city_16,0.91,Male,Has relevent experience,no_enrollment,Graduate,Humanities,13,,,1,68,0.11859838274932614,0.11859838274932614,13.0,0.65,0.7,0.34,1.0,47.8,1141,46.4,11.9,65.0,70.0,34.0,100.0,Senior Specialist,"['Mid-to-Senior (13 yrs)', 'Domain-relevant experience']",0,Stable in Role
10523,city_11,0.55,,No relevent experience,Full time course,Graduate,STEM,6,<10,,1,160,0.3644859813084112,0.3644859813084112,6.0,0.3,0.7999999999999999,0.8,0.35,47.76,1143,46.3,36.4,30.0,80.0,80.0,35.0,Qualified Applicant,"['6 yrs exp', 'STEM discipline', 'Committed upskiller (160 hrs)']",0,Stable in Role
26694,city_48,0.493,,Has relevent experience,Full time course,Graduate,STEM,2,,,never,15,0.5289855072463768,0.5289855072463768,2.0,0.1,0.7999999999999999,0.075,1.0,47.76,1143,46.3,52.9,10.0,80.0,7.5,100.0,Qualified Applicant,"['Open to progression', '2 yrs exp', 'STEM discipline', 'Domain-relevant experience']",1,Ready for Transition
27385,city_13,0.8270000000000001,Male,Has relevent experience,no_enrollment,Masters,STEM,11,10/49,Pvt Ltd,1,39,0.07035175879396985,0.07035175879396985,11.0,0.55,0.98,0.195,1.0,47.76,1143,46.3,7.0,55.0,98.0,19.5,100.0,Qualified Applicant,"['Mid-to-Senior (11 yrs)', 'Advanced degree (Masters)', 'STEM discipline', 'Domain-relevant experience']",0,Stable in Role
8897,city_103,0.92,Male,No relevent experience,Full time course,Graduate,Other,7,,,4,21,0.5838509316770185,0.5838509316770185,7.0,0.35,0.7,0.105,0.35,47.73,1146,46.2,58.4,35.0,70.0,10.5,35.0,Qualified Applicant,"['Open to progression', '7 yrs exp']",1,Ready for Transition
10721,city_114,0.926,Male,No relevent experience,no_enrollment,Phd,Humanities,10,500-999,Public Sector,>4,232,0.049019607843137254,0.049019607843137254,10.0,0.5,1.0,1.0,0.35,47.72,1147,46.1,4.9,50.0,100.0,100.0,35.0,Qualified Applicant,"['Mid-to-Senior (10 yrs)', 'Advanced degree (Phd)', 'Committed upskiller (232 hrs)']",0,Stable in Role
23894,city_73,0.754,,No relevent experience,Full time course,Graduate,STEM,2,,,never,89,0.6077348066298343,0.6077348066298343,2.0,0.1,0.7999999999999999,0.445,0.35,47.72,1147,46.1,60.8,10.0,80.0,44.5,35.0,Qualified Applicant,"['Open to progression', '2 yrs exp', 'STEM discipline', 'Committed upskiller (89 hrs)']",1,Ready for Transition
31668,city_67,0.855,Male,Has relevent experience,Full time course,Graduate,STEM,12,50-99,Pvt Ltd,1,100,0.049019607843137254,0.049019607843137254,12.0,0.6,0.7999999999999999,0.5,1.0,47.72,1147,46.1,4.9,60.0,80.0,50.0,100.0,Senior Specialist,"['Mid-to-Senior (12 yrs)', 'STEM discipline', 'Committed upskiller (100 hrs)', 'Domain-relevant experience']",0,Stable in Role
25465,city_103,0.92,Male,Has relevent experience,no_enrollment,Graduate,Humanities,9,100-500,Pvt Ltd,1,200,0.07035175879396985,0.07035175879396985,9.0,0.45,0.7,1.0,1.0,47.71,1150,46.0,7.0,45.0,70.0,100.0,100.0,Qualified Applicant,"['Mid-to-Senior (9 yrs)', 'Committed upskiller (200 hrs)', 'Domain-relevant experience']",0,Stable in Role
14329,city_57,0.866,Male,No relevent experience,Full time course,Masters,STEM,8,,,4,99,0.27564102564102566,0.27564102564102566,8.0,0.4,0.98,0.495,0.35,47.7,1151,46.0,27.6,40.0,98.0,49.5,35.0,Qualified Applicant,"['Mid-to-Senior (8 yrs)', 'Advanced degree (Masters)', 'STEM discipline', 'Committed upskiller (99 hrs)']",0,Stable in Role
33062,city_98,0.949,Male,Has relevent experience,no_enrollment,Graduate,STEM,9,<10,Early Stage Startup,1,174,0.049019607843137254,0.049019607843137254,9.0,0.45,0.7999999999999999,0.87,1.0,47.67,1152,45.9,4.9,45.0,80.0,87.0,100.0,Qualified Applicant,"['Mid-to-Senior (9 yrs)', 'STEM discipline', 'Committed upskiller (174 hrs)', 'Domain-relevant experience']",0,Stable in Role
17047,city_103,0.92,,No relevent experience,no_enrollment,,,>20,500-999,,2,84,0.0847457627118644,0.0847457627118644,22.0,1.0,0.6,0.42,0.35,47.67,1152,45.9,8.5,100.0,60.0,42.0,35.0,Senior Specialist,"['Deep seniority (22+ yrs)', 'Committed upskiller (84 hrs)']",0,Stable in Role
10809,city_82,0.693,Female,Has relevent experience,no_enrollment,Graduate,STEM,6,1000-4999,Pvt Ltd,3,216,0.11859838274932614,0.11859838274932614,6.0,0.3,0.7999999999999999,1.0,1.0,47.65,1154,45.8,11.9,30.0,80.0,100.0,100.0,Qualified Applicant,"['6 yrs exp', 'STEM discipline', 'Committed upskiller (216 hrs)', 'Domain-relevant experience']",0,Stable in Role
24295,city_105,0.794,Male,Has relevent experience,no_enrollment,Masters,STEM,10,100-500,Pvt Ltd,2,85,0.037037037037037035,0.037037037037037035,10.0,0.5,0.98,0.425,1.0,47.65,1154,45.8,3.7,50.0,98.0,42.5,100.0,Qualified Applicant,"['Mid-to-Senior (10 yrs)', 'Advanced degree (Masters)', 'STEM discipline', 'Committed upskiller (85 hrs)']",0,Stable in Role
15770,city_160,0.92,Male,Has relevent experience,no_enrollment,High School,,>20,10/49,Funded Startup,>4,58,0.049019607843137254,0.049019607843137254,22.0,1.0,0.4,0.29,1.0,47.62,1156,45.7,4.9,100.0,40.0,29.0,100.0,Senior Specialist,"['Deep seniority (22+ yrs)', 'Domain-relevant experience']",0,Stable in Role
24331,city_21,0.624,Male,Has relevent experience,Part time course,Graduate,STEM,5,1000-4999,Pvt Ltd,3,52,0.3644859813084112,0.3644859813084112,5.0,0.25,0.7999999999999999,0.26,1.0,47.61,1157,45.7,36.4,25.0,80.0,26.0,100.0,Qualified Applicant,"['5 yrs exp', 'STEM discipline', 'Domain-relevant experience']",0,Stable in Role
7315,city_26,0.698,Male,Has relevent experience,Full time course,Graduate,STEM,11,<10,,2,37,0.17117117117117117,0.17117117117117117,11.0,0.55,0.7999999999999999,0.185,1.0,47.59,1158,45.7,17.1,55.0,80.0,18.5,100.0,Qualified Applicant,"['Mid-to-Senior (11 yrs)', 'STEM discipline', 'Domain-relevant experience']",0,Stable in Role
26996,city_114,0.926,Male,Has relevent experience,no_enrollment,Graduate,Other,13,<10,Funded Startup,2,112,0.049019607843137254,0.049019607843137254,13.0,0.65,0.7,0.56,1.0,47.57,1159,45.5,4.9,65.0,70.0,56.0,100.0,Senior Specialist,"['Mid-to-Senior (13 yrs)', 'Committed upskiller (112 hrs)', 'Domain-relevant experience']",0,Stable in Role
24268,city_16,0.91,Male,Has relevent experience,no_enrollment,Graduate,STEM,11,1000-4999,Pvt Ltd,2,97,0.0847457627118644,0.0847457627118644,11.0,0.55,0.7999999999999999,0.485,1.0,47.57,1159,45.5,8.5,55.0,80.0,48.5,100.0,Qualified Applicant,"['Mid-to-Senior (11 yrs)', 'STEM discipline', 'Committed upskiller (97 hrs)', 'Domain-relevant experience']",0,Stable in Role
17221,city_21,0.624,,No relevent experience,Full time course,Graduate,STEM,4,,,never,36,0.6077348066298343,0.6077348066298343,4.0,0.2,0.7999999999999999,0.18,0.35,47.57,1159,45.5,60.8,20.0,80.0,18.0,35.0,Qualified Applicant,"['Open to progression', '4 yrs exp', 'STEM discipline']",1,Ready for Transition
20918,city_16,0.91,,Has relevent experience,no_enrollment,Graduate,STEM,9,50-99,Pvt Ltd,2,147,0.0847457627118644,0.0847457627118644,9.0,0.45,0.7999999999999999,0.735,1.0,47.57,1159,45.5,8.5,45.0,80.0,73.5,100.0,Qualified Applicant,"['Mid-to-Senior (9 yrs)', 'STEM discipline', 'Committed upskiller (147 hrs)', 'Domain-relevant experience']",0,Stable in Role
19058,city_103,0.92,Male,No relevent experience,no_enrollment,Masters,STEM,15,,Pvt Ltd,1,55,0.0847457627118644,0.0847457627118644,15.0,0.75,0.98,0.275,0.35,47.57,1159,45.5,8.5,75.0,98.0,27.5,35.0,Senior Specialist,"['Deep seniority (15+ yrs)', 'Advanced degree (Masters)', 'STEM discipline']",0,Stable in Role
21296,city_46,0.762,Male,Has relevent experience,no_enrollment,Graduate,STEM,11,500-999,Public Sector,3,58,0.14,0.14,11.0,0.55,0.7999999999999999,0.29,1.0,47.55,1164,45.4,14.0,55.0,80.0,29.0,100.0,Qualified Applicant,"['Mid-to-Senior (11 yrs)', 'STEM discipline', 'Domain-relevant experience']",0,Stable in Role
5050,city_67,0.855,Female,No relevent experience,Full time course,Graduate,STEM,5,,,1,34,0.5733333333333334,0.5733333333333334,5.0,0.25,0.7999999999999999,0.17,0.35,47.52,1165,45.3,57.3,25.0,80.0,17.0,35.0,Qualified Applicant,"['Open to progression', '5 yrs exp', 'STEM discipline']",1,Ready for Transition
8982,city_75,0.939,Male,Has relevent experience,no_enrollment,Graduate,STEM,14,,Pvt Ltd,4,20,0.0847457627118644,0.0847457627118644,14.0,0.7,0.7999999999999999,0.1,1.0,47.47,1166,45.3,8.5,70.0,80.0,10.0,100.0,Senior Specialist,"['Mid-to-Senior (14 yrs)', 'STEM discipline', 'Domain-relevant experience']",0,Stable in Role
11682,city_104,0.924,Male,No relevent experience,Full time course,Masters,STEM,3,,,1,42,0.5289855072463768,0.5289855072463768,3.0,0.15,0.98,0.21,0.35,47.46,1167,45.2,52.9,15.0,98.0,21.0,35.0,Qualified Applicant,"['Open to progression', '3 yrs exp', 'Advanced degree (Masters)', 'STEM discipline']",1,Ready for Transition
21657,city_57,0.866,Male,No relevent experience,Full time course,Graduate,STEM,5,,,1,64,0.5289855072463768,0.5289855072463768,5.0,0.25,0.7999999999999999,0.32,0.35,47.46,1167,45.2,52.9,25.0,80.0,32.0,35.0,Qualified Applicant,"['Open to progression', '5 yrs exp', 'STEM discipline']",1,Ready for Transition
28695,city_21,0.624,Male,No relevent experience,Full time course,Masters,STEM,<1,100-500,Pvt Ltd,3,72,0.5733333333333334,0.5733333333333334,0.5,0.025,0.98,0.36,0.35,47.39,1169,45.1,57.3,2.5,98.0,36.0,35.0,Qualified Applicant,"['Open to progression', '0 yrs exp', 'Advanced degree (Masters)', 'STEM discipline']",1,Ready for Transition
13232,city_160,0.92,,Has relevent experience,no_enrollment,Graduate,STEM,14,100-500,Pvt Ltd,2,18,0.0847457627118644,0.0847457627118644,14.0,0.7,0.7999999999999999,0.09,1.0,47.37,1170,45.1,8.5,70.0,80.0,9.0,100.0,Senior Specialist,"['Mid-to-Senior (14 yrs)', 'STEM discipline', 'Domain-relevant experience']",0,Stable in Role
29833,city_115,0.789,Female,No relevent experience,no_enrollment,Graduate,STEM,2,,,never,82,0.6077348066298343,0.6077348066298343,2.0,0.1,0.7999999999999999,0.41,0.35,47.37,1170,45.1,60.8,10.0,80.0,41.0,35.0,Qualified Applicant,"['Open to progression', '2 yrs exp', 'STEM discipline', 'Committed upskiller (82 hrs)']",1,Ready for Transition
26769,city_102,0.804,,No relevent experience,Full time course,Graduate,STEM,4,,,never,94,0.5188478256521678,0.5188478256521678,4.0,0.2,0.7999999999999999,0.47,0.35,47.36,1172,45.0,51.9,20.0,80.0,47.0,35.0,Qualified Applicant,"['Open to progression', '4 yrs exp', 'STEM discipline', 'Committed upskiller (94 hrs)']",1,Ready for Transition
5265,city_134,0.698,Male,Has relevent experience,no_enrollment,Masters,STEM,9,1000-4999,Pvt Ltd,1,32,0.14,0.14,9.0,0.45,0.98,0.16,1.0,47.35,1173,45.0,14.0,45.0,98.0,16.0,100.0,Qualified Applicant,"['Mid-to-Senior (9 yrs)', 'Advanced degree (Masters)', 'STEM discipline', 'Domain-relevant experience']",0,Stable in Role
20035,city_21,0.624,,No relevent experience,Full time course,Graduate,STEM,<1,,,2,104,0.6287878787878788,0.6287878787878788,0.5,0.025,0.7999999999999999,0.52,0.35,47.33,1174,44.9,62.9,2.5,80.0,52.0,35.0,Qualified Applicant,"['Open to progression', '0 yrs exp', 'STEM discipline', 'Committed upskiller (104 hrs)']",1,Ready for Transition
30826,city_103,0.92,Male,Has relevent experience,no_enrollment,Graduate,STEM,13,100-500,Funded Startup,2,42,0.0847457627118644,0.0847457627118644,13.0,0.65,0.7999999999999999,0.21,1.0,47.32,1175,44.9,8.5,65.0,80.0,21.0,100.0,Senior Specialist,"['Mid-to-Senior (13 yrs)', 'STEM discipline', 'Domain-relevant experience']",0,Stable in Role
12462,city_21,0.624,Male,Has relevent experience,,Graduate,STEM,<1,50-99,Pvt Ltd,1,5,0.5838509316770185,0.5838509316770185,0.5,0.025,0.7999999999999999,0.025,1.0,47.31,1176,44.8,58.4,2.5,80.0,2.5,100.0,Qualified Applicant,"['Open to progression', '0 yrs exp', 'STEM discipline', 'Domain-relevant experience']",1,Ready for Transition
27163,city_173,0.878,Male,No relevent experience,no_enrollment,Masters,STEM,16,<10,Pvt Ltd,>4,58,0.037037037037037035,0.037037037037037035,16.0,0.8,0.98,0.29,0.35,47.3,1177,44.8,3.7,80.0,98.0,29.0,35.0,Senior Specialist,"['Deep seniority (16+ yrs)', 'Advanced degree (Masters)', 'STEM discipline']",0,Stable in Role
795,city_103,0.92,Male,No relevent experience,Full time course,Graduate,STEM,7,10000+,Public Sector,1,10,0.5289855072463768,0.5289855072463768,7.0,0.35,0.7999999999999999,0.05,0.35,47.26,1178,44.7,52.9,35.0,80.0,5.0,35.0,Qualified Applicant,"['Open to progression', '7 yrs exp', 'STEM discipline']",1,Ready for Transition
7626,city_11,0.55,,No relevent experience,Full time course,Graduate,STEM,3,,,,40,0.6287878787878788,0.6287878787878788,3.0,0.15,0.7999999999999999,0.2,0.35,47.26,1178,44.7,62.9,15.0,80.0,20.0,35.0,Qualified Applicant,"['Open to progression', '3 yrs exp', 'STEM discipline']",1,Ready for Transition
10050,city_103,0.92,Male,Has relevent experience,no_enrollment,Masters,STEM,10,10000+,Pvt Ltd,>4,20,0.11859838274932614,0.11859838274932614,10.0,0.5,0.98,0.1,1.0,47.25,1180,44.6,11.9,50.0,98.0,10.0,100.0,Qualified Applicant,"['Mid-to-Senior (10 yrs)', 'Advanced degree (Masters)', 'STEM discipline', 'Domain-relevant experience']",0,Stable in Role
20767,city_67,0.855,,Has relevent experience,no_enrollment,Graduate,STEM,12,,,1,42,0.11859838274932614,0.11859838274932614,12.0,0.6,0.7999999999999999,0.21,1.0,47.25,1180,44.6,11.9,60.0,80.0,21.0,100.0,Senior Specialist,"['Mid-to-Senior (12 yrs)', 'STEM discipline', 'Domain-relevant experience']",0,Stable in Role
29762,city_162,0.767,Male,Has relevent experience,Full time course,Graduate,STEM,6,10/49,Funded Startup,1,155,0.17117117117117117,0.17117117117117117,6.0,0.3,0.7999999999999999,0.775,1.0,47.24,1182,44.5,17.1,30.0,80.0,77.5,100.0,Qualified Applicant,"['6 yrs exp', 'STEM discipline', 'Committed upskiller (155 hrs)', 'Domain-relevant experience']",0,Stable in Role
23986,city_128,0.527,Male,No relevent experience,no_enrollment,Masters,STEM,<1,,,1,30,0.6287878787878788,0.6287878787878788,0.5,0.025,0.98,0.15,0.35,47.23,1183,44.5,62.9,2.5,98.0,15.0,35.0,Qualified Applicant,"['Open to progression', '0 yrs exp', 'Advanced degree (Masters)', 'STEM discipline']",1,Ready for Transition
11514,city_114,0.926,Male,Has relevent experience,no_enrollment,Masters,STEM,11,50-99,Pvt Ltd,3,18,0.0847457627118644,0.0847457627118644,11.0,0.55,0.98,0.09,1.0,47.22,1184,44.4,8.5,55.0,98.0,9.0,100.0,Qualified Applicant,"['Mid-to-Senior (11 yrs)', 'Advanced degree (Masters)', 'STEM discipline', 'Domain-relevant experience']",0,Stable in Role
30109,city_103,0.92,Male,No relevent experience,Full time course,Graduate,STEM,4,,,1,14,0.6287878787878788,0.6287878787878788,4.0,0.2,0.7999999999999999,0.07,0.35,47.21,1185,44.4,62.9,20.0,80.0,7.0,35.0,Qualified Applicant,"['Open to progression', '4 yrs exp', 'STEM discipline']",1,Ready for Transition
33033,city_103,0.92,Male,Has relevent experience,no_enrollment,Graduate,Humanities,3,,,1,12,0.5384615384615384,0.5384615384615384,3.0,0.15,0.7,0.06,1.0,47.2,1186,44.3,53.8,15.0,70.0,6.0,100.0,Qualified Applicant,"['Open to progression', '3 yrs exp', 'Domain-relevant experience']",1,Ready for Transition
32635,city_159,0.843,Male,No relevent experience,Full time course,Graduate,STEM,5,,,never,52,0.5384615384615384,0.5384615384615384,5.0,0.25,0.7999999999999999,0.26,0.35,47.2,1186,44.3,53.8,25.0,80.0,26.0,35.0,Qualified Applicant,"['Open to progression', '5 yrs exp', 'STEM discipline']",1,Ready for Transition
21604,city_21,0.624,Female,No relevent experience,no_enrollment,Graduate,STEM,<1,100-500,Public Sector,never,101,0.6287878787878788,0.6287878787878788,0.5,0.025,0.7999999999999999,0.505,0.35,47.18,1188,44.2,62.9,2.5,80.0,50.5,35.0,Qualified Applicant,"['Open to progression', '0 yrs exp', 'STEM discipline', 'Committed upskiller (101 hrs)']",1,Ready for Transition
26433,city_67,0.855,,Has relevent experience,Part time course,Graduate,STEM,9,100-500,Pvt Ltd,1,139,0.0847457627118644,0.0847457627118644,9.0,0.45,0.7999999999999999,0.695,1.0,47.17,1189,44.2,8.5,45.0,80.0,69.5,100.0,Qualified Applicant,"['Mid-to-Senior (9 yrs)', 'STEM discipline', 'Committed upskiller (139 hrs)', 'Domain-relevant experience']",0,Stable in Role
30913,city_103,0.92,Male,No relevent experience,no_enrollment,Graduate,STEM,>20,<10,Pvt Ltd,>4,19,0.049019607843137254,0.049019607843137254,22.0,1.0,0.7999999999999999,0.095,0.35,47.17,1189,44.2,4.9,100.0,80.0,9.5,35.0,Senior Specialist,"['Deep seniority (22+ yrs)', 'STEM discipline']",0,Stable in Role
26151,city_75,0.939,Male,Has relevent experience,no_enrollment,Graduate,Arts,15,100-500,Pvt Ltd,1,54,0.049019607843137254,0.049019607843137254,15.0,0.75,0.7,0.27,1.0,47.17,1189,44.2,4.9,75.0,70.0,27.0,100.0,Senior Specialist,"['Deep seniority (15+ yrs)', 'Domain-relevant experience']",0,Stable in Role
13836,city_138,0.836,Male,Has relevent experience,no_enrollment,Graduate,STEM,15,100-500,Pvt Ltd,1,13,0.049019607843137254,0.049019607843137254,15.0,0.75,0.7999999999999999,0.065,1.0,47.12,1192,44.1,4.9,75.0,80.0,6.5,100.0,Senior Specialist,"['Deep seniority (15+ yrs)', 'STEM discipline', 'Domain-relevant experience']",0,Stable in Role
10469,city_103,0.92,Male,No relevent experience,Full time course,Graduate,STEM,4,,,1,12,0.6287878787878788,0.6287878787878788,4.0,0.2,0.7999999999999999,0.06,0.35,47.11,1193,44.0,62.9,20.0,80.0,6.0,35.0,Qualified Applicant,"['Open to progression', '4 yrs exp', 'STEM discipline']",1,Ready for Transition
15293,city_103,0.92,Male,No relevent experience,Full time course,Graduate,STEM,1,,,never,101,0.6077348066298343,0.6077348066298343,1.0,0.05,0.7999999999999999,0.505,0.35,47.07,1194,43.9,60.8,5.0,80.0,50.5,35.0,Qualified Applicant,"['Open to progression', '1 yrs exp', 'STEM discipline', 'Committed upskiller (101 hrs)']",1,Ready for Transition
14867,city_36,0.893,Male,Has relevent experience,no_enrollment,Masters,STEM,11,500-999,Pvt Ltd,never,40,0.049019607843137254,0.049019607843137254,11.0,0.55,0.98,0.2,1.0,47.07,1194,43.9,4.9,55.0,98.0,20.0,100.0,Qualified Applicant,"['Mid-to-Senior (11 yrs)', 'Advanced degree (Masters)', 'STEM discipline', 'Domain-relevant experience']",0,Stable in Role
28427,city_160,0.92,,No relevent experience,Part time course,Masters,Humanities,16,10000+,Public Sector,1,60,0.0847457627118644,0.0847457627118644,16.0,0.8,0.88,0.3,0.35,47.07,1194,43.9,8.5,80.0,88.0,30.0,35.0,Senior Specialist,"['Deep seniority (16+ yrs)', 'Advanced degree (Masters)']",0,Stable in Role
18013,city_16,0.91,,Has relevent experience,Full time course,Graduate,STEM,6,,,1,78,0.27564102564102566,0.27564102564102566,6.0,0.3,0.7999999999999999,0.39,1.0,47.05,1197,43.8,27.6,30.0,80.0,39.0,100.0,Qualified Applicant,"['6 yrs exp', 'STEM discipline', 'Domain-relevant experience']",0,Stable in Role
366,city_176,0.764,Male,No relevent experience,no_enrollment,Graduate,STEM,3,,,1,50,0.6077348066298343,0.6077348066298343,3.0,0.15,0.7999999999999999,0.25,0.35,47.02,1198,43.8,60.8,15.0,80.0,25.0,35.0,Qualified Applicant,"['Open to progression', '3 yrs exp', 'STEM discipline']",1,Ready for Transition
1304,city_138,0.836,,Has relevent experience,no_enrollment,Graduate,STEM,12,<10,Pvt Ltd,>4,86,0.049019607843137254,0.049019607843137254,12.0,0.6,0.7999999999999999,0.43,1.0,47.02,1198,43.8,4.9,60.0,80.0,43.0,100.0,Senior Specialist,"['Mid-to-Senior (12 yrs)', 'STEM discipline', 'Committed upskiller (86 hrs)', 'Domain-relevant experience']",0,Stable in Role
4806,city_114,0.926,Male,No relevent experience,no_enrollment,Masters,Humanities,18,100-500,Pvt Ltd,>4,19,0.07035175879396985,0.07035175879396985,18.0,0.9,0.88,0.095,0.35,47.01,1200,43.7,7.0,90.0,88.0,9.5,35.0,Senior Specialist,"['Deep seniority (18+ yrs)', 'Advanced degree (Masters)']",0,Stable in Role
6294,city_73,0.754,,Has relevent experience,no_enrollment,High School,,>20,50-99,Pvt Ltd,2,31,0.07035175879396985,0.07035175879396985,22.0,1.0,0.4,0.155,1.0,47.01,1200,43.7,7.0,100.0,40.0,15.5,100.0,Senior Specialist,"['Deep seniority (22+ yrs)', 'Domain-relevant experience']",0,Stable in Role
31896,city_103,0.92,Male,No relevent experience,no_enrollment,Phd,STEM,15,100-500,Public Sector,>4,12,0.11859838274932614,0.11859838274932614,15.0,0.75,1.0,0.06,0.35,47.0,1202,43.6,11.9,75.0,100.0,6.0,35.0,Senior Specialist,"['Deep seniority (15+ yrs)', 'Advanced degree (Phd)', 'STEM discipline']",0,Stable in Role
13726,city_90,0.698,Male,No relevent experience,no_enrollment,Graduate,STEM,13,<10,,2,105,0.17117117117117117,0.17117117117117117,13.0,0.65,0.7999999999999999,0.525,0.35,46.99,1203,43.5,17.1,65.0,80.0,52.5,35.0,Senior Specialist,"['Mid-to-Senior (13 yrs)', 'STEM discipline', 'Committed upskiller (105 hrs)']",0,Stable in Role
28735,city_103,0.92,Male,Has relevent experience,no_enrollment,Graduate,STEM,13,100-500,Pvt Ltd,1,35,0.0847457627118644,0.0847457627118644,13.0,0.65,0.7999999999999999,0.175,1.0,46.97,1204,43.5,8.5,65.0,80.0,17.5,100.0,Senior Specialist,"['Mid-to-Senior (13 yrs)', 'STEM discipline', 'Domain-relevant experience']",0,Stable in Role
4062,city_36,0.893,Male,Has relevent experience,Full time course,Masters,STEM,10,1000-4999,Public Sector,4,42,0.07894736842105263,0.07894736842105263,10.0,0.5,0.98,0.21,1.0,46.96,1205,43.4,7.9,50.0,98.0,21.0,100.0,Qualified Applicant,"['Mid-to-Senior (10 yrs)', 'Advanced degree (Masters)', 'STEM discipline', 'Domain-relevant experience']",0,Stable in Role
21728,city_57,0.866,Male,Has relevent experience,no_enrollment,Masters,STEM,10,100-500,,1,32,0.09259259259259259,0.09259259259259259,10.0,0.5,0.98,0.16,1.0,46.94,1206,43.4,9.3,50.0,98.0,16.0,100.0,Qualified Applicant,"['Mid-to-Senior (10 yrs)', 'Advanced degree (Masters)', 'STEM discipline', 'Domain-relevant experience']",0,Stable in Role
25999,city_65,0.802,Male,No relevent experience,Full time course,Graduate,STEM,4,,,1,40,0.5838509316770185,0.5838509316770185,4.0,0.2,0.7999999999999999,0.2,0.35,46.93,1207,43.4,58.4,20.0,80.0,20.0,35.0,Qualified Applicant,"['Open to progression', '4 yrs exp', 'STEM discipline']",1,Ready for Transition
9208,city_21,0.624,,No relevent experience,Part time course,Graduate,STEM,2,10/49,Pvt Ltd,1,58,0.6287878787878788,0.6287878787878788,2.0,0.1,0.7999999999999999,0.29,0.35,46.91,1208,43.3,62.9,10.0,80.0,29.0,35.0,Qualified Applicant,"['Open to progression', '2 yrs exp', 'STEM discipline']",1,Ready for Transition
288,city_98,0.949,Male,Has relevent experience,no_enrollment,Graduate,STEM,15,50-99,Pvt Ltd,>4,8,0.049019607843137254,0.049019607843137254,15.0,0.75,0.7999999999999999,0.04,1.0,46.87,1209,43.3,4.9,75.0,80.0,4.0,100.0,Senior Specialist,"['Deep seniority (15+ yrs)', 'STEM discipline', 'Domain-relevant experience']",0,Stable in Role
14585,city_21,0.624,,Has relevent experience,no_enrollment,Graduate,STEM,2,10000+,Pvt Ltd,never,112,0.3644859813084112,0.3644859813084112,2.0,0.1,0.7999999999999999,0.56,1.0,46.86,1210,43.2,36.4,10.0,80.0,56.0,100.0,Qualified Applicant,"['2 yrs exp', 'STEM discipline', 'Committed upskiller (112 hrs)', 'Domain-relevant experience']",0,Stable in Role
32278,city_2,0.7879999999999999,Male,No relevent experience,Part time course,Graduate,STEM,2,,,2,88,0.5838509316770185,0.5838509316770185,2.0,0.1,0.7999999999999999,0.44,0.35,46.83,1211,43.1,58.4,10.0,80.0,44.0,35.0,Qualified Applicant,"['Open to progression', '2 yrs exp', 'STEM discipline', 'Committed upskiller (88 hrs)']",1,Ready for Transition
2122,city_21,0.624,,No relevent experience,Full time course,Graduate,STEM,5,,Pvt Ltd,never,13,0.5838509316770185,0.5838509316770185,5.0,0.25,0.7999999999999999,0.065,0.35,46.83,1211,43.1,58.4,25.0,80.0,6.5,35.0,Qualified Applicant,"['Open to progression', '5 yrs exp', 'STEM discipline']",1,Ready for Transition
18517,city_21,0.624,,No relevent experience,Full time course,Masters,STEM,<1,10/49,Pvt Ltd,1,22,0.6287878787878788,0.6287878787878788,0.5,0.025,0.98,0.11,0.35,46.83,1211,43.1,62.9,2.5,98.0,11.0,35.0,Qualified Applicant,"['Open to progression', '0 yrs exp', 'Advanced degree (Masters)', 'STEM discipline']",1,Ready for Transition
2421,city_21,0.624,,No relevent experience,no_enrollment,Graduate,STEM,5,50-99,Pvt Ltd,1,10,0.5838509316770185,0.5838509316770185,5.0,0.25,0.7999999999999999,0.05,0.35,46.68,1214,43.0,58.4,25.0,80.0,5.0,35.0,Qualified Applicant,"['Open to progression', '5 yrs exp', 'STEM discipline']",1,Ready for Transition
6615,city_21,0.624,Male,No relevent experience,Part time course,Graduate,STEM,2,<10,Pvt Ltd,1,68,0.6077348066298343,0.6077348066298343,2.0,0.1,0.7999999999999999,0.34,0.35,46.67,1215,42.9,60.8,10.0,80.0,34.0,35.0,Qualified Applicant,"['Open to progression', '2 yrs exp', 'STEM discipline']",1,Ready for Transition
1928,city_21,0.624,,No relevent experience,Full time course,Graduate,STEM,4,,,never,18,0.6077348066298343,0.6077348066298343,4.0,0.2,0.7999999999999999,0.09,0.35,46.67,1215,42.9,60.8,20.0,80.0,9.0,35.0,Qualified Applicant,"['Open to progression', '4 yrs exp', 'STEM discipline']",1,Ready for Transition
1206,city_160,0.92,Male,Has relevent experience,no_enrollment,Graduate,STEM,13,50-99,Pvt Ltd,>4,54,0.049019607843137254,0.049019607843137254,13.0,0.65,0.7999999999999999,0.27,1.0,46.67,1215,42.9,4.9,65.0,80.0,27.0,100.0,Senior Specialist,"['Mid-to-Senior (13 yrs)', 'STEM discipline', 'Domain-relevant experience']",0,Stable in Role
26963,city_103,0.92,Male,Has relevent experience,no_enrollment,Graduate,STEM,12,<10,Early Stage Startup,1,79,0.049019607843137254,0.049019607843137254,12.0,0.6,0.7999999999999999,0.395,1.0,46.67,1215,42.9,4.9,60.0,80.0,39.5,100.0,Senior Specialist,"['Mid-to-Senior (12 yrs)', 'STEM discipline', 'Domain-relevant experience']",0,Stable in Role
13103,city_103,0.92,Female,Has relevent experience,no_enrollment,Graduate,STEM,13,10000+,Pvt Ltd,3,5,0.11859838274932614,0.11859838274932614,13.0,0.65,0.7999999999999999,0.025,1.0,46.65,1219,42.7,11.9,65.0,80.0,2.5,100.0,Senior Specialist,"['Mid-to-Senior (13 yrs)', 'STEM discipline', 'Domain-relevant experience']",0,Stable in Role
14832,city_11,0.55,,Has relevent experience,no_enrollment,Graduate,STEM,8,<10,Public Sector,1,20,0.27564102564102566,0.27564102564102566,8.0,0.4,0.7999999999999999,0.1,1.0,46.65,1219,42.7,27.6,40.0,80.0,10.0,100.0,Qualified Applicant,"['Mid-to-Senior (8 yrs)', 'STEM discipline', 'Domain-relevant experience']",0,Stable in Role
6167,city_103,0.92,Male,Has relevent experience,no_enrollment,Graduate,No Major,14,50-99,,1,20,0.11859838274932614,0.11859838274932614,14.0,0.7,0.7,0.1,1.0,46.65,1219,42.7,11.9,70.0,70.0,10.0,100.0,Senior Specialist,"['Mid-to-Senior (14 yrs)', 'Domain-relevant experience']",0,Stable in Role
10304,city_103,0.92,Male,Has relevent experience,no_enrollment,Masters,STEM,10,,Public Sector,1,31,0.0847457627118644,0.0847457627118644,10.0,0.5,0.98,0.155,1.0,46.62,1222,42.6,8.5,50.0,98.0,15.5,100.0,Qualified Applicant,"['Mid-to-Senior (10 yrs)', 'Advanced degree (Masters)', 'STEM discipline', 'Domain-relevant experience']",0,Stable in Role
28936,city_90,0.698,Male,Has relevent experience,no_enrollment,Graduate,STEM,12,<10,,,52,0.0847457627118644,0.0847457627118644,12.0,0.6,0.7999999999999999,0.26,1.0,46.57,1223,42.5,8.5,60.0,80.0,26.0,100.0,Senior Specialist,"['Mid-to-Senior (12 yrs)', 'STEM discipline', 'Domain-relevant experience']",0,Stable in Role
6464,city_75,0.939,Male,Has relevent experience,no_enrollment,Graduate,STEM,13,50-99,Pvt Ltd,4,52,0.049019607843137254,0.049019607843137254,13.0,0.65,0.7999999999999999,0.26,1.0,46.57,1223,42.5,4.9,65.0,80.0,26.0,100.0,Senior Specialist,"['Mid-to-Senior (13 yrs)', 'STEM discipline', 'Domain-relevant experience']",0,Stable in Role
32795,city_128,0.527,,No relevent experience,Full time course,Graduate,STEM,3,,,1,41,0.6077348066298343,0.6077348066298343,3.0,0.15,0.7999999999999999,0.205,0.35,46.57,1223,42.5,60.8,15.0,80.0,20.5,35.0,Qualified Applicant,"['Open to progression', '3 yrs exp', 'STEM discipline']",1,Ready for Transition
32636,city_21,0.624,,No relevent experience,no_enrollment,Masters,STEM,2,50-99,Pvt Ltd,2,18,0.5733333333333334,0.5733333333333334,2.0,0.1,0.98,0.09,0.35,46.57,1223,42.5,57.3,10.0,98.0,9.0,35.0,Qualified Applicant,"['Open to progression', '2 yrs exp', 'Advanced degree (Masters)', 'STEM discipline']",1,Ready for Transition
9098,city_123,0.738,,Has relevent experience,Full time course,Masters,STEM,10,1000-4999,Pvt Ltd,1,6,0.11859838274932614,0.11859838274932614,10.0,0.5,0.98,0.03,1.0,46.55,1227,42.4,11.9,50.0,98.0,3.0,100.0,Qualified Applicant,"['Mid-to-Senior (10 yrs)', 'Advanced degree (Masters)', 'STEM discipline', 'Domain-relevant experience']",0,Stable in Role
828,city_103,0.92,Male,Has relevent experience,no_enrollment,High School,,>20,50-99,Pvt Ltd,>4,36,0.049019607843137254,0.049019607843137254,22.0,1.0,0.4,0.18,1.0,46.52,1228,42.3,4.9,100.0,40.0,18.0,100.0,Senior Specialist,"['Deep seniority (22+ yrs)', 'Domain-relevant experience']",0,Stable in Role
1097,city_103,0.92,Male,Has relevent experience,no_enrollment,Graduate,STEM,12,50-99,Pvt Ltd,4,51,0.0847457627118644,0.0847457627118644,12.0,0.6,0.7999999999999999,0.255,1.0,46.52,1228,42.3,8.5,60.0,80.0,25.5,100.0,Senior Specialist,"['Mid-to-Senior (12 yrs)', 'STEM discipline', 'Domain-relevant experience']",0,Stable in Role
37,city_103,0.92,Male,No relevent experience,Full time course,Graduate,STEM,3,,,never,40,0.6077348066298343,0.6077348066298343,3.0,0.15,0.7999999999999999,0.2,0.35,46.52,1228,42.3,60.8,15.0,80.0,20.0,35.0,Qualified Applicant,"['Open to progression', '3 yrs exp', 'STEM discipline']",1,Ready for Transition
27239,city_21,0.624,Male,No relevent experience,,Graduate,STEM,1,,Pvt Ltd,1,90,0.6077348066298343,0.6077348066298343,1.0,0.05,0.7999999999999999,0.45,0.35,46.52,1228,42.3,60.8,5.0,80.0,45.0,35.0,Qualified Applicant,"['Open to progression', '1 yrs exp', 'STEM discipline', 'Committed upskiller (90 hrs)']",1,Ready for Transition
19294,city_103,0.92,Male,Has relevent experience,no_enrollment,Masters,STEM,7,5000-9999,Pvt Ltd,2,80,0.11859838274932614,0.11859838274932614,7.0,0.35,0.98,0.4,1.0,46.5,1232,42.2,11.9,35.0,98.0,40.0,100.0,Qualified Applicant,"['7 yrs exp', 'Advanced degree (Masters)', 'STEM discipline', 'Committed upskiller (80 hrs)']",0,Stable in Role
33236,city_36,0.893,Male,Has relevent experience,Part time course,Graduate,STEM,13,10/49,Funded Startup,1,50,0.049019607843137254,0.049019607843137254,13.0,0.65,0.7999999999999999,0.25,1.0,46.47,1233,42.1,4.9,65.0,80.0,25.0,100.0,Senior Specialist,"['Mid-to-Senior (13 yrs)', 'STEM discipline', 'Domain-relevant experience']",0,Stable in Role
16287,city_21,0.624,Male,Has relevent experience,Full time course,Graduate,,3,50-99,Funded Startup,1,4,0.5289855072463768,0.5289855072463768,3.0,0.15,0.7,0.02,1.0,46.46,1234,42.1,52.9,15.0,70.0,2.0,100.0,Qualified Applicant,"['Open to progression', '3 yrs exp', 'Domain-relevant experience']",1,Ready for Transition
8377,city_16,0.91,Male,Has relevent experience,no_enrollment,Graduate,STEM,13,100-500,Pvt Ltd,2,24,0.0847457627118644,0.0847457627118644,13.0,0.65,0.7999999999999999,0.12,1.0,46.42,1235,42.0,8.5,65.0,80.0,12.0,100.0,Senior Specialist,"['Mid-to-Senior (13 yrs)', 'STEM discipline', 'Domain-relevant experience']",0,Stable in Role
19032,city_159,0.843,Male,No relevent experience,no_enrollment,Graduate,STEM,16,10000+,Pvt Ltd,4,89,0.07035175879396985,0.07035175879396985,16.0,0.8,0.7999999999999999,0.445,0.35,46.41,1236,42.0,7.0,80.0,80.0,44.5,35.0,Senior Specialist,"['Deep seniority (16+ yrs)', 'STEM discipline', 'Committed upskiller (89 hrs)']",0,Stable in Role
12189,city_74,0.579,Male,No relevent experience,Full time course,Graduate,STEM,3,,,2,54,0.5838509316770185,0.5838509316770185,3.0,0.15,0.7999999999999999,0.27,0.35,46.38,1237,41.9,58.4,15.0,80.0,27.0,35.0,Qualified Applicant,"['Open to progression', '3 yrs exp', 'STEM discipline']",1,Ready for Transition
26448,city_23,0.899,Male,No relevent experience,Full time course,Masters,STEM,13,10/49,Pvt Ltd,>4,106,0.049019607843137254,0.049019607843137254,13.0,0.65,0.98,0.53,0.35,46.37,1238,41.9,4.9,65.0,98.0,53.0,35.0,Senior Specialist,"['Mid-to-Senior (13 yrs)', 'Advanced degree (Masters)', 'STEM discipline', 'Committed upskiller (106 hrs)']",0,Stable in Role
24815,city_103,0.92,,Has relevent experience,no_enrollment,Masters,STEM,7,500-999,Pvt Ltd,4,77,0.11859838274932614,0.11859838274932614,7.0,0.35,0.98,0.385,1.0,46.35,1239,41.9,11.9,35.0,98.0,38.5,100.0,Qualified Applicant,"['7 yrs exp', 'Advanced degree (Masters)', 'STEM discipline', 'Domain-relevant experience']",0,Stable in Role
33277,city_11,0.55,,No relevent experience,no_enrollment,Masters,STEM,<1,,,1,12,0.6287878787878788,0.6287878787878788,0.5,0.025,0.98,0.06,0.35,46.33,1240,41.8,62.9,2.5,98.0,6.0,35.0,Qualified Applicant,"['Open to progression', '0 yrs exp', 'Advanced degree (Masters)', 'STEM discipline']",1,Ready for Transition
11481,city_103,0.92,Male,Has relevent experience,no_enrollment,Graduate,STEM,12,50-99,Pvt Ltd,1,62,0.06341130195650822,0.06341130195650822,12.0,0.6,0.7999999999999999,0.31,1.0,46.32,1241,41.7,6.3,60.0,80.0,31.0,100.0,Senior Specialist,"['Mid-to-Senior (12 yrs)', 'STEM discipline', 'Domain-relevant experience']",0,Stable in Role
17117,city_160,0.92,Male,Has relevent experience,no_enrollment,Graduate,STEM,11,<10,Pvt Ltd,3,72,0.0847457627118644,0.0847457627118644,11.0,0.55,0.7999999999999999,0.36,1.0,46.32,1241,41.7,8.5,55.0,80.0,36.0,100.0,Qualified Applicant,"['Mid-to-Senior (11 yrs)', 'STEM discipline', 'Domain-relevant experience']",0,Stable in Role
4586,city_21,0.624,Male,No relevent experience,Full time course,Graduate,STEM,2,,,1,46,0.6287878787878788,0.6287878787878788,2.0,0.1,0.7999999999999999,0.23,0.35,46.31,1243,41.6,62.9,10.0,80.0,23.0,35.0,Qualified Applicant,"['Open to progression', '2 yrs exp', 'STEM discipline']",1,Ready for Transition
6963,city_65,0.802,Female,Has relevent experience,no_enrollment,Graduate,STEM,14,100-500,Pvt Ltd,1,7,0.07035175879396985,0.07035175879396985,14.0,0.7,0.7999999999999999,0.035,1.0,46.31,1243,41.6,7.0,70.0,80.0,3.5,100.0,Senior Specialist,"['Mid-to-Senior (14 yrs)', 'STEM discipline', 'Domain-relevant experience']",0,Stable in Role
21189,city_13,0.8270000000000001,Male,Has relevent experience,no_enrollment,Masters,STEM,9,100-500,Pvt Ltd,2,25,0.11859838274932614,0.11859838274932614,9.0,0.45,0.98,0.125,1.0,46.25,1245,41.5,11.9,45.0,98.0,12.5,100.0,Qualified Applicant,"['Mid-to-Senior (9 yrs)', 'Advanced degree (Masters)', 'STEM discipline', 'Domain-relevant experience']",0,Stable in Role
18565,city_21,0.624,Male,Has relevent experience,no_enrollment,Graduate,STEM,8,100-500,Public Sector,3,12,0.27564102564102566,0.27564102564102566,8.0,0.4,0.7999999999999999,0.06,1.0,46.25,1245,41.5,27.6,40.0,80.0,6.0,100.0,Qualified Applicant,"['Mid-to-Senior (8 yrs)', 'STEM discipline', 'Domain-relevant experience']",0,Stable in Role
10394,city_103,0.92,Male,Has relevent experience,no_enrollment,Graduate,Other,15,50-99,Funded Startup,1,10,0.0847457627118644,0.0847457627118644,15.0,0.75,0.7,0.05,1.0,46.22,1247,41.4,8.5,75.0,70.0,5.0,100.0,Senior Specialist,"['Deep seniority (15+ yrs)', 'Domain-relevant experience']",0,Stable in Role
13485,city_136,0.897,Male,Has relevent experience,no_enrollment,Masters,STEM,11,100-500,Pvt Ltd,2,23,0.049019607843137254,0.049019607843137254,11.0,0.55,0.98,0.115,1.0,46.22,1247,41.4,4.9,55.0,98.0,11.5,100.0,Qualified Applicant,"['Mid-to-Senior (11 yrs)', 'Advanced degree (Masters)', 'STEM discipline', 'Domain-relevant experience']",0,Stable in Role
875,city_160,0.92,,Has relevent experience,no_enrollment,Graduate,STEM,12,<10,Pvt Ltd,1,70,0.049019607843137254,0.049019607843137254,12.0,0.6,0.7999999999999999,0.35,1.0,46.22,1247,41.4,4.9,60.0,80.0,35.0,100.0,Senior Specialist,"['Mid-to-Senior (12 yrs)', 'STEM discipline', 'Domain-relevant experience']",0,Stable in Role
11392,city_103,0.92,Male,Has relevent experience,no_enrollment,Phd,STEM,7,100-500,NGO,2,90,0.0847457627118644,0.0847457627118644,7.0,0.35,1.0,0.45,1.0,46.22,1247,41.4,8.5,35.0,100.0,45.0,100.0,Qualified Applicant,"['7 yrs exp', 'Advanced degree (Phd)', 'STEM discipline', 'Committed upskiller (90 hrs)']",0,Stable in Role
25914,city_21,0.624,,No relevent experience,Full time course,Graduate,STEM,3,,,never,19,0.6287878787878788,0.6287878787878788,3.0,0.15,0.7999999999999999,0.095,0.35,46.21,1251,41.3,62.9,15.0,80.0,9.5,35.0,Qualified Applicant,"['Open to progression', '3 yrs exp', 'STEM discipline']",1,Ready for Transition
4377,city_145,0.555,,No relevent experience,Full time course,Graduate,STEM,3,,,1,19,0.6287878787878788,0.6287878787878788,3.0,0.15,0.7999999999999999,0.095,0.35,46.21,1251,41.3,62.9,15.0,80.0,9.5,35.0,Qualified Applicant,"['Open to progression', '3 yrs exp', 'STEM discipline']",1,Ready for Transition
5258,city_21,0.624,,No relevent experience,Full time course,Graduate,STEM,4,1000-4999,Pvt Ltd,2,25,0.5838509316770185,0.5838509316770185,4.0,0.2,0.7999999999999999,0.125,0.35,46.18,1253,41.2,58.4,20.0,80.0,12.5,35.0,Qualified Applicant,"['Open to progression', '4 yrs exp', 'STEM discipline']",1,Ready for Transition
16419,city_114,0.926,Female,Has relevent experience,no_enrollment,Graduate,Humanities,9,100-500,Pvt Ltd,1,184,0.049019607843137254,0.049019607843137254,9.0,0.45,0.7,0.92,1.0,46.17,1254,41.1,4.9,45.0,70.0,92.0,100.0,Qualified Applicant,"['Mid-to-Senior (9 yrs)', 'Committed upskiller (184 hrs)', 'Domain-relevant experience']",0,Stable in Role
10348,city_103,0.92,Male,No relevent experience,no_enrollment,Graduate,STEM,18,50-99,Pvt Ltd,>4,28,0.07894736842105263,0.07894736842105263,18.0,0.9,0.7999999999999999,0.14,0.35,46.16,1255,41.1,7.9,90.0,80.0,14.0,35.0,Senior Specialist,"['Deep seniority (18+ yrs)', 'STEM discipline']",0,Stable in Role
14566,city_69,0.856,Female,Has relevent experience,Part time course,Graduate,STEM,7,500-999,Pvt Ltd,1,145,0.11859838274932614,0.11859838274932614,7.0,0.35,0.7999999999999999,0.725,1.0,46.15,1256,41.0,11.9,35.0,80.0,72.5,100.0,Qualified Applicant,"['7 yrs exp', 'STEM discipline', 'Committed upskiller (145 hrs)', 'Domain-relevant experience']",0,Stable in Role
11444,city_90,0.698,,No relevent experience,no_enrollment,Graduate,STEM,10,100-500,Pvt Ltd,1,210,0.11859838274932614,0.11859838274932614,10.0,0.5,0.7999999999999999,1.0,0.35,46.15,1256,41.0,11.9,50.0,80.0,100.0,35.0,Qualified Applicant,"['Mid-to-Senior (10 yrs)', 'STEM discipline', 'Committed upskiller (210 hrs)']",0,Stable in Role
7903,city_158,0.7659999999999999,,Has relevent experience,no_enrollment,Graduate,STEM,10,100-500,Pvt Ltd,,33,0.17117117117117117,0.17117117117117117,10.0,0.5,0.7999999999999999,0.165,1.0,46.14,1258,41.0,17.1,50.0,80.0,16.5,100.0,Qualified Applicant,"['Mid-to-Senior (10 yrs)', 'STEM discipline', 'Domain-relevant experience']",0,Stable in Role
15359,city_103,0.92,,No relevent experience,Full time course,Graduate,STEM,2,,,never,74,0.5838509316770185,0.5838509316770185,2.0,0.1,0.7999999999999999,0.37,0.35,46.13,1259,40.9,58.4,10.0,80.0,37.0,35.0,Qualified Applicant,"['Open to progression', '2 yrs exp', 'STEM discipline']",1,Ready for Transition
3848,city_160,0.92,Male,Has relevent experience,no_enrollment,Graduate,STEM,13,50-99,Pvt Ltd,3,18,0.0847457627118644,0.0847457627118644,13.0,0.65,0.7999999999999999,0.09,1.0,46.12,1260,40.9,8.5,65.0,80.0,9.0,100.0,Senior Specialist,"['Mid-to-Senior (13 yrs)', 'STEM discipline', 'Domain-relevant experience']",0,Stable in Role
2744,city_16,0.91,Male,Has relevent experience,no_enrollment,High School,,19,500-999,Pvt Ltd,1,38,0.07035175879396985,0.07035175879396985,19.0,0.95,0.4,0.19,1.0,46.11,1261,40.8,7.0,95.0,40.0,19.0,100.0,Senior Specialist,"['Deep seniority (19+ yrs)', 'Domain-relevant experience']",0,Stable in Role
31672,city_126,0.479,Male,Has relevent experience,Full time course,,,<1,<10,Public Sector,1,29,0.6287878787878788,0.6287878787878788,0.5,0.025,0.6,0.145,1.0,46.08,1262,40.8,62.9,2.5,60.0,14.5,100.0,Qualified Applicant,"['Open to progression', '0 yrs exp', 'Domain-relevant experience']",1,Ready for Transition
18483,city_23,0.899,Male,Has relevent experience,no_enrollment,Graduate,STEM,12,,,1,18,0.11859838274932614,0.11859838274932614,12.0,0.6,0.7999999999999999,0.09,1.0,46.05,1263,40.7,11.9,60.0,80.0,9.0,100.0,Senior Specialist,"['Mid-to-Senior (12 yrs)', 'STEM discipline', 'Domain-relevant experience']",0,Stable in Role
7258,city_118,0.722,Male,Has relevent experience,no_enrollment,Graduate,STEM,2,10/49,,1,158,0.27564102564102566,0.27564102564102566,2.0,0.1,0.7999999999999999,0.79,1.0,46.05,1263,40.7,27.6,10.0,80.0,79.0,100.0,Qualified Applicant,"['2 yrs exp', 'STEM discipline', 'Committed upskiller (158 hrs)', 'Domain-relevant experience']",0,Stable in Role
9501,city_71,0.884,Male,Has relevent experience,no_enrollment,Graduate,STEM,5,100-500,,1,20,0.3644859813084112,0.3644859813084112,5.0,0.25,0.7999999999999999,0.1,1.0,46.01,1265,40.6,36.4,25.0,80.0,10.0,100.0,Qualified Applicant,"['5 yrs exp', 'STEM discipline', 'Domain-relevant experience']",0,Stable in Role
11728,city_16,0.91,Male,Has relevent experience,no_enrollment,Masters,STEM,10,100-500,Pvt Ltd,>4,23,0.07894736842105263,0.07894736842105263,10.0,0.5,0.98,0.115,1.0,46.01,1265,40.6,7.9,50.0,98.0,11.5,100.0,Qualified Applicant,"['Mid-to-Senior (10 yrs)', 'Advanced degree (Masters)', 'STEM discipline', 'Domain-relevant experience']",0,Stable in Role
13603,city_16,0.91,,Has relevent experience,no_enrollment,Graduate,STEM,12,100-500,,1,17,0.11859838274932614,0.11859838274932614,12.0,0.6,0.7999999999999999,0.085,1.0,46.0,1267,40.5,11.9,60.0,80.0,8.5,100.0,Senior Specialist,"['Mid-to-Senior (12 yrs)', 'STEM discipline', 'Domain-relevant experience']",0,Stable in Role
2575,city_158,0.7659999999999999,Male,Has relevent experience,no_enrollment,Graduate,STEM,5,50-99,Pvt Ltd,1,155,0.17117117117117117,0.17117117117117117,5.0,0.25,0.7999999999999999,0.775,1.0,45.99,1268,40.5,17.1,25.0,80.0,77.5,100.0,Qualified Applicant,"['5 yrs exp', 'STEM discipline', 'Committed upskiller (155 hrs)', 'Domain-relevant experience']",0,Stable in Role
818,city_103,0.92,Female,No relevent experience,no_enrollment,Graduate,Humanities,>20,10000+,Pvt Ltd,4,10,0.0847457627118644,0.0847457627118644,22.0,1.0,0.7,0.05,0.35,45.97,1269,40.4,8.5,100.0,70.0,5.0,35.0,Senior Specialist,['Deep seniority (22+ yrs)'],0,Stable in Role
25714,city_173,0.878,Male,No relevent experience,no_enrollment,Masters,STEM,6,,,2,52,0.3644859813084112,0.3644859813084112,6.0,0.3,0.98,0.26,0.35,45.96,1270,40.4,36.4,30.0,98.0,26.0,35.0,Qualified Applicant,"['6 yrs exp', 'Advanced degree (Masters)', 'STEM discipline']",0,Stable in Role
25544,city_16,0.91,Male,Has relevent experience,no_enrollment,Graduate,STEM,12,50-99,Pvt Ltd,1,64,0.049019607843137254,0.049019607843137254,12.0,0.6,0.7999999999999999,0.32,1.0,45.92,1271,40.3,4.9,60.0,80.0,32.0,100.0,Senior Specialist,"['Mid-to-Senior (12 yrs)', 'STEM discipline', 'Domain-relevant experience']",0,Stable in Role
27298,city_21,0.624,Male,No relevent experience,no_enrollment,Graduate,Arts,5,<10,Early Stage Startup,never,18,0.6077348066298343,0.6077348066298343,5.0,0.25,0.7,0.09,0.35,45.92,1271,40.3,60.8,25.0,70.0,9.0,35.0,Qualified Applicant,"['Open to progression', '5 yrs exp']",1,Ready for Transition
21057,city_103,0.92,Male,Has relevent experience,no_enrollment,Masters,STEM,9,50-99,Pvt Ltd,2,42,0.0847457627118644,0.0847457627118644,9.0,0.45,0.98,0.21,1.0,45.92,1271,40.3,8.5,45.0,98.0,21.0,100.0,Qualified Applicant,"['Mid-to-Senior (9 yrs)', 'Advanced degree (Masters)', 'STEM discipline', 'Domain-relevant experience']",0,Stable in Role
14070,city_103,0.92,,No relevent experience,no_enrollment,Graduate,STEM,5,,,never,10,0.5614035087719298,0.5614035087719298,5.0,0.25,0.7999999999999999,0.05,0.35,45.9,1274,40.2,56.1,25.0,80.0,5.0,35.0,Qualified Applicant,"['Open to progression', '5 yrs exp', 'STEM discipline']",1,Ready for Transition
13477,city_149,0.6890000000000001,Male,No relevent experience,no_enrollment,Graduate,STEM,4,,,1,35,0.5614035087719298,0.5614035087719298,4.0,0.2,0.7999999999999999,0.175,0.35,45.9,1274,40.2,56.1,20.0,80.0,17.5,35.0,Qualified Applicant,"['Open to progression', '4 yrs exp', 'STEM discipline']",1,Ready for Transition
21500,city_44,0.725,Male,No relevent experience,Part time course,Graduate,STEM,7,<10,Early Stage Startup,never,160,0.27564102564102566,0.27564102564102566,7.0,0.35,0.7999999999999999,0.8,0.35,45.9,1274,40.2,27.6,35.0,80.0,80.0,35.0,Qualified Applicant,"['7 yrs exp', 'STEM discipline', 'Committed upskiller (160 hrs)']",0,Stable in Role
20910,city_71,0.884,Other,No relevent experience,Full time course,Graduate,STEM,2,,,1,68,0.5838509316770185,0.5838509316770185,2.0,0.1,0.7999999999999999,0.34,0.35,45.83,1277,40.1,58.4,10.0,80.0,34.0,35.0,Qualified Applicant,"['Open to progression', '2 yrs exp', 'STEM discipline']",1,Ready for Transition
5266,city_102,0.804,Male,Has relevent experience,Part time course,Graduate,STEM,13,50-99,Pvt Ltd,1,12,0.0847457627118644,0.0847457627118644,13.0,0.65,0.7999999999999999,0.06,1.0,45.82,1278,40.0,8.5,65.0,80.0,6.0,100.0,Senior Specialist,"['Mid-to-Senior (13 yrs)', 'STEM discipline', 'Domain-relevant experience']",0,Stable in Role
33112,city_114,0.926,,Has relevent experience,no_enrollment,Masters,STEM,9,10/49,Pvt Ltd,1,40,0.0847457627118644,0.0847457627118644,9.0,0.45,0.98,0.2,1.0,45.82,1278,40.0,8.5,45.0,98.0,20.0,100.0,Qualified Applicant,"['Mid-to-Senior (9 yrs)', 'Advanced degree (Masters)', 'STEM discipline', 'Domain-relevant experience']",0,Stable in Role
10952,city_16,0.91,Male,No relevent experience,Full time course,Graduate,STEM,8,1000-4999,Public Sector,1,71,0.3644859813084112,0.3644859813084112,8.0,0.4,0.7999999999999999,0.355,0.35,45.81,1280,39.9,36.4,40.0,80.0,35.5,35.0,Qualified Applicant,"['Mid-to-Senior (8 yrs)', 'STEM discipline']",0,Stable in Role
12374,city_100,0.887,Male,Has relevent experience,no_enrollment,High School,,16,,,1,36,0.17117117117117117,0.17117117117117117,16.0,0.8,0.4,0.18,1.0,45.79,1281,39.9,17.1,80.0,40.0,18.0,100.0,Senior Specialist,"['Deep seniority (16+ yrs)', 'Domain-relevant experience']",0,Stable in Role
10663,city_114,0.926,Male,Has relevent experience,no_enrollment,Masters,STEM,11,1000-4999,Pvt Ltd,never,14,0.049019607843137254,0.049019607843137254,11.0,0.55,0.98,0.07,1.0,45.77,1282,39.8,4.9,55.0,98.0,7.0,100.0,Qualified Applicant,"['Mid-to-Senior (11 yrs)', 'Advanced degree (Masters)', 'STEM discipline', 'Domain-relevant experience']",0,Stable in Role
20571,city_114,0.926,Male,Has relevent experience,no_enrollment,Masters,STEM,10,10000+,Pvt Ltd,1,39,0.049019607843137254,0.049019607843137254,10.0,0.5,0.98,0.195,1.0,45.77,1282,39.8,4.9,50.0,98.0,19.5,100.0,Qualified Applicant,"['Mid-to-Senior (10 yrs)', 'Advanced degree (Masters)', 'STEM discipline', 'Domain-relevant experience']",0,Stable in Role
16713,city_103,0.92,Male,Has relevent experience,no_enrollment,Graduate,Arts,13,50-99,Pvt Ltd,>4,51,0.0847457627118644,0.0847457627118644,13.0,0.65,0.7,0.255,1.0,45.77,1282,39.8,8.5,65.0,70.0,25.5,100.0,Senior Specialist,"['Mid-to-Senior (13 yrs)', 'Domain-relevant experience']",0,Stable in Role
26985,city_115,0.789,Female,Has relevent experience,no_enrollment,Graduate,STEM,3,50-99,Pvt Ltd,1,246,0.17117117117117117,0.17117117117117117,3.0,0.15,0.7999999999999999,1.0,1.0,45.74,1285,39.7,17.1,15.0,80.0,100.0,100.0,Qualified Applicant,"['3 yrs exp', 'STEM discipline', 'Committed upskiller (246 hrs)', 'Domain-relevant experience']",0,Stable in Role
7679,city_21,0.624,,No relevent experience,Full time course,Graduate,STEM,2,,,never,66,0.5838509316770185,0.5838509316770185,2.0,0.1,0.7999999999999999,0.33,0.35,45.73,1286,39.6,58.4,10.0,80.0,33.0,35.0,Qualified Applicant,"['Open to progression', '2 yrs exp', 'STEM discipline']",1,Ready for Transition
30639,city_160,0.92,Other,Has relevent experience,Part time course,Graduate,Humanities,8,50-99,NGO,1,306,0.049019607843137254,0.049019607843137254,8.0,0.4,0.7,1.0,1.0,45.72,1287,39.6,4.9,40.0,70.0,100.0,100.0,Qualified Applicant,"['Mid-to-Senior (8 yrs)', 'Committed upskiller (306 hrs)', 'Domain-relevant experience']",0,Stable in Role
12951,city_71,0.884,,Has relevent experience,no_enrollment,Graduate,STEM,5,,,1,14,0.3644859813084112,0.3644859813084112,5.0,0.25,0.7999999999999999,0.07,1.0,45.71,1288,39.5,36.4,25.0,80.0,7.0,100.0,Qualified Applicant,"['5 yrs exp', 'STEM discipline', 'Domain-relevant experience']",0,Stable in Role
21012,city_103,0.92,Male,Has relevent experience,no_enrollment,Graduate,STEM,6,50-99,Pvt Ltd,2,184,0.0847457627118644,0.0847457627118644,6.0,0.3,0.7999999999999999,0.92,1.0,45.67,1289,39.5,8.5,30.0,80.0,92.0,100.0,Qualified Applicant,"['6 yrs exp', 'STEM discipline', 'Committed upskiller (184 hrs)', 'Domain-relevant experience']",0,Stable in Role
7636,city_103,0.92,,Has relevent experience,no_enrollment,Phd,STEM,9,10000+,Pvt Ltd,4,29,0.0847457627118644,0.0847457627118644,9.0,0.45,1.0,0.145,1.0,45.67,1289,39.5,8.5,45.0,100.0,14.5,100.0,Qualified Applicant,"['Mid-to-Senior (9 yrs)', 'Advanced degree (Phd)', 'STEM discipline', 'Domain-relevant experience']",0,Stable in Role
12810,city_103,0.92,Male,Has relevent experience,no_enrollment,Masters,STEM,11,1000-4999,Pvt Ltd,>4,12,0.049019607843137254,0.049019607843137254,11.0,0.55,0.98,0.06,1.0,45.67,1289,39.5,4.9,55.0,98.0,6.0,100.0,Qualified Applicant,"['Mid-to-Senior (11 yrs)', 'Advanced degree (Masters)', 'STEM discipline', 'Domain-relevant experience']",0,Stable in Role
4674,city_176,0.764,Female,No relevent experience,no_enrollment,Graduate,STEM,4,,,1,14,0.5838509316770185,0.5838509316770185,4.0,0.2,0.7999999999999999,0.07,0.35,45.63,1292,39.4,58.4,20.0,80.0,7.0,35.0,Qualified Applicant,"['Open to progression', '4 yrs exp', 'STEM discipline']",1,Ready for Transition
28319,city_114,0.926,Male,Has relevent experience,,Graduate,STEM,13,1000-4999,Pvt Ltd,1,33,0.049019607843137254,0.049019607843137254,13.0,0.65,0.7999999999999999,0.165,1.0,45.62,1293,39.3,4.9,65.0,80.0,16.5,100.0,Senior Specialist,"['Mid-to-Senior (13 yrs)', 'STEM discipline', 'Domain-relevant experience']",0,Stable in Role
32369,city_98,0.949,Male,Has relevent experience,no_enrollment,Graduate,STEM,11,50-99,Pvt Ltd,1,83,0.049019607843137254,0.049019607843137254,11.0,0.55,0.7999999999999999,0.415,1.0,45.62,1293,39.3,4.9,55.0,80.0,41.5,100.0,Qualified Applicant,"['Mid-to-Senior (11 yrs)', 'STEM discipline', 'Committed upskiller (83 hrs)', 'Domain-relevant experience']",0,Stable in Role
20333,city_19,0.682,Female,No relevent experience,no_enrollment,Graduate,STEM,3,100-500,NGO,1,83,0.5202752510673759,0.5202752510673759,3.0,0.15,0.7999999999999999,0.415,0.35,45.61,1295,39.2,52.0,15.0,80.0,41.5,35.0,Qualified Applicant,"['Open to progression', '3 yrs exp', 'STEM discipline', 'Committed upskiller (83 hrs)']",1,Ready for Transition
30859,city_159,0.843,Male,Has relevent experience,no_enrollment,Masters,STEM,10,100-500,Public Sector,3,10,0.0847457627118644,0.0847457627118644,10.0,0.5,0.98,0.05,1.0,45.57,1296,39.1,8.5,50.0,98.0,5.0,100.0,Qualified Applicant,"['Mid-to-Senior (10 yrs)', 'Advanced degree (Masters)', 'STEM discipline', 'Domain-relevant experience']",0,Stable in Role
15578,city_136,0.897,Male,Has relevent experience,no_enrollment,Graduate,No Major,14,<10,Pvt Ltd,>4,22,0.0847457627118644,0.0847457627118644,14.0,0.7,0.7,0.11,1.0,45.57,1296,39.1,8.5,70.0,70.0,11.0,100.0,Senior Specialist,"['Mid-to-Senior (14 yrs)', 'Domain-relevant experience']",0,Stable in Role
28090,city_103,0.92,,Has relevent experience,no_enrollment,Graduate,STEM,9,100-500,NGO,2,107,0.0847457627118644,0.0847457627118644,9.0,0.45,0.7999999999999999,0.535,1.0,45.57,1296,39.1,8.5,45.0,80.0,53.5,100.0,Qualified Applicant,"['Mid-to-Senior (9 yrs)', 'STEM discipline', 'Committed upskiller (107 hrs)', 'Domain-relevant experience']",0,Stable in Role
14932,city_103,0.92,Male,Has relevent experience,no_enrollment,Masters,STEM,7,100-500,Public Sector,3,24,0.17117117117117117,0.17117117117117117,7.0,0.35,0.98,0.12,1.0,45.54,1299,39.0,17.1,35.0,98.0,12.0,100.0,Qualified Applicant,"['7 yrs exp', 'Advanced degree (Masters)', 'STEM discipline', 'Domain-relevant experience']",0,Stable in Role
18668,city_136,0.897,Male,Has relevent experience,no_enrollment,Masters,STEM,11,5000-9999,Pvt Ltd,1,9,0.049019607843137254,0.049019607843137254,11.0,0.55,0.98,0.045,1.0,45.52,1300,38.9,4.9,55.0,98.0,4.5,100.0,Qualified Applicant,"['Mid-to-Senior (11 yrs)', 'Advanced degree (Masters)', 'STEM discipline', 'Domain-relevant experience']",0,Stable in Role
27606,city_104,0.924,Male,Has relevent experience,no_enrollment,Graduate,STEM,14,10/49,Pvt Ltd,2,6,0.049019607843137254,0.049019607843137254,14.0,0.7,0.7999999999999999,0.03,1.0,45.52,1300,38.9,4.9,70.0,80.0,3.0,100.0,Senior Specialist,"['Mid-to-Senior (14 yrs)', 'STEM discipline', 'Domain-relevant experience']",0,Stable in Role
17295,city_16,0.91,,Has relevent experience,no_enrollment,Graduate,STEM,11,1000-4999,Pvt Ltd,>4,56,0.0847457627118644,0.0847457627118644,11.0,0.55,0.7999999999999999,0.28,1.0,45.52,1300,38.9,8.5,55.0,80.0,28.0,100.0,Qualified Applicant,"['Mid-to-Senior (11 yrs)', 'STEM discipline', 'Domain-relevant experience']",0,Stable in Role
5391,city_155,0.556,Male,No relevent experience,Full time course,Graduate,STEM,2,,,,29,0.6287878787878788,0.6287878787878788,2.0,0.1,0.7999999999999999,0.145,0.35,45.46,1303,38.8,62.9,10.0,80.0,14.5,35.0,Qualified Applicant,"['Open to progression', '2 yrs exp', 'STEM discipline']",1,Ready for Transition
23670,city_103,0.92,,No relevent experience,Part time course,Graduate,STEM,2,,,1,29,0.6287878787878788,0.6287878787878788,2.0,0.1,0.7999999999999999,0.145,0.35,45.46,1303,38.8,62.9,10.0,80.0,14.5,35.0,Qualified Applicant,"['Open to progression', '2 yrs exp', 'STEM discipline']",1,Ready for Transition
26993,city_103,0.92,,No relevent experience,Full time course,Graduate,STEM,1,,,1,54,0.6287878787878788,0.6287878787878788,1.0,0.05,0.7999999999999999,0.27,0.35,45.46,1303,38.8,62.9,5.0,80.0,27.0,35.0,Qualified Applicant,"['Open to progression', '1 yrs exp', 'STEM discipline']",1,Ready for Transition
32233,city_11,0.55,,No relevent experience,no_enrollment,Graduate,STEM,<1,,,never,81,0.6077348066298343,0.6077348066298343,0.5,0.025,0.7999999999999999,0.405,0.35,45.45,1306,38.7,60.8,2.5,80.0,40.5,35.0,Qualified Applicant,"['Open to progression', '0 yrs exp', 'STEM discipline', 'Committed upskiller (81 hrs)']",1,Ready for Transition
3275,city_103,0.92,Male,Has relevent experience,no_enrollment,Graduate,STEM,12,100-500,Pvt Ltd,1,39,0.07035175879396985,0.07035175879396985,12.0,0.6,0.7999999999999999,0.195,1.0,45.41,1307,38.7,7.0,60.0,80.0,19.5,100.0,Senior Specialist,"['Mid-to-Senior (12 yrs)', 'STEM discipline', 'Domain-relevant experience']",0,Stable in Role
18100,city_90,0.698,Male,No relevent experience,Full time course,Graduate,STEM,5,10/49,NGO,1,218,0.27564102564102566,0.27564102564102566,5.0,0.25,0.7999999999999999,1.0,0.35,45.4,1308,38.6,27.6,25.0,80.0,100.0,35.0,Qualified Applicant,"['5 yrs exp', 'STEM discipline', 'Committed upskiller (218 hrs)']",0,Stable in Role
80,city_103,0.92,Male,Has relevent experience,no_enrollment,Graduate,STEM,12,10000+,Pvt Ltd,1,53,0.049019607843137254,0.049019607843137254,12.0,0.6,0.7999999999999999,0.265,1.0,45.37,1309,38.6,4.9,60.0,80.0,26.5,100.0,Senior Specialist,"['Mid-to-Senior (12 yrs)', 'STEM discipline', 'Domain-relevant experience']",0,Stable in Role
11730,city_114,0.926,Female,No relevent experience,Full time course,Graduate,STEM,17,<10,NGO,1,57,0.049019607843137254,0.049019607843137254,17.0,0.85,0.7999999999999999,0.285,0.35,45.32,1310,38.5,4.9,85.0,80.0,28.5,35.0,Senior Specialist,"['Deep seniority (17+ yrs)', 'STEM discipline']",0,Stable in Role
12617,city_90,0.698,,Has relevent experience,no_enrollment,High School,,11,<10,Pvt Ltd,2,77,0.2777777777777778,0.2777777777777778,11.0,0.55,0.4,0.385,1.0,45.32,1310,38.5,27.8,55.0,40.0,38.5,100.0,Qualified Applicant,"['Mid-to-Senior (11 yrs)', 'Domain-relevant experience']",0,Stable in Role
18384,city_19,0.682,Female,No relevent experience,no_enrollment,Graduate,Other,<1,,,3,135,0.5838509316770185,0.5838509316770185,0.5,0.025,0.7,0.675,0.35,45.31,1312,38.4,58.4,2.5,70.0,67.5,35.0,Qualified Applicant,"['Open to progression', '0 yrs exp', 'Committed upskiller (135 hrs)']",1,Ready for Transition
24993,city_162,0.767,Male,Has relevent experience,,Graduate,STEM,7,50-99,,1,91,0.17117117117117117,0.17117117117117117,7.0,0.35,0.7999999999999999,0.455,1.0,45.29,1313,38.4,17.1,35.0,80.0,45.5,100.0,Qualified Applicant,"['7 yrs exp', 'STEM discipline', 'Committed upskiller (91 hrs)', 'Domain-relevant experience']",0,Stable in Role
21166,city_150,0.698,,No relevent experience,Full time course,Graduate,STEM,4,,,1,7,0.5838509316770185,0.5838509316770185,4.0,0.2,0.7999999999999999,0.035,0.35,45.28,1314,38.3,58.4,20.0,80.0,3.5,35.0,Qualified Applicant,"['Open to progression', '4 yrs exp', 'STEM discipline']",1,Ready for Transition
17669,city_67,0.855,Male,Has relevent experience,no_enrollment,Masters,STEM,11,10000+,Pvt Ltd,2,4,0.049019607843137254,0.049019607843137254,11.0,0.55,0.98,0.02,1.0,45.27,1315,38.3,4.9,55.0,98.0,2.0,100.0,Qualified Applicant,"['Mid-to-Senior (11 yrs)', 'Advanced degree (Masters)', 'STEM discipline', 'Domain-relevant experience']",0,Stable in Role
412,city_103,0.92,Male,No relevent experience,no_enrollment,Graduate,STEM,17,<10,Pvt Ltd,2,56,0.049019607843137254,0.049019607843137254,17.0,0.85,0.7999999999999999,0.28,0.35,45.27,1315,38.3,4.9,85.0,80.0,28.0,35.0,Senior Specialist,"['Deep seniority (17+ yrs)', 'STEM discipline']",0,Stable in Role
11273,city_103,0.92,Female,Has relevent experience,no_enrollment,Graduate,STEM,11,500-999,Pvt Ltd,1,50,0.0847457627118644,0.0847457627118644,11.0,0.55,0.7999999999999999,0.25,1.0,45.22,1317,38.1,8.5,55.0,80.0,25.0,100.0,Qualified Applicant,"['Mid-to-Senior (11 yrs)', 'STEM discipline', 'Domain-relevant experience']",0,Stable in Role
26180,city_139,0.487,Male,No relevent experience,Full time course,Graduate,STEM,1,10/49,Pvt Ltd,never,64,0.6077348066298343,0.6077348066298343,1.0,0.05,0.7999999999999999,0.32,0.35,45.22,1317,38.1,60.8,5.0,80.0,32.0,35.0,Qualified Applicant,"['Open to progression', '1 yrs exp', 'STEM discipline']",1,Ready for Transition
16705,city_102,0.804,Male,Has relevent experience,no_enrollment,Graduate,STEM,6,50-99,Pvt Ltd,2,226,0.049019607843137254,0.049019607843137254,6.0,0.3,0.7999999999999999,1.0,1.0,45.22,1317,38.1,4.9,30.0,80.0,100.0,100.0,Qualified Applicant,"['6 yrs exp', 'STEM discipline', 'Committed upskiller (226 hrs)', 'Domain-relevant experience']",0,Stable in Role
3885,city_114,0.926,Male,Has relevent experience,no_enrollment,High School,,>20,500-999,Pvt Ltd,>4,10,0.049019607843137254,0.049019607843137254,22.0,1.0,0.4,0.05,1.0,45.22,1317,38.1,4.9,100.0,40.0,5.0,100.0,Senior Specialist,"['Deep seniority (22+ yrs)', 'Domain-relevant experience']",0,Stable in Role
3699,city_16,0.91,,Has relevent experience,Part time course,Graduate,STEM,5,,,1,226,0.0847457627118644,0.0847457627118644,5.0,0.25,0.7999999999999999,1.0,1.0,45.22,1317,38.1,8.5,25.0,80.0,100.0,100.0,Qualified Applicant,"['5 yrs exp', 'STEM discipline', 'Committed upskiller (226 hrs)', 'Domain-relevant experience']",0,Stable in Role
21469,city_84,0.698,Male,Has relevent experience,no_enrollment,Graduate,STEM,5,100-500,Pvt Ltd,1,248,0.0847457627118644,0.0847457627118644,5.0,0.25,0.7999999999999999,1.0,1.0,45.22,1317,38.1,8.5,25.0,80.0,100.0,100.0,Qualified Applicant,"['5 yrs exp', 'STEM discipline', 'Committed upskiller (248 hrs)', 'Domain-relevant experience']",0,Stable in Role
23515,city_114,0.926,Male,Has relevent experience,Part time course,Masters,STEM,9,100-500,Public Sector,never,27,0.0847457627118644,0.0847457627118644,9.0,0.45,0.98,0.135,1.0,45.17,1323,37.9,8.5,45.0,98.0,13.5,100.0,Qualified Applicant,"['Mid-to-Senior (9 yrs)', 'Advanced degree (Masters)', 'STEM discipline', 'Domain-relevant experience']",0,Stable in Role
2046,city_149,0.6890000000000001,Male,Has relevent experience,no_enrollment,Masters,STEM,7,50-99,Early Stage Startup,1,76,0.0847457627118644,0.0847457627118644,7.0,0.35,0.98,0.38,1.0,45.12,1324,37.9,8.5,35.0,98.0,38.0,100.0,Qualified Applicant,"['7 yrs exp', 'Advanced degree (Masters)', 'STEM discipline', 'Domain-relevant experience']",0,Stable in Role
17958,city_9,0.743,,Has relevent experience,no_enrollment,Graduate,STEM,6,50-99,Pvt Ltd,2,39,0.27564102564102566,0.27564102564102566,6.0,0.3,0.7999999999999999,0.195,1.0,45.1,1325,37.8,27.6,30.0,80.0,19.5,100.0,Qualified Applicant,"['6 yrs exp', 'STEM discipline', 'Domain-relevant experience']",0,Stable in Role
14621,city_71,0.884,Male,Has relevent experience,no_enrollment,Graduate,STEM,11,<10,Early Stage Startup,1,24,0.11859838274932614,0.11859838274932614,11.0,0.55,0.7999999999999999,0.12,1.0,45.1,1325,37.8,11.9,55.0,80.0,12.0,100.0,Qualified Applicant,"['Mid-to-Senior (11 yrs)', 'STEM discipline', 'Domain-relevant experience']",0,Stable in Role
23403,city_100,0.887,,No relevent experience,no_enrollment,Masters,Humanities,4,,,3,9,0.5289855072463768,0.5289855072463768,4.0,0.2,0.88,0.045,0.35,45.06,1327,37.7,52.9,20.0,88.0,4.5,35.0,Qualified Applicant,"['Open to progression', '4 yrs exp', 'Advanced degree (Masters)']",1,Ready for Transition
22682,city_71,0.884,Male,No relevent experience,no_enrollment,Masters,STEM,2,1000-4999,Pvt Ltd,1,196,0.27564102564102566,0.27564102564102566,2.0,0.1,0.98,0.98,0.35,45.05,1328,37.7,27.6,10.0,98.0,98.0,35.0,Qualified Applicant,"['2 yrs exp', 'Advanced degree (Masters)', 'STEM discipline', 'Committed upskiller (196 hrs)']",0,Stable in Role
20150,city_103,0.92,,Has relevent experience,no_enrollment,Graduate,STEM,12,100-500,Pvt Ltd,never,31,0.07035175879396985,0.07035175879396985,12.0,0.6,0.7999999999999999,0.155,1.0,45.01,1329,37.6,7.0,60.0,80.0,15.5,100.0,Senior Specialist,"['Mid-to-Senior (12 yrs)', 'STEM discipline', 'Domain-relevant experience']",0,Stable in Role
10287,city_160,0.92,Male,Has relevent experience,no_enrollment,Graduate,STEM,13,500-999,Pvt Ltd,1,20,0.049019607843137254,0.049019607843137254,13.0,0.65,0.7999999999999999,0.1,1.0,44.97,1330,37.6,4.9,65.0,80.0,10.0,100.0,Senior Specialist,"['Mid-to-Senior (13 yrs)', 'STEM discipline', 'Domain-relevant experience']",0,Stable in Role
3432,city_11,0.55,,No relevent experience,Full time course,Graduate,STEM,1,,,never,44,0.6287878787878788,0.6287878787878788,1.0,0.05,0.7999999999999999,0.22,0.35,44.96,1331,37.5,62.9,5.0,80.0,22.0,35.0,Qualified Applicant,"['Open to progression', '1 yrs exp', 'STEM discipline']",1,Ready for Transition
1249,city_159,0.843,Male,Has relevent experience,no_enrollment,Graduate,STEM,10,100-500,NGO,1,94,0.049019607843137254,0.049019607843137254,10.0,0.5,0.7999999999999999,0.47,1.0,44.92,1332,37.4,4.9,50.0,80.0,47.0,100.0,Qualified Applicant,"['Mid-to-Senior (10 yrs)', 'STEM discipline', 'Committed upskiller (94 hrs)', 'Domain-relevant experience']",0,Stable in Role
25623,city_152,0.698,,No relevent experience,Full time course,Graduate,STEM,4,,,never,7,0.5733333333333334,0.5733333333333334,4.0,0.2,0.7999999999999999,0.035,0.35,44.92,1332,37.4,57.3,20.0,80.0,3.5,35.0,Qualified Applicant,"['Open to progression', '4 yrs exp', 'STEM discipline']",1,Ready for Transition
3520,city_116,0.743,Male,Has relevent experience,no_enrollment,Masters,Business Degree,7,50-99,Pvt Ltd,4,112,0.0847457627118644,0.0847457627118644,7.0,0.35,0.88,0.56,1.0,44.92,1332,37.4,8.5,35.0,88.0,56.0,100.0,Qualified Applicant,"['7 yrs exp', 'Advanced degree (Masters)', 'Committed upskiller (112 hrs)', 'Domain-relevant experience']",0,Stable in Role
25958,city_103,0.92,Male,Has relevent experience,no_enrollment,Graduate,STEM,12,10000+,Pvt Ltd,1,44,0.049019607843137254,0.049019607843137254,12.0,0.6,0.7999999999999999,0.22,1.0,44.92,1332,37.4,4.9,60.0,80.0,22.0,100.0,Senior Specialist,"['Mid-to-Senior (12 yrs)', 'STEM discipline', 'Domain-relevant experience']",0,Stable in Role
18287,city_103,0.92,Male,Has relevent experience,no_enrollment,Masters,STEM,8,10000+,Pvt Ltd,4,47,0.0847457627118644,0.0847457627118644,8.0,0.4,0.98,0.235,1.0,44.92,1332,37.4,8.5,40.0,98.0,23.5,100.0,Qualified Applicant,"['Mid-to-Senior (8 yrs)', 'Advanced degree (Masters)', 'STEM discipline', 'Domain-relevant experience']",0,Stable in Role
3003,city_103,0.92,Male,Has relevent experience,no_enrollment,Phd,Humanities,9,10000+,Pvt Ltd,1,13,0.0847457627118644,0.0847457627118644,9.0,0.45,1.0,0.065,1.0,44.87,1337,37.2,8.5,45.0,100.0,6.5,100.0,Qualified Applicant,"['Mid-to-Senior (9 yrs)', 'Advanced degree (Phd)', 'Domain-relevant experience']",0,Stable in Role
7720,city_75,0.939,,Has relevent experience,no_enrollment,Graduate,STEM,11,<10,Pvt Ltd,2,53,0.07035175879396985,0.07035175879396985,11.0,0.55,0.7999999999999999,0.265,1.0,44.86,1338,37.2,7.0,55.0,80.0,26.5,100.0,Qualified Applicant,"['Mid-to-Senior (11 yrs)', 'STEM discipline', 'Domain-relevant experience']",0,Stable in Role
31481,city_21,0.624,,No relevent experience,Full time course,Graduate,STEM,3,,,never,23,0.5838509316770185,0.5838509316770185,3.0,0.15,0.7999999999999999,0.115,0.35,44.83,1339,37.2,58.4,15.0,80.0,11.5,35.0,Qualified Applicant,"['Open to progression', '3 yrs exp', 'STEM discipline']",1,Ready for Transition
19239,city_160,0.92,,Has relevent experience,no_enrollment,Masters,Humanities,11,100-500,Pvt Ltd,3,10,0.0847457627118644,0.0847457627118644,11.0,0.55,0.88,0.05,1.0,44.82,1340,37.1,8.5,55.0,88.0,5.0,100.0,Qualified Applicant,"['Mid-to-Senior (11 yrs)', 'Advanced degree (Masters)', 'Domain-relevant experience']",0,Stable in Role
20635,city_21,0.624,,No relevent experience,Part time course,Graduate,STEM,1,10000+,Pvt Ltd,1,80,0.5733333333333334,0.5733333333333334,1.0,0.05,0.7999999999999999,0.4,0.35,44.82,1340,37.1,57.3,5.0,80.0,40.0,35.0,Qualified Applicant,"['Open to progression', '1 yrs exp', 'STEM discipline', 'Committed upskiller (80 hrs)']",1,Ready for Transition
17673,city_16,0.91,Male,Has relevent experience,no_enrollment,Graduate,STEM,9,500-999,Pvt Ltd,3,102,0.07035175879396985,0.07035175879396985,9.0,0.45,0.7999999999999999,0.51,1.0,44.81,1342,37.0,7.0,45.0,80.0,51.0,100.0,Qualified Applicant,"['Mid-to-Senior (9 yrs)', 'STEM discipline', 'Committed upskiller (102 hrs)', 'Domain-relevant experience']",0,Stable in Role
28937,city_50,0.8959999999999999,Male,Has relevent experience,no_enrollment,Graduate,STEM,10,<10,Pvt Ltd,1,91,0.049019607843137254,0.049019607843137254,10.0,0.5,0.7999999999999999,0.455,1.0,44.77,1343,37.0,4.9,50.0,80.0,45.5,100.0,Qualified Applicant,"['Mid-to-Senior (10 yrs)', 'STEM discipline', 'Committed upskiller (91 hrs)', 'Domain-relevant experience']",0,Stable in Role
14398,city_123,0.738,Male,Has relevent experience,no_enrollment,Graduate,STEM,4,50-99,Early Stage Startup,1,192,0.11859838274932614,0.11859838274932614,4.0,0.2,0.7999999999999999,0.96,1.0,44.75,1344,36.9,11.9,20.0,80.0,96.0,100.0,Qualified Applicant,"['4 yrs exp', 'STEM discipline', 'Committed upskiller (192 hrs)', 'Domain-relevant experience']",0,Stable in Role
8392,city_21,0.624,Male,No relevent experience,Full time course,Graduate,STEM,3,10/49,Early Stage Startup,1,4,0.6077348066298343,0.6077348066298343,3.0,0.15,0.7999999999999999,0.02,0.35,44.72,1345,36.9,60.8,15.0,80.0,2.0,35.0,Qualified Applicant,"['Open to progression', '3 yrs exp', 'STEM discipline']",1,Ready for Transition
12676,city_114,0.926,Male,Has relevent experience,Part time course,Graduate,STEM,12,10000+,Pvt Ltd,1,39,0.049019607843137254,0.049019607843137254,12.0,0.6,0.7999999999999999,0.195,1.0,44.67,1346,36.8,4.9,60.0,80.0,19.5,100.0,Senior Specialist,"['Mid-to-Senior (12 yrs)', 'STEM discipline', 'Domain-relevant experience']",0,Stable in Role
21968,city_21,0.624,Female,No relevent experience,no_enrollment,Graduate,STEM,<1,,,1,50,0.6287878787878788,0.6287878787878788,0.5,0.025,0.7999999999999999,0.25,0.35,44.63,1347,36.8,62.9,2.5,80.0,25.0,35.0,Qualified Applicant,"['Open to progression', '0 yrs exp', 'STEM discipline']",1,Ready for Transition
25308,city_128,0.527,Female,No relevent experience,no_enrollment,Graduate,STEM,<1,50-99,Early Stage Startup,never,81,0.5838509316770185,0.5838509316770185,0.5,0.025,0.7999999999999999,0.405,0.35,44.61,1348,36.7,58.4,2.5,80.0,40.5,35.0,Qualified Applicant,"['Open to progression', '0 yrs exp', 'STEM discipline', 'Committed upskiller (81 hrs)']",1,Ready for Transition
8752,city_103,0.92,Male,No relevent experience,Full time course,Phd,STEM,10,,Public Sector,>4,52,0.17117117117117117,0.17117117117117117,10.0,0.5,1.0,0.26,0.35,44.59,1349,36.7,17.1,50.0,100.0,26.0,35.0,Qualified Applicant,"['Mid-to-Senior (10 yrs)', 'Advanced degree (Phd)', 'STEM discipline']",0,Stable in Role
16689,city_103,0.92,,Has relevent experience,no_enrollment,Phd,STEM,9,500-999,Pvt Ltd,1,32,0.049019607843137254,0.049019607843137254,9.0,0.45,1.0,0.16,1.0,44.57,1350,36.6,4.9,45.0,100.0,16.0,100.0,Qualified Applicant,"['Mid-to-Senior (9 yrs)', 'Advanced degree (Phd)', 'STEM discipline', 'Domain-relevant experience']",0,Stable in Role
28365,city_16,0.91,Female,Has relevent experience,no_enrollment,Masters,STEM,10,,Pvt Ltd,1,15,0.049019607843137254,0.049019607843137254,10.0,0.5,0.98,0.075,1.0,44.57,1350,36.6,4.9,50.0,98.0,7.5,100.0,Qualified Applicant,"['Mid-to-Senior (10 yrs)', 'Advanced degree (Masters)', 'STEM discipline', 'Domain-relevant experience']",0,Stable in Role
27458,city_46,0.762,Male,No relevent experience,Full time course,Graduate,STEM,8,10000+,Public Sector,1,46,0.3644859813084112,0.3644859813084112,8.0,0.4,0.7999999999999999,0.23,0.35,44.56,1352,36.5,36.4,40.0,80.0,23.0,35.0,Qualified Applicant,"['Mid-to-Senior (8 yrs)', 'STEM discipline']",0,Stable in Role
18316,city_102,0.804,,No relevent experience,Part time course,Graduate,STEM,2,,,2,11,0.6287878787878788,0.6287878787878788,2.0,0.1,0.7999999999999999,0.055,0.35,44.56,1352,36.5,62.9,10.0,80.0,5.5,35.0,Qualified Applicant,"['Open to progression', '2 yrs exp', 'STEM discipline']",1,Ready for Transition
12413,city_28,0.939,Male,Has relevent experience,no_enrollment,Graduate,STEM,11,10/49,Pvt Ltd,4,13,0.11859838274932614,0.11859838274932614,11.0,0.55,0.7999999999999999,0.065,1.0,44.55,1354,36.4,11.9,55.0,80.0,6.5,100.0,Qualified Applicant,"['Mid-to-Senior (11 yrs)', 'STEM discipline', 'Domain-relevant experience']",0,Stable in Role
17440,city_171,0.664,Male,Has relevent experience,no_enrollment,,,9,,,1,33,0.27564102564102566,0.27564102564102566,9.0,0.45,0.6,0.165,1.0,44.55,1354,36.4,27.6,45.0,60.0,16.5,100.0,Qualified Applicant,"['Mid-to-Senior (9 yrs)', 'Domain-relevant experience']",0,Stable in Role
15682,city_40,0.7759999999999999,Female,Has relevent experience,no_enrollment,Graduate,STEM,10,50-99,Pvt Ltd,>4,86,0.049019607843137254,0.049019607843137254,10.0,0.5,0.7999999999999999,0.43,1.0,44.52,1356,36.3,4.9,50.0,80.0,43.0,100.0,Qualified Applicant,"['Mid-to-Senior (10 yrs)', 'STEM discipline', 'Committed upskiller (86 hrs)', 'Domain-relevant experience']",0,Stable in Role
437,city_16,0.91,Male,Has relevent experience,no_enrollment,Masters,STEM,10,10000+,Pvt Ltd,2,14,0.049019607843137254,0.049019607843137254,10.0,0.5,0.98,0.07,1.0,44.52,1356,36.3,4.9,50.0,98.0,7.0,100.0,Qualified Applicant,"['Mid-to-Senior (10 yrs)', 'Advanced degree (Masters)', 'STEM discipline', 'Domain-relevant experience']",0,Stable in Role
32908,city_158,0.7659999999999999,Female,No relevent experience,Full time course,Graduate,STEM,3,,Pvt Ltd,never,55,0.5289855072463768,0.5289855072463768,3.0,0.15,0.7999999999999999,0.275,0.35,44.51,1358,36.3,52.9,15.0,80.0,27.5,35.0,Qualified Applicant,"['Open to progression', '3 yrs exp', 'STEM discipline']",1,Ready for Transition
22639,city_176,0.764,Male,Has relevent experience,no_enrollment,Graduate,STEM,4,10/49,Pvt Ltd,1,77,0.27564102564102566,0.27564102564102566,4.0,0.2,0.7999999999999999,0.385,1.0,44.5,1359,36.2,27.6,20.0,80.0,38.5,100.0,Qualified Applicant,"['4 yrs exp', 'STEM discipline', 'Domain-relevant experience']",0,Stable in Role
13464,city_21,0.624,Male,No relevent experience,no_enrollment,Graduate,STEM,<1,500-999,Pvt Ltd,never,86,0.5733333333333334,0.5733333333333334,0.5,0.025,0.7999999999999999,0.43,0.35,44.49,1360,36.2,57.3,2.5,80.0,43.0,35.0,Qualified Applicant,"['Open to progression', '0 yrs exp', 'STEM discipline', 'Committed upskiller (86 hrs)']",1,Ready for Transition
31991,city_103,0.92,Male,Has relevent experience,no_enrollment,Graduate,Arts,10,50-99,Funded Startup,1,125,0.049019607843137254,0.049019607843137254,10.0,0.5,0.7,0.625,1.0,44.47,1361,36.1,4.9,50.0,70.0,62.5,100.0,Qualified Applicant,"['Mid-to-Senior (10 yrs)', 'Committed upskiller (125 hrs)', 'Domain-relevant experience']",0,Stable in Role
27297,city_21,0.624,,No relevent experience,Full time course,Graduate,STEM,1,,,never,34,0.6287878787878788,0.6287878787878788,1.0,0.05,0.7999999999999999,0.17,0.35,44.46,1362,36.1,62.9,5.0,80.0,17.0,35.0,Qualified Applicant,"['Open to progression', '1 yrs exp', 'STEM discipline']",1,Ready for Transition
5138,city_19,0.682,Male,No relevent experience,Full time course,Graduate,STEM,2,,,never,40,0.5838509316770185,0.5838509316770185,2.0,0.1,0.7999999999999999,0.2,0.35,44.43,1363,36.0,58.4,10.0,80.0,20.0,35.0,Qualified Applicant,"['Open to progression', '2 yrs exp', 'STEM discipline']",1,Ready for Transition
27216,city_21,0.624,,Has relevent experience,Full time course,,,1,,,never,22,0.5733333333333334,0.5733333333333334,1.0,0.05,0.6,0.11,1.0,44.42,1364,36.0,57.3,5.0,60.0,11.0,100.0,Qualified Applicant,"['Open to progression', '1 yrs exp', 'Domain-relevant experience']",1,Ready for Transition
22940,city_71,0.884,Male,Has relevent experience,no_enrollment,Masters,STEM,7,50-99,Funded Startup,2,72,0.07035175879396985,0.07035175879396985,7.0,0.35,0.98,0.36,1.0,44.41,1365,35.9,7.0,35.0,98.0,36.0,100.0,Qualified Applicant,"['7 yrs exp', 'Advanced degree (Masters)', 'STEM discipline', 'Domain-relevant experience']",0,Stable in Role
11640,city_117,0.698,,No relevent experience,Full time course,Graduate,STEM,3,,,1,30,0.5614035087719298,0.5614035087719298,3.0,0.15,0.7999999999999999,0.15,0.35,44.4,1366,35.9,56.1,15.0,80.0,15.0,35.0,Qualified Applicant,"['Open to progression', '3 yrs exp', 'STEM discipline']",1,Ready for Transition
14249,city_46,0.762,Male,Has relevent experience,no_enrollment,Graduate,STEM,8,100-500,Other,never,48,0.17117117117117117,0.17117117117117117,8.0,0.4,0.7999999999999999,0.24,1.0,44.39,1367,35.8,17.1,40.0,80.0,24.0,100.0,Qualified Applicant,"['Mid-to-Senior (8 yrs)', 'STEM discipline', 'Domain-relevant experience']",0,Stable in Role
18344,city_21,0.624,Male,No relevent experience,,Graduate,STEM,<1,,,never,45,0.6287878787878788,0.6287878787878788,0.5,0.025,0.7999999999999999,0.225,0.35,44.38,1368,35.8,62.9,2.5,80.0,22.5,35.0,Qualified Applicant,"['Open to progression', '0 yrs exp', 'STEM discipline']",1,Ready for Transition
32453,city_16,0.91,Male,Has relevent experience,no_enrollment,Graduate,STEM,7,<10,Pvt Ltd,1,158,0.049019607843137254,0.049019607843137254,7.0,0.35,0.7999999999999999,0.79,1.0,44.37,1369,35.7,4.9,35.0,80.0,79.0,100.0,Qualified Applicant,"['7 yrs exp', 'STEM discipline', 'Committed upskiller (158 hrs)', 'Domain-relevant experience']",0,Stable in Role
3624,city_136,0.897,Male,Has relevent experience,no_enrollment,High School,,18,10000+,Pvt Ltd,1,43,0.049019607843137254,0.049019607843137254,18.0,0.9,0.4,0.215,1.0,44.37,1369,35.7,4.9,90.0,40.0,21.5,100.0,Senior Specialist,"['Deep seniority (18+ yrs)', 'Domain-relevant experience']",0,Stable in Role
30645,city_103,0.92,Male,Has relevent experience,no_enrollment,Graduate,STEM,11,10000+,Pvt Ltd,2,9,0.11859838274932614,0.11859838274932614,11.0,0.55,0.7999999999999999,0.045,1.0,44.35,1371,35.6,11.9,55.0,80.0,4.5,100.0,Qualified Applicant,"['Mid-to-Senior (11 yrs)', 'STEM discipline', 'Domain-relevant experience']",0,Stable in Role
14069,city_160,0.92,Female,No relevent experience,Full time course,Graduate,STEM,4,,,never,4,0.5614035087719298,0.5614035087719298,4.0,0.2,0.7999999999999999,0.02,0.35,44.35,1371,35.6,56.1,20.0,80.0,2.0,35.0,Qualified Applicant,"['Open to progression', '4 yrs exp', 'STEM discipline']",1,Ready for Transition
11327,city_114,0.926,Male,Has relevent experience,no_enrollment,Graduate,STEM,12,1000-4999,Public Sector,>4,17,0.07035175879396985,0.07035175879396985,12.0,0.6,0.7999999999999999,0.085,1.0,44.31,1373,35.6,7.0,60.0,80.0,8.5,100.0,Senior Specialist,"['Mid-to-Senior (12 yrs)', 'STEM discipline', 'Domain-relevant experience']",0,Stable in Role
18940,city_16,0.91,Male,Has relevent experience,no_enrollment,Graduate,STEM,11,50-99,Pvt Ltd,4,31,0.0847457627118644,0.0847457627118644,11.0,0.55,0.7999999999999999,0.155,1.0,44.27,1374,35.5,8.5,55.0,80.0,15.5,100.0,Qualified Applicant,"['Mid-to-Senior (11 yrs)', 'STEM discipline', 'Domain-relevant experience']",0,Stable in Role
17610,city_41,0.8270000000000001,Male,Has relevent experience,no_enrollment,Graduate,No Major,8,10/49,Pvt Ltd,3,150,0.07894736842105263,0.07894736842105263,8.0,0.4,0.7,0.75,1.0,44.26,1375,35.5,7.9,40.0,70.0,75.0,100.0,Qualified Applicant,"['Mid-to-Senior (8 yrs)', 'Committed upskiller (150 hrs)', 'Domain-relevant experience']",0,Stable in Role
28007,city_46,0.762,Male,No relevent experience,Full time course,Graduate,STEM,<1,,,never,56,0.6077348066298343,0.6077348066298343,0.5,0.025,0.7999999999999999,0.28,0.35,44.2,1376,35.4,60.8,2.5,80.0,28.0,35.0,Qualified Applicant,"['Open to progression', '0 yrs exp', 'STEM discipline']",1,Ready for Transition
22641,city_16,0.91,Male,Has relevent experience,no_enrollment,Graduate,STEM,13,50-99,Pvt Ltd,never,4,0.049019607843137254,0.049019607843137254,13.0,0.65,0.7999999999999999,0.02,1.0,44.17,1377,35.3,4.9,65.0,80.0,2.0,100.0,Senior Specialist,"['Mid-to-Senior (13 yrs)', 'STEM discipline', 'Domain-relevant experience']",0,Stable in Role
23279,city_46,0.762,,Has relevent experience,no_enrollment,Graduate,STEM,8,50-99,Pvt Ltd,1,104,0.0847457627118644,0.0847457627118644,8.0,0.4,0.7999999999999999,0.52,1.0,44.17,1377,35.3,8.5,40.0,80.0,52.0,100.0,Qualified Applicant,"['Mid-to-Senior (8 yrs)', 'STEM discipline', 'Committed upskiller (104 hrs)', 'Domain-relevant experience']",0,Stable in Role
301,city_160,0.92,Male,Has relevent experience,no_enrollment,Graduate,STEM,9,10/49,Funded Startup,1,104,0.049019607843137254,0.049019607843137254,9.0,0.45,0.7999999999999999,0.52,1.0,44.17,1377,35.3,4.9,45.0,80.0,52.0,100.0,Qualified Applicant,"['Mid-to-Senior (9 yrs)', 'STEM discipline', 'Committed upskiller (104 hrs)', 'Domain-relevant experience']",0,Stable in Role
5236,city_67,0.855,Female,No relevent experience,Full time course,Graduate,Other,5,,,1,38,0.5289855072463768,0.5289855072463768,5.0,0.25,0.7,0.19,0.35,44.16,1380,35.2,52.9,25.0,70.0,19.0,35.0,Qualified Applicant,"['Open to progression', '5 yrs exp']",1,Ready for Transition
5514,city_103,0.92,Male,Has relevent experience,no_enrollment,Graduate,STEM,10,10000+,Pvt Ltd,1,64,0.07035175879396985,0.07035175879396985,10.0,0.5,0.7999999999999999,0.32,1.0,44.16,1380,35.2,7.0,50.0,80.0,32.0,100.0,Qualified Applicant,"['Mid-to-Senior (10 yrs)', 'STEM discipline', 'Domain-relevant experience']",0,Stable in Role
15049,city_150,0.698,Male,No relevent experience,Full time course,Graduate,STEM,2,,,never,41,0.5733333333333334,0.5733333333333334,2.0,0.1,0.7999999999999999,0.205,0.35,44.12,1382,35.1,57.3,10.0,80.0,20.5,35.0,Qualified Applicant,"['Open to progression', '2 yrs exp', 'STEM discipline']",1,Ready for Transition
29629,city_21,0.624,,No relevent experience,Full time course,Graduate,STEM,<1,,,never,54,0.6077348066298343,0.6077348066298343,0.5,0.025,0.7999999999999999,0.27,0.35,44.1,1383,35.1,60.8,2.5,80.0,27.0,35.0,Qualified Applicant,"['Open to progression', '0 yrs exp', 'STEM discipline']",1,Ready for Transition
2296,city_36,0.893,Male,Has relevent experience,no_enrollment,Masters,STEM,5,<10,Pvt Ltd,1,130,0.049019607843137254,0.049019607843137254,5.0,0.25,0.98,0.65,1.0,44.07,1384,35.0,4.9,25.0,98.0,65.0,100.0,Qualified Applicant,"['5 yrs exp', 'Advanced degree (Masters)', 'STEM discipline', 'Committed upskiller (130 hrs)']",0,Stable in Role
18338,city_20,0.7959999999999999,Male,Has relevent experience,no_enrollment,Graduate,STEM,11,100-500,Other,3,52,0.049019607843137254,0.049019607843137254,11.0,0.55,0.7999999999999999,0.26,1.0,44.07,1384,35.0,4.9,55.0,80.0,26.0,100.0,Qualified Applicant,"['Mid-to-Senior (11 yrs)', 'STEM discipline', 'Domain-relevant experience']",0,Stable in Role
2851,city_102,0.804,Male,Has relevent experience,no_enrollment,Graduate,STEM,6,10/49,Pvt Ltd,4,18,0.27564102564102566,0.27564102564102566,6.0,0.3,0.7999999999999999,0.09,1.0,44.05,1386,34.9,27.6,30.0,80.0,9.0,100.0,Qualified Applicant,"['6 yrs exp', 'STEM discipline', 'Domain-relevant experience']",0,Stable in Role
30679,city_28,0.939,Male,Has relevent experience,no_enrollment,Graduate,Other,7,10/49,Pvt Ltd,3,166,0.0847457627118644,0.0847457627118644,7.0,0.35,0.7,0.83,1.0,44.02,1387,34.9,8.5,35.0,70.0,83.0,100.0,Qualified Applicant,"['7 yrs exp', 'Committed upskiller (166 hrs)', 'Domain-relevant experience']",0,Stable in Role
24642,city_16,0.91,Female,Has relevent experience,no_enrollment,Masters,STEM,8,50-99,Public Sector,2,54,0.049019607843137254,0.049019607843137254,8.0,0.4,0.98,0.27,1.0,44.02,1387,34.9,4.9,40.0,98.0,27.0,100.0,Qualified Applicant,"['Mid-to-Senior (8 yrs)', 'Advanced degree (Masters)', 'STEM discipline', 'Domain-relevant experience']",0,Stable in Role
14200,city_160,0.92,Male,Has relevent experience,no_enrollment,Primary School,,>20,100-500,Pvt Ltd,1,66,0.049019607843137254,0.049019607843137254,22.0,1.0,0.2,0.33,1.0,44.02,1387,34.9,4.9,100.0,20.0,33.0,100.0,Senior Specialist,"['Deep seniority (22+ yrs)', 'Domain-relevant experience']",0,Stable in Role
3068,city_21,0.624,Male,No relevent experience,Full time course,Graduate,STEM,3,10000+,Pvt Ltd,1,22,0.5614035087719298,0.5614035087719298,3.0,0.15,0.7999999999999999,0.11,0.35,44.0,1390,34.8,56.1,15.0,80.0,11.0,35.0,Qualified Applicant,"['Open to progression', '3 yrs exp', 'STEM discipline']",1,Ready for Transition
2222,city_105,0.794,Male,Has relevent experience,no_enrollment,Graduate,Business Degree,14,100-500,Pvt Ltd,1,15,0.049019607843137254,0.049019607843137254,14.0,0.7,0.7,0.075,1.0,43.97,1391,34.6,4.9,70.0,70.0,7.5,100.0,Senior Specialist,"['Mid-to-Senior (14 yrs)', 'Domain-relevant experience']",0,Stable in Role
14904,city_67,0.855,Male,Has relevent experience,Full time course,Graduate,STEM,5,50-99,Pvt Ltd,1,304,0.049019607843137254,0.049019607843137254,5.0,0.25,0.7999999999999999,1.0,1.0,43.97,1391,34.6,4.9,25.0,80.0,100.0,100.0,Qualified Applicant,"['5 yrs exp', 'STEM discipline', 'Committed upskiller (304 hrs)', 'Domain-relevant experience']",0,Stable in Role
32243,city_103,0.92,Female,Has relevent experience,no_enrollment,Graduate,STEM,10,10000+,Pvt Ltd,1,50,0.0847457627118644,0.0847457627118644,10.0,0.5,0.7999999999999999,0.25,1.0,43.97,1391,34.6,8.5,50.0,80.0,25.0,100.0,Qualified Applicant,"['Mid-to-Senior (10 yrs)', 'STEM discipline', 'Domain-relevant experience']",0,Stable in Role
6620,city_28,0.939,Male,Has relevent experience,no_enrollment,Graduate,STEM,11,1000-4999,Public Sector,>4,25,0.0847457627118644,0.0847457627118644,11.0,0.55,0.7999999999999999,0.125,1.0,43.97,1391,34.6,8.5,55.0,80.0,12.5,100.0,Qualified Applicant,"['Mid-to-Senior (11 yrs)', 'STEM discipline', 'Domain-relevant experience']",0,Stable in Role
26411,city_165,0.903,Male,No relevent experience,no_enrollment,Phd,STEM,2,50-99,Public Sector,1,166,0.27564102564102566,0.27564102564102566,2.0,0.1,1.0,0.83,0.35,43.95,1395,34.5,27.6,10.0,100.0,83.0,35.0,Qualified Applicant,"['2 yrs exp', 'Advanced degree (Phd)', 'STEM discipline', 'Committed upskiller (166 hrs)']",0,Stable in Role
23488,city_16,0.91,Male,No relevent experience,no_enrollment,Graduate,STEM,17,10000+,Pvt Ltd,>4,4,0.0847457627118644,0.0847457627118644,17.0,0.85,0.7999999999999999,0.02,0.35,43.92,1396,34.5,8.5,85.0,80.0,2.0,35.0,Senior Specialist,"['Deep seniority (17+ yrs)', 'STEM discipline']",0,Stable in Role
20348,city_150,0.698,Male,Has relevent experience,no_enrollment,Masters,STEM,8,50-99,Public Sector,1,37,0.07035175879396985,0.07035175879396985,8.0,0.4,0.98,0.185,1.0,43.91,1397,34.4,7.0,40.0,98.0,18.5,100.0,Qualified Applicant,"['Mid-to-Senior (8 yrs)', 'Advanced degree (Masters)', 'STEM discipline', 'Domain-relevant experience']",0,Stable in Role
20725,city_136,0.897,Male,Has relevent experience,Full time course,Masters,STEM,9,100-500,Pvt Ltd,2,12,0.07035175879396985,0.07035175879396985,9.0,0.45,0.98,0.06,1.0,43.91,1397,34.4,7.0,45.0,98.0,6.0,100.0,Qualified Applicant,"['Mid-to-Senior (9 yrs)', 'Advanced degree (Masters)', 'STEM discipline', 'Domain-relevant experience']",0,Stable in Role
18133,city_103,0.92,Male,No relevent experience,no_enrollment,Graduate,STEM,1,,,1,23,0.6287878787878788,0.6287878787878788,1.0,0.05,0.7999999999999999,0.115,0.35,43.91,1397,34.4,62.9,5.0,80.0,11.5,35.0,Qualified Applicant,"['Open to progression', '1 yrs exp', 'STEM discipline']",1,Ready for Transition
9051,city_21,0.624,Male,No relevent experience,no_enrollment,Graduate,STEM,2,,,never,29,0.5838509316770185,0.5838509316770185,2.0,0.1,0.7999999999999999,0.145,0.35,43.88,1400,34.3,58.4,10.0,80.0,14.5,35.0,Qualified Applicant,"['Open to progression', '2 yrs exp', 'STEM discipline']",1,Ready for Transition
18261,city_136,0.897,Male,Has relevent experience,no_enrollment,Masters,STEM,8,10/49,NGO,never,26,0.0847457627118644,0.0847457627118644,8.0,0.4,0.98,0.13,1.0,43.87,1401,34.2,8.5,40.0,98.0,13.0,100.0,Qualified Applicant,"['Mid-to-Senior (8 yrs)', 'Advanced degree (Masters)', 'STEM discipline', 'Domain-relevant experience']",0,Stable in Role
13030,city_103,0.92,Male,Has relevent experience,Full time course,Graduate,STEM,10,10000+,Pvt Ltd,2,48,0.0847457627118644,0.0847457627118644,10.0,0.5,0.7999999999999999,0.24,1.0,43.87,1401,34.2,8.5,50.0,80.0,24.0,100.0,Qualified Applicant,"['Mid-to-Senior (10 yrs)', 'STEM discipline', 'Domain-relevant experience']",0,Stable in Role
8562,city_103,0.92,Male,No relevent experience,no_enrollment,Masters,STEM,7,5000-9999,Public Sector,1,47,0.27564102564102566,0.27564102564102566,7.0,0.35,0.98,0.235,0.35,43.85,1403,34.1,27.6,35.0,98.0,23.5,35.0,Qualified Applicant,"['7 yrs exp', 'Advanced degree (Masters)', 'STEM discipline']",0,Stable in Role
27067,city_21,0.624,Male,No relevent experience,Full time course,Graduate,STEM,2,,,never,28,0.5838509316770185,0.5838509316770185,2.0,0.1,0.7999999999999999,0.14,0.35,43.83,1404,34.1,58.4,10.0,80.0,14.0,35.0,Qualified Applicant,"['Open to progression', '2 yrs exp', 'STEM discipline']",1,Ready for Transition
16560,city_90,0.698,Male,No relevent experience,no_enrollment,Graduate,STEM,<1,,,1,48,0.6077348066298343,0.6077348066298343,0.5,0.025,0.7999999999999999,0.24,0.35,43.8,1405,34.0,60.8,2.5,80.0,24.0,35.0,Qualified Applicant,"['Open to progression', '0 yrs exp', 'STEM discipline']",1,Ready for Transition
3760,city_41,0.8270000000000001,Male,Has relevent experience,Full time course,Graduate,STEM,10,1000-4999,Pvt Ltd,>4,23,0.11859838274932614,0.11859838274932614,10.0,0.5,0.7999999999999999,0.115,1.0,43.8,1405,34.0,11.9,50.0,80.0,11.5,100.0,Qualified Applicant,"['Mid-to-Senior (10 yrs)', 'STEM discipline', 'Domain-relevant experience']",0,Stable in Role
6433,city_21,0.624,Male,No relevent experience,no_enrollment,Graduate,STEM,2,1000-4999,Pvt Ltd,1,26,0.5838509316770185,0.5838509316770185,2.0,0.1,0.7999999999999999,0.13,0.35,43.73,1407,34.0,58.4,10.0,80.0,13.0,35.0,Qualified Applicant,"['Open to progression', '2 yrs exp', 'STEM discipline']",1,Ready for Transition
8107,city_65,0.802,Male,Has relevent experience,no_enrollment,Graduate,STEM,10,100-500,Pvt Ltd,2,55,0.07035175879396985,0.07035175879396985,10.0,0.5,0.7999999999999999,0.275,1.0,43.71,1408,33.9,7.0,50.0,80.0,27.5,100.0,Qualified Applicant,"['Mid-to-Senior (10 yrs)', 'STEM discipline', 'Domain-relevant experience']",0,Stable in Role
30365,city_11,0.55,,No relevent experience,no_enrollment,Graduate,STEM,2,,,1,25,0.5838509316770185,0.5838509316770185,2.0,0.1,0.7999999999999999,0.125,0.35,43.68,1409,33.9,58.4,10.0,80.0,12.5,35.0,Qualified Applicant,"['Open to progression', '2 yrs exp', 'STEM discipline']",1,Ready for Transition
19987,city_136,0.897,,Has relevent experience,no_enrollment,Masters,STEM,9,50-99,,3,7,0.07035175879396985,0.07035175879396985,9.0,0.45,0.98,0.035,1.0,43.66,1410,33.8,7.0,45.0,98.0,3.5,100.0,Qualified Applicant,"['Mid-to-Senior (9 yrs)', 'Advanced degree (Masters)', 'STEM discipline', 'Domain-relevant experience']",0,Stable in Role
13047,city_159,0.843,Male,Has relevent experience,no_enrollment,Graduate,STEM,12,500-999,Pvt Ltd,4,4,0.07035175879396985,0.07035175879396985,12.0,0.6,0.7999999999999999,0.02,1.0,43.66,1410,33.8,7.0,60.0,80.0,2.0,100.0,Senior Specialist,"['Mid-to-Senior (12 yrs)', 'STEM discipline', 'Domain-relevant experience']",0,Stable in Role
8903,city_99,0.915,,Has relevent experience,no_enrollment,Graduate,STEM,9,1000-4999,Pvt Ltd,1,68,0.0847457627118644,0.0847457627118644,9.0,0.45,0.7999999999999999,0.34,1.0,43.62,1412,33.7,8.5,45.0,80.0,34.0,100.0,Qualified Applicant,"['Mid-to-Senior (9 yrs)', 'STEM discipline', 'Domain-relevant experience']",0,Stable in Role
10636,city_65,0.802,Male,Has relevent experience,no_enrollment,Graduate,No Major,12,1000-4999,Pvt Ltd,>4,33,0.0847457627118644,0.0847457627118644,12.0,0.6,0.7,0.165,1.0,43.62,1412,33.7,8.5,60.0,70.0,16.5,100.0,Senior Specialist,"['Mid-to-Senior (12 yrs)', 'Domain-relevant experience']",0,Stable in Role
14684,city_16,0.91,,Has relevent experience,no_enrollment,Graduate,STEM,12,1000-4999,Pvt Ltd,1,18,0.049019607843137254,0.049019607843137254,12.0,0.6,0.7999999999999999,0.09,1.0,43.62,1412,33.7,4.9,60.0,80.0,9.0,100.0,Senior Specialist,"['Mid-to-Senior (12 yrs)', 'STEM discipline', 'Domain-relevant experience']",0,Stable in Role
14132,city_160,0.92,Male,Has relevent experience,no_enrollment,Graduate,STEM,10,10000+,Pvt Ltd,4,42,0.0847457627118644,0.0847457627118644,10.0,0.5,0.7999999999999999,0.21,1.0,43.57,1415,33.6,8.5,50.0,80.0,21.0,100.0,Qualified Applicant,"['Mid-to-Senior (10 yrs)', 'STEM discipline', 'Domain-relevant experience']",0,Stable in Role
32229,city_30,0.698,Male,Has relevent experience,Full time course,Graduate,STEM,5,100-500,Pvt Ltd,1,192,0.049019607843137254,0.049019607843137254,5.0,0.25,0.7999999999999999,0.96,1.0,43.57,1415,33.6,4.9,25.0,80.0,96.0,100.0,Qualified Applicant,"['5 yrs exp', 'STEM discipline', 'Committed upskiller (192 hrs)', 'Domain-relevant experience']",0,Stable in Role
25341,city_114,0.926,,Has relevent experience,Part time course,Graduate,STEM,12,10/49,NGO,1,2,0.07035175879396985,0.07035175879396985,12.0,0.6,0.7999999999999999,0.01,1.0,43.56,1417,33.5,7.0,60.0,80.0,1.0,100.0,Senior Specialist,"['Mid-to-Senior (12 yrs)', 'STEM discipline', 'Domain-relevant experience']",0,Stable in Role
7519,city_103,0.92,Male,No relevent experience,Full time course,Masters,Humanities,8,<10,Public Sector,4,56,0.27564102564102566,0.27564102564102566,8.0,0.4,0.88,0.28,0.35,43.55,1418,33.4,27.6,40.0,88.0,28.0,35.0,Qualified Applicant,"['Mid-to-Senior (8 yrs)', 'Advanced degree (Masters)']",0,Stable in Role
14255,city_103,0.92,Female,Has relevent experience,no_enrollment,Graduate,Arts,10,50-99,Pvt Ltd,2,81,0.0847457627118644,0.0847457627118644,10.0,0.5,0.7,0.405,1.0,43.52,1419,33.4,8.5,50.0,70.0,40.5,100.0,Qualified Applicant,"['Mid-to-Senior (10 yrs)', 'Committed upskiller (81 hrs)', 'Domain-relevant experience']",0,Stable in Role
26309,city_114,0.926,Male,No relevent experience,Full time course,Graduate,STEM,14,10/49,Pvt Ltd,1,47,0.11859838274932614,0.11859838274932614,14.0,0.7,0.7999999999999999,0.235,0.35,43.5,1420,33.3,11.9,70.0,80.0,23.5,35.0,Senior Specialist,"['Mid-to-Senior (14 yrs)', 'STEM discipline']",0,Stable in Role
19468,city_77,0.83,Male,Has relevent experience,no_enrollment,Graduate,STEM,7,10/49,,2,140,0.049019607843137254,0.049019607843137254,7.0,0.35,0.7999999999999999,0.7,1.0,43.47,1421,33.3,4.9,35.0,80.0,70.0,100.0,Qualified Applicant,"['7 yrs exp', 'STEM discipline', 'Committed upskiller (140 hrs)', 'Domain-relevant experience']",0,Stable in Role
26805,city_103,0.92,,No relevent experience,Full time course,Graduate,STEM,<1,,,>4,41,0.6077348066298343,0.6077348066298343,0.5,0.025,0.7999999999999999,0.205,0.35,43.45,1422,33.3,60.8,2.5,80.0,20.5,35.0,Qualified Applicant,"['Open to progression', '0 yrs exp', 'STEM discipline']",1,Ready for Transition
8491,city_103,0.92,Male,Has relevent experience,no_enrollment,Graduate,STEM,11,<10,Early Stage Startup,1,9,0.09259259259259259,0.09259259259259259,11.0,0.55,0.7999999999999999,0.045,1.0,43.44,1423,33.2,9.3,55.0,80.0,4.5,100.0,Qualified Applicant,"['Mid-to-Senior (11 yrs)', 'STEM discipline', 'Domain-relevant experience']",0,Stable in Role
18264,city_114,0.926,Female,Has relevent experience,no_enrollment,Primary School,,>20,10/49,Pvt Ltd,>4,54,0.049019607843137254,0.049019607843137254,22.0,1.0,0.2,0.27,1.0,43.42,1424,33.2,4.9,100.0,20.0,27.0,100.0,Senior Specialist,"['Deep seniority (22+ yrs)', 'Domain-relevant experience']",0,Stable in Role
15094,city_16,0.91,Male,Has relevent experience,no_enrollment,Graduate,STEM,9,50-99,Funded Startup,3,88,0.049019607843137254,0.049019607843137254,9.0,0.45,0.7999999999999999,0.44,1.0,43.37,1425,33.1,4.9,45.0,80.0,44.0,100.0,Qualified Applicant,"['Mid-to-Senior (9 yrs)', 'STEM discipline', 'Committed upskiller (88 hrs)', 'Domain-relevant experience']",0,Stable in Role
24340,city_136,0.897,Male,Has relevent experience,no_enrollment,Masters,STEM,9,1000-4999,Pvt Ltd,1,16,0.049019607843137254,0.049019607843137254,9.0,0.45,0.98,0.08,1.0,43.37,1425,33.1,4.9,45.0,98.0,8.0,100.0,Qualified Applicant,"['Mid-to-Senior (9 yrs)', 'Advanced degree (Masters)', 'STEM discipline', 'Domain-relevant experience']",0,Stable in Role
1864,city_103,0.92,Male,Has relevent experience,no_enrollment,Graduate,STEM,8,100-500,Early Stage Startup,2,92,0.07894736842105263,0.07894736842105263,8.0,0.4,0.7999999999999999,0.46,1.0,43.36,1427,33.0,7.9,40.0,80.0,46.0,100.0,Qualified Applicant,"['Mid-to-Senior (8 yrs)', 'STEM discipline', 'Committed upskiller (92 hrs)', 'Domain-relevant experience']",0,Stable in Role
14035,city_21,0.624,,No relevent experience,Full time course,Graduate,STEM,2,,,never,18,0.5838509316770185,0.5838509316770185,2.0,0.1,0.7999999999999999,0.09,0.35,43.33,1428,32.9,58.4,10.0,80.0,9.0,35.0,Qualified Applicant,"['Open to progression', '2 yrs exp', 'STEM discipline']",1,Ready for Transition
15367,city_103,0.92,Male,No relevent experience,Full time course,Graduate,STEM,<1,,,1,24,0.6287878787878788,0.6287878787878788,0.5,0.025,0.7999999999999999,0.12,0.35,43.33,1428,32.9,62.9,2.5,80.0,12.0,35.0,Qualified Applicant,"['Open to progression', '0 yrs exp', 'STEM discipline']",1,Ready for Transition
30046,city_114,0.926,Male,Has relevent experience,Full time course,Masters,STEM,5,1000-4999,Public Sector,1,90,0.0847457627118644,0.0847457627118644,5.0,0.25,0.98,0.45,1.0,43.32,1430,32.9,8.5,25.0,98.0,45.0,100.0,Qualified Applicant,"['5 yrs exp', 'Advanced degree (Masters)', 'STEM discipline', 'Committed upskiller (90 hrs)']",0,Stable in Role
9564,city_103,0.92,,Has relevent experience,no_enrollment,Graduate,STEM,9,1000-4999,Pvt Ltd,3,72,0.07035175879396985,0.07035175879396985,9.0,0.45,0.7999999999999999,0.36,1.0,43.31,1431,32.8,7.0,45.0,80.0,36.0,100.0,Qualified Applicant,"['Mid-to-Senior (9 yrs)', 'STEM discipline', 'Domain-relevant experience']",0,Stable in Role
464,city_114,0.926,,No relevent experience,Full time course,High School,,20,,Pvt Ltd,never,76,0.0847457627118644,0.0847457627118644,20.0,1.0,0.4,0.38,0.35,43.27,1432,32.8,8.5,100.0,40.0,38.0,35.0,Senior Specialist,['Deep seniority (20+ yrs)'],0,Stable in Role
9664,city_41,0.8270000000000001,Male,Has relevent experience,Part time course,Graduate,STEM,8,<10,Pvt Ltd,2,86,0.0847457627118644,0.0847457627118644,8.0,0.4,0.7999999999999999,0.43,1.0,43.27,1432,32.8,8.5,40.0,80.0,43.0,100.0,Qualified Applicant,"['Mid-to-Senior (8 yrs)', 'STEM discipline', 'Committed upskiller (86 hrs)', 'Domain-relevant experience']",0,Stable in Role
30221,city_11,0.55,,No relevent experience,Part time course,Graduate,STEM,1,,,1,10,0.6287878787878788,0.6287878787878788,1.0,0.05,0.7999999999999999,0.05,0.35,43.26,1434,32.7,62.9,5.0,80.0,5.0,35.0,Qualified Applicant,"['Open to progression', '1 yrs exp', 'STEM discipline']",1,Ready for Transition
25113,city_21,0.624,Male,No relevent experience,Full time course,Graduate,STEM,2,10/49,,1,32,0.5614035087719298,0.5614035087719298,2.0,0.1,0.7999999999999999,0.16,0.35,43.25,1435,32.6,56.1,10.0,80.0,16.0,35.0,Qualified Applicant,"['Open to progression', '2 yrs exp', 'STEM discipline']",1,Ready for Transition
115,city_61,0.913,Male,Has relevent experience,no_enrollment,Graduate,STEM,12,1000-4999,Pvt Ltd,1,10,0.049019607843137254,0.049019607843137254,12.0,0.6,0.7999999999999999,0.05,1.0,43.22,1436,32.6,4.9,60.0,80.0,5.0,100.0,Senior Specialist,"['Mid-to-Senior (12 yrs)', 'STEM discipline', 'Domain-relevant experience']",0,Stable in Role
29890,city_160,0.92,Male,No relevent experience,no_enrollment,Graduate,STEM,16,50-99,Funded Startup,>4,40,0.049019607843137254,0.049019607843137254,16.0,0.8,0.7999999999999999,0.2,0.35,43.22,1436,32.6,4.9,80.0,80.0,20.0,35.0,Senior Specialist,"['Deep seniority (16+ yrs)', 'STEM discipline']",0,Stable in Role
15634,city_61,0.913,Male,Has relevent experience,no_enrollment,Graduate,No Major,11,100-500,Pvt Ltd,>4,50,0.0847457627118644,0.0847457627118644,11.0,0.55,0.7,0.25,1.0,43.22,1436,32.6,8.5,55.0,70.0,25.0,100.0,Qualified Applicant,"['Mid-to-Senior (11 yrs)', 'Domain-relevant experience']",0,Stable in Role
24081,city_64,0.6659999999999999,Male,No relevent experience,Full time course,Graduate,Arts,2,,,1,94,0.5289855072463768,0.5289855072463768,2.0,0.1,0.7,0.47,0.35,43.21,1439,32.4,52.9,10.0,70.0,47.0,35.0,Qualified Applicant,"['Open to progression', '2 yrs exp', 'Committed upskiller (94 hrs)']",1,Ready for Transition
31758,city_145,0.555,Male,No relevent experience,Full time course,Graduate,STEM,1,,,1,9,0.6287878787878788,0.6287878787878788,1.0,0.05,0.7999999999999999,0.045,0.35,43.21,1439,32.4,62.9,5.0,80.0,4.5,35.0,Qualified Applicant,"['Open to progression', '1 yrs exp', 'STEM discipline']",1,Ready for Transition
16245,city_158,0.7659999999999999,Male,Has relevent experience,no_enrollment,Graduate,STEM,5,50-99,Pvt Ltd,2,26,0.27564102564102566,0.27564102564102566,5.0,0.25,0.7999999999999999,0.13,1.0,43.2,1441,32.3,27.6,25.0,80.0,13.0,100.0,Qualified Applicant,"['5 yrs exp', 'STEM discipline', 'Domain-relevant experience']",0,Stable in Role
853,city_103,0.92,,Has relevent experience,no_enrollment,Graduate,STEM,10,100-500,Public Sector,2,11,0.11859838274932614,0.11859838274932614,10.0,0.5,0.7999999999999999,0.055,1.0,43.2,1441,32.3,11.9,50.0,80.0,5.5,100.0,Qualified Applicant,"['Mid-to-Senior (10 yrs)', 'STEM discipline', 'Domain-relevant experience']",0,Stable in Role
11855,city_175,0.7759999999999999,Male,Has relevent experience,Part time course,Graduate,STEM,5,5000-9999,Pvt Ltd,4,26,0.27564102564102566,0.27564102564102566,5.0,0.25,0.7999999999999999,0.13,1.0,43.2,1441,32.3,27.6,25.0,80.0,13.0,100.0,Qualified Applicant,"['5 yrs exp', 'STEM discipline', 'Domain-relevant experience']",0,Stable in Role
31483,city_10,0.895,,No relevent experience,no_enrollment,Graduate,STEM,14,1000-4999,Pvt Ltd,,40,0.11859838274932614,0.11859838274932614,14.0,0.7,0.7999999999999999,0.2,0.35,43.15,1444,32.2,11.9,70.0,80.0,20.0,35.0,Senior Specialist,"['Mid-to-Senior (14 yrs)', 'STEM discipline']",0,Stable in Role
18023,city_70,0.698,Male,Has relevent experience,Part time course,Graduate,STEM,4,10000+,Pvt Ltd,1,48,0.2777777777777778,0.2777777777777778,4.0,0.2,0.7999999999999999,0.24,1.0,43.12,1445,32.2,27.8,20.0,80.0,24.0,100.0,Qualified Applicant,"['4 yrs exp', 'STEM discipline', 'Domain-relevant experience']",0,Stable in Role
25696,city_114,0.926,Male,Has relevent experience,no_enrollment,Graduate,STEM,11,100-500,Pvt Ltd,1,18,0.07035175879396985,0.07035175879396985,11.0,0.55,0.7999999999999999,0.09,1.0,43.11,1446,32.1,7.0,55.0,80.0,9.0,100.0,Qualified Applicant,"['Mid-to-Senior (11 yrs)', 'STEM discipline', 'Domain-relevant experience']",0,Stable in Role
16203,city_89,0.925,Male,Has relevent experience,no_enrollment,Graduate,STEM,9,,Pvt Ltd,1,67,0.07035175879396985,0.07035175879396985,9.0,0.45,0.7999999999999999,0.335,1.0,43.06,1447,32.1,7.0,45.0,80.0,33.5,100.0,Qualified Applicant,"['Mid-to-Senior (9 yrs)', 'STEM discipline', 'Domain-relevant experience']",0,Stable in Role
17386,city_176,0.764,Male,Has relevent experience,Full time course,Graduate,STEM,5,<10,Pvt Ltd,>4,133,0.11859838274932614,0.11859838274932614,5.0,0.25,0.7999999999999999,0.665,1.0,43.05,1448,32.0,11.9,25.0,80.0,66.5,100.0,Qualified Applicant,"['5 yrs exp', 'STEM discipline', 'Committed upskiller (133 hrs)', 'Domain-relevant experience']",0,Stable in Role
4832,city_91,0.691,Male,Has relevent experience,Part time course,Graduate,STEM,4,50-99,Funded Startup,1,48,0.27564102564102566,0.27564102564102566,4.0,0.2,0.7999999999999999,0.24,1.0,43.05,1448,32.0,27.6,20.0,80.0,24.0,100.0,Qualified Applicant,"['4 yrs exp', 'STEM discipline', 'Domain-relevant experience']",0,Stable in Role
13373,city_21,0.624,,No relevent experience,Full time course,Graduate,STEM,<1,,,never,33,0.6077348066298343,0.6077348066298343,0.5,0.025,0.7999999999999999,0.165,0.35,43.05,1448,32.0,60.8,2.5,80.0,16.5,35.0,Qualified Applicant,"['Open to progression', '0 yrs exp', 'STEM discipline']",1,Ready for Transition
8042,city_45,0.89,Male,Has relevent experience,no_enrollment,High School,,15,,,1,66,0.0847457627118644,0.0847457627118644,15.0,0.75,0.4,0.33,1.0,43.02,1451,31.9,8.5,75.0,40.0,33.0,100.0,Senior Specialist,"['Deep seniority (15+ yrs)', 'Domain-relevant experience']",0,Stable in Role
24372,city_98,0.949,,Has relevent experience,no_enrollment,Masters,STEM,4,100-500,Pvt Ltd,1,134,0.049019607843137254,0.049019607843137254,4.0,0.2,0.98,0.67,1.0,43.02,1451,31.9,4.9,20.0,98.0,67.0,100.0,Qualified Applicant,"['4 yrs exp', 'Advanced degree (Masters)', 'STEM discipline', 'Committed upskiller (134 hrs)']",0,Stable in Role
13269,city_103,0.92,Male,Has relevent experience,no_enrollment,Graduate,Humanities,7,1000-4999,NGO,1,170,0.049019607843137254,0.049019607843137254,7.0,0.35,0.7,0.85,1.0,42.97,1453,31.8,4.9,35.0,70.0,85.0,100.0,Qualified Applicant,"['7 yrs exp', 'Committed upskiller (170 hrs)', 'Domain-relevant experience']",0,Stable in Role
407,city_103,0.92,Male,Has relevent experience,no_enrollment,Graduate,STEM,10,100-500,Pvt Ltd,1,30,0.0847457627118644,0.0847457627118644,10.0,0.5,0.7999999999999999,0.15,1.0,42.97,1453,31.8,8.5,50.0,80.0,15.0,100.0,Qualified Applicant,"['Mid-to-Senior (10 yrs)', 'STEM discipline', 'Domain-relevant experience']",0,Stable in Role
12500,city_105,0.794,Male,Has relevent experience,Full time course,Graduate,STEM,11,100-500,Pvt Ltd,>4,30,0.049019607843137254,0.049019607843137254,11.0,0.55,0.7999999999999999,0.15,1.0,42.97,1453,31.8,4.9,55.0,80.0,15.0,100.0,Qualified Applicant,"['Mid-to-Senior (11 yrs)', 'STEM discipline', 'Domain-relevant experience']",0,Stable in Role
27610,city_27,0.848,Male,Has relevent experience,no_enrollment,Graduate,STEM,9,<10,Pvt Ltd,2,31,0.11859838274932614,0.11859838274932614,9.0,0.45,0.7999999999999999,0.155,1.0,42.95,1456,31.7,11.9,45.0,80.0,15.5,100.0,Qualified Applicant,"['Mid-to-Senior (9 yrs)', 'STEM discipline', 'Domain-relevant experience']",0,Stable in Role
5002,city_73,0.754,,Has relevent experience,Part time course,Masters,STEM,5,5000-9999,Pvt Ltd,1,22,0.17117117117117117,0.17117117117117117,5.0,0.25,0.98,0.11,1.0,42.94,1457,31.6,17.1,25.0,98.0,11.0,100.0,Qualified Applicant,"['5 yrs exp', 'Advanced degree (Masters)', 'STEM discipline', 'Domain-relevant experience']",0,Stable in Role
1055,city_103,0.92,Male,No relevent experience,no_enrollment,Graduate,Humanities,17,100-500,Pvt Ltd,>4,24,0.0847457627118644,0.0847457627118644,17.0,0.85,0.7,0.12,0.35,42.92,1458,31.6,8.5,85.0,70.0,12.0,35.0,Senior Specialist,['Deep seniority (17+ yrs)'],0,Stable in Role
28886,city_21,0.624,,Has relevent experience,Full time course,,,1,,,never,316,0.27564102564102566,0.27564102564102566,1.0,0.05,0.6,1.0,1.0,42.9,1459,31.5,27.6,5.0,60.0,100.0,100.0,Qualified Applicant,"['1 yrs exp', 'Committed upskiller (316 hrs)', 'Domain-relevant experience']",0,Stable in Role
25867,city_75,0.939,Male,Has relevent experience,no_enrollment,Graduate,STEM,8,,,4,18,0.17117117117117117,0.17117117117117117,8.0,0.4,0.7999999999999999,0.09,1.0,42.89,1460,31.5,17.1,40.0,80.0,9.0,100.0,Qualified Applicant,"['Mid-to-Senior (8 yrs)', 'STEM discipline', 'Domain-relevant experience']",0,Stable in Role
14574,city_21,0.624,Male,No relevent experience,Full time course,Graduate,STEM,<1,<10,Pvt Ltd,1,224,0.3644859813084112,0.3644859813084112,0.5,0.025,0.7999999999999999,1.0,0.35,42.88,1461,31.4,36.4,2.5,80.0,100.0,35.0,Qualified Applicant,"['0 yrs exp', 'STEM discipline', 'Committed upskiller (224 hrs)']",0,Stable in Role
23172,city_103,0.92,Male,Has relevent experience,no_enrollment,Graduate,STEM,7,10000+,Pvt Ltd,1,103,0.0847457627118644,0.0847457627118644,7.0,0.35,0.7999999999999999,0.515,1.0,42.87,1462,31.3,8.5,35.0,80.0,51.5,100.0,Qualified Applicant,"['7 yrs exp', 'STEM discipline', 'Committed upskiller (103 hrs)', 'Domain-relevant experience']",0,Stable in Role
6179,city_16,0.91,Male,Has relevent experience,no_enrollment,Graduate,STEM,10,100-500,Pvt Ltd,2,28,0.0847457627118644,0.0847457627118644,10.0,0.5,0.7999999999999999,0.14,1.0,42.87,1462,31.3,8.5,50.0,80.0,14.0,100.0,Qualified Applicant,"['Mid-to-Senior (10 yrs)', 'STEM discipline', 'Domain-relevant experience']",0,Stable in Role
11646,city_10,0.895,Male,Has relevent experience,no_enrollment,Graduate,STEM,8,10/49,Pvt Ltd,1,78,0.0847457627118644,0.0847457627118644,8.0,0.4,0.7999999999999999,0.39,1.0,42.87,1462,31.3,8.5,40.0,80.0,39.0,100.0,Qualified Applicant,"['Mid-to-Senior (8 yrs)', 'STEM discipline', 'Domain-relevant experience']",0,Stable in Role
7881,city_114,0.926,Male,Has relevent experience,no_enrollment,Graduate,STEM,10,<10,Pvt Ltd,1,38,0.07035175879396985,0.07035175879396985,10.0,0.5,0.7999999999999999,0.19,1.0,42.86,1465,31.2,7.0,50.0,80.0,19.0,100.0,Qualified Applicant,"['Mid-to-Senior (10 yrs)', 'STEM discipline', 'Domain-relevant experience']",0,Stable in Role
11796,city_65,0.802,Male,No relevent experience,no_enrollment,Graduate,STEM,<1,,,2,29,0.6077348066298343,0.6077348066298343,0.5,0.025,0.7999999999999999,0.145,0.35,42.85,1466,31.2,60.8,2.5,80.0,14.5,35.0,Qualified Applicant,"['Open to progression', '0 yrs exp', 'STEM discipline']",1,Ready for Transition
32374,city_103,0.92,Male,Has relevent experience,no_enrollment,Graduate,STEM,11,100-500,NGO,2,2,0.0847457627118644,0.0847457627118644,11.0,0.55,0.7999999999999999,0.01,1.0,42.82,1467,31.1,8.5,55.0,80.0,1.0,100.0,Qualified Applicant,"['Mid-to-Senior (11 yrs)', 'STEM discipline', 'Domain-relevant experience']",0,Stable in Role
423,city_103,0.92,Male,Has relevent experience,no_enrollment,Masters,STEM,7,10000+,Pvt Ltd,2,30,0.0847457627118644,0.0847457627118644,7.0,0.35,0.98,0.15,1.0,42.82,1467,31.1,8.5,35.0,98.0,15.0,100.0,Qualified Applicant,"['7 yrs exp', 'Advanced degree (Masters)', 'STEM discipline', 'Domain-relevant experience']",0,Stable in Role
19260,city_16,0.91,Male,Has relevent experience,no_enrollment,Graduate,STEM,12,100-500,Pvt Ltd,4,2,0.049019607843137254,0.049019607843137254,12.0,0.6,0.7999999999999999,0.01,1.0,42.82,1467,31.1,4.9,60.0,80.0,1.0,100.0,Senior Specialist,"['Mid-to-Senior (12 yrs)', 'STEM discipline', 'Domain-relevant experience']",0,Stable in Role
4917,city_103,0.92,Male,Has relevent experience,Part time course,Graduate,STEM,5,10000+,Public Sector,>4,128,0.11859838274932614,0.11859838274932614,5.0,0.25,0.7999999999999999,0.64,1.0,42.8,1470,31.0,11.9,25.0,80.0,64.0,100.0,Qualified Applicant,"['5 yrs exp', 'STEM discipline', 'Committed upskiller (128 hrs)', 'Domain-relevant experience']",0,Stable in Role
10429,city_103,0.92,Male,No relevent experience,no_enrollment,Graduate,STEM,15,1000-4999,Pvt Ltd,>4,31,0.0847457627118644,0.0847457627118644,15.0,0.75,0.7999999999999999,0.155,0.35,42.77,1471,31.0,8.5,75.0,80.0,15.5,35.0,Senior Specialist,"['Deep seniority (15+ yrs)', 'STEM discipline']",0,Stable in Role
8905,city_70,0.698,,No relevent experience,Full time course,High School,,8,,,never,55,0.5289855072463768,0.5289855072463768,8.0,0.4,0.4,0.275,0.35,42.76,1472,30.9,52.9,40.0,40.0,27.5,35.0,Qualified Applicant,"['Open to progression', 'Mid-to-Senior (8 yrs)']",1,Ready for Transition
14500,city_116,0.743,,No relevent experience,no_enrollment,Graduate,STEM,5,,,never,84,0.3644859813084112,0.3644859813084112,5.0,0.25,0.7999999999999999,0.42,0.35,42.71,1473,30.9,36.4,25.0,80.0,42.0,35.0,Qualified Applicant,"['5 yrs exp', 'STEM discipline', 'Committed upskiller (84 hrs)']",0,Stable in Role
22507,city_123,0.738,Male,Has relevent experience,no_enrollment,Graduate,Other,8,100-500,NGO,1,91,0.11859838274932614,0.11859838274932614,8.0,0.4,0.7,0.455,1.0,42.7,1474,30.8,11.9,40.0,70.0,45.5,100.0,Qualified Applicant,"['Mid-to-Senior (8 yrs)', 'Committed upskiller (91 hrs)', 'Domain-relevant experience']",0,Stable in Role
6281,city_103,0.92,Male,No relevent experience,no_enrollment,Masters,STEM,5,5000-9999,Other,1,184,0.11859838274932614,0.11859838274932614,5.0,0.25,0.98,0.92,0.35,42.7,1474,30.8,11.9,25.0,98.0,92.0,35.0,Qualified Applicant,"['5 yrs exp', 'Advanced degree (Masters)', 'STEM discipline', 'Committed upskiller (184 hrs)']",0,Stable in Role
19043,city_46,0.762,Male,Has relevent experience,no_enrollment,Graduate,STEM,9,50-99,Pvt Ltd,1,44,0.09259259259259259,0.09259259259259259,9.0,0.45,0.7999999999999999,0.22,1.0,42.69,1476,30.7,9.3,45.0,80.0,22.0,100.0,Qualified Applicant,"['Mid-to-Senior (9 yrs)', 'STEM discipline', 'Domain-relevant experience']",0,Stable in Role
20235,city_91,0.691,Male,Has relevent experience,no_enrollment,High School,,17,50-99,Funded Startup,1,9,0.0847457627118644,0.0847457627118644,17.0,0.85,0.4,0.045,1.0,42.67,1477,30.7,8.5,85.0,40.0,4.5,100.0,Senior Specialist,"['Deep seniority (17+ yrs)', 'Domain-relevant experience']",0,Stable in Role
8038,city_150,0.698,,Has relevent experience,Part time course,Masters,STEM,5,10/49,Pvt Ltd,1,53,0.11859838274932614,0.11859838274932614,5.0,0.25,0.98,0.265,1.0,42.65,1478,30.6,11.9,25.0,98.0,26.5,100.0,Qualified Applicant,"['5 yrs exp', 'Advanced degree (Masters)', 'STEM discipline', 'Domain-relevant experience']",0,Stable in Role
3689,city_73,0.754,Male,Has relevent experience,no_enrollment,Graduate,STEM,9,10/49,Pvt Ltd,3,25,0.11859838274932614,0.11859838274932614,9.0,0.45,0.7999999999999999,0.125,1.0,42.65,1478,30.6,11.9,45.0,80.0,12.5,100.0,Qualified Applicant,"['Mid-to-Senior (9 yrs)', 'STEM discipline', 'Domain-relevant experience']",0,Stable in Role
501,city_21,0.624,Male,Has relevent experience,Full time course,High School,,2,,Pvt Ltd,never,41,0.5733333333333334,0.5733333333333334,2.0,0.1,0.4,0.205,1.0,42.62,1480,30.5,57.3,10.0,40.0,20.5,100.0,Qualified Applicant,"['Open to progression', '2 yrs exp', 'Domain-relevant experience']",1,Ready for Transition
16573,city_28,0.939,Male,Has relevent experience,,Graduate,No Major,8,10/49,Pvt Ltd,2,138,0.049019607843137254,0.049019607843137254,8.0,0.4,0.7,0.69,1.0,42.62,1480,30.5,4.9,40.0,70.0,69.0,100.0,Qualified Applicant,"['Mid-to-Senior (8 yrs)', 'Committed upskiller (138 hrs)', 'Domain-relevant experience']",0,Stable in Role
28842,city_136,0.897,Male,No relevent experience,Full time course,Graduate,STEM,7,,,1,32,0.3644859813084112,0.3644859813084112,7.0,0.35,0.7999999999999999,0.16,0.35,42.61,1482,30.4,36.4,35.0,80.0,16.0,35.0,Qualified Applicant,"['7 yrs exp', 'STEM discipline']",0,Stable in Role
3127,city_103,0.92,Male,Has relevent experience,no_enrollment,Graduate,STEM,9,5000-9999,Pvt Ltd,>4,24,0.11859838274932614,0.11859838274932614,9.0,0.45,0.7999999999999999,0.12,1.0,42.6,1483,30.4,11.9,45.0,80.0,12.0,100.0,Qualified Applicant,"['Mid-to-Senior (9 yrs)', 'STEM discipline', 'Domain-relevant experience']",0,Stable in Role
29624,city_97,0.925,,No relevent experience,Full time course,Graduate,STEM,3,,,3,16,0.5289855072463768,0.5289855072463768,3.0,0.15,0.7999999999999999,0.08,0.35,42.56,1484,30.3,52.9,15.0,80.0,8.0,35.0,Qualified Applicant,"['Open to progression', '3 yrs exp', 'STEM discipline']",1,Ready for Transition
12361,city_21,0.624,,No relevent experience,Full time course,Graduate,STEM,<1,<10,Early Stage Startup,,23,0.6077348066298343,0.6077348066298343,0.5,0.025,0.7999999999999999,0.115,0.35,42.55,1485,30.3,60.8,2.5,80.0,11.5,35.0,Qualified Applicant,"['Open to progression', '0 yrs exp', 'STEM discipline']",1,Ready for Transition
5083,city_103,0.92,Male,Has relevent experience,no_enrollment,Graduate,STEM,9,100-500,Pvt Ltd,3,46,0.0847457627118644,0.0847457627118644,9.0,0.45,0.7999999999999999,0.23,1.0,42.52,1486,30.2,8.5,45.0,80.0,23.0,100.0,Qualified Applicant,"['Mid-to-Senior (9 yrs)', 'STEM discipline', 'Domain-relevant experience']",0,Stable in Role
27307,city_114,0.926,Male,Has relevent experience,no_enrollment,Graduate,STEM,9,500-999,,2,50,0.07894736842105263,0.07894736842105263,9.0,0.45,0.7999999999999999,0.25,1.0,42.51,1487,30.2,7.9,45.0,80.0,25.0,100.0,Qualified Applicant,"['Mid-to-Senior (9 yrs)', 'STEM discipline', 'Domain-relevant experience']",0,Stable in Role
7212,city_162,0.767,Male,Has relevent experience,Full time course,Graduate,STEM,4,10/49,Pvt Ltd,,37,0.27564102564102566,0.27564102564102566,4.0,0.2,0.7999999999999999,0.185,1.0,42.5,1488,30.2,27.6,20.0,80.0,18.5,100.0,Qualified Applicant,"['4 yrs exp', 'STEM discipline', 'Domain-relevant experience']",0,Stable in Role
24739,city_103,0.92,Female,Has relevent experience,no_enrollment,Graduate,STEM,10,10000+,Pvt Ltd,>4,20,0.0847457627118644,0.0847457627118644,10.0,0.5,0.7999999999999999,0.1,1.0,42.47,1489,30.1,8.5,50.0,80.0,10.0,100.0,Qualified Applicant,"['Mid-to-Senior (10 yrs)', 'STEM discipline', 'Domain-relevant experience']",0,Stable in Role
12759,city_136,0.897,Male,Has relevent experience,Full time course,Masters,STEM,8,100-500,Pvt Ltd,2,23,0.049019607843137254,0.049019607843137254,8.0,0.4,0.98,0.115,1.0,42.47,1489,30.1,4.9,40.0,98.0,11.5,100.0,Qualified Applicant,"['Mid-to-Senior (8 yrs)', 'Advanced degree (Masters)', 'STEM discipline', 'Domain-relevant experience']",0,Stable in Role
32403,city_41,0.8270000000000001,Male,Has relevent experience,Full time course,Graduate,STEM,9,<10,,1,21,0.11859838274932614,0.11859838274932614,9.0,0.45,0.7999999999999999,0.105,1.0,42.45,1491,30.0,11.9,45.0,80.0,10.5,100.0,Qualified Applicant,"['Mid-to-Senior (9 yrs)', 'STEM discipline', 'Domain-relevant experience']",0,Stable in Role
4450,city_11,0.55,Male,No relevent experience,Full time course,Graduate,STEM,<1,10/49,Pvt Ltd,1,6,0.6287878787878788,0.6287878787878788,0.5,0.025,0.7999999999999999,0.03,0.35,42.43,1492,30.0,62.9,2.5,80.0,3.0,35.0,Qualified Applicant,"['Open to progression', '0 yrs exp', 'STEM discipline']",1,Ready for Transition
1172,city_9,0.743,Male,No relevent experience,no_enrollment,Graduate,Humanities,1,,,1,48,0.6077348066298343,0.6077348066298343,1.0,0.05,0.7,0.24,0.35,42.42,1493,29.9,60.8,5.0,70.0,24.0,35.0,Qualified Applicant,"['Open to progression', '1 yrs exp']",1,Ready for Transition
29603,city_104,0.924,Male,Has relevent experience,no_enrollment,Graduate,STEM,9,10000+,Pvt Ltd,2,69,0.049019607843137254,0.049019607843137254,9.0,0.45,0.7999999999999999,0.345,1.0,42.42,1493,29.9,4.9,45.0,80.0,34.5,100.0,Qualified Applicant,"['Mid-to-Senior (9 yrs)', 'STEM discipline', 'Domain-relevant experience']",0,Stable in Role
4114,city_114,0.926,Female,Has relevent experience,no_enrollment,Graduate,STEM,10,50-99,Pvt Ltd,3,44,0.049019607843137254,0.049019607843137254,10.0,0.5,0.7999999999999999,0.22,1.0,42.42,1493,29.9,4.9,50.0,80.0,22.0,100.0,Qualified Applicant,"['Mid-to-Senior (10 yrs)', 'STEM discipline', 'Domain-relevant experience']",0,Stable in Role
10847,city_67,0.855,Male,No relevent experience,Full time course,Phd,STEM,9,,,>4,32,0.17117117117117117,0.17117117117117117,9.0,0.45,1.0,0.16,0.35,42.34,1496,29.8,17.1,45.0,100.0,16.0,35.0,Qualified Applicant,"['Mid-to-Senior (9 yrs)', 'Advanced degree (Phd)', 'STEM discipline']",0,Stable in Role
27699,city_160,0.92,Male,Has relevent experience,no_enrollment,Graduate,Other,13,1000-4999,Pvt Ltd,>4,7,0.049019607843137254,0.049019607843137254,13.0,0.65,0.7,0.035,1.0,42.32,1497,29.7,4.9,65.0,70.0,3.5,100.0,Senior Specialist,"['Mid-to-Senior (13 yrs)', 'Domain-relevant experience']",0,Stable in Role
27376,city_159,0.843,Male,No relevent experience,Full time course,Masters,STEM,6,100-500,Public Sector,1,210,0.049019607843137254,0.049019607843137254,6.0,0.3,0.98,1.0,0.35,42.32,1497,29.7,4.9,30.0,98.0,100.0,35.0,Qualified Applicant,"['6 yrs exp', 'Advanced degree (Masters)', 'STEM discipline', 'Committed upskiller (210 hrs)']",0,Stable in Role
10618,city_21,0.624,,No relevent experience,Full time course,High School,,5,,,never,89,0.5733333333333334,0.5733333333333334,5.0,0.25,0.4,0.445,0.35,42.27,1499,29.6,57.3,25.0,40.0,44.5,35.0,Qualified Applicant,"['Open to progression', '5 yrs exp', 'Committed upskiller (89 hrs)']",1,Ready for Transition
31266,city_114,0.926,Male,Has relevent experience,no_enrollment,Graduate,STEM,9,500-999,Pvt Ltd,>4,66,0.049019607843137254,0.049019607843137254,9.0,0.45,0.7999999999999999,0.33,1.0,42.27,1499,29.6,4.9,45.0,80.0,33.0,100.0,Qualified Applicant,"['Mid-to-Senior (9 yrs)', 'STEM discipline', 'Domain-relevant experience']",0,Stable in Role
17920,city_102,0.804,Male,Has relevent experience,no_enrollment,Masters,STEM,5,100-500,Pvt Ltd,2,69,0.0847457627118644,0.0847457627118644,5.0,0.25,0.98,0.345,1.0,42.27,1499,29.6,8.5,25.0,98.0,34.5,100.0,Qualified Applicant,"['5 yrs exp', 'Advanced degree (Masters)', 'STEM discipline', 'Domain-relevant experience']",0,Stable in Role
32511,city_16,0.91,Male,No relevent experience,no_enrollment,Graduate,STEM,14,1000-4999,Public Sector,>4,7,0.14,0.14,14.0,0.7,0.7999999999999999,0.035,0.35,42.25,1502,29.5,14.0,70.0,80.0,3.5,35.0,Senior Specialist,"['Mid-to-Senior (14 yrs)', 'STEM discipline']",0,Stable in Role
11901,city_160,0.92,Male,No relevent experience,Full time course,High School,,5,,,1,88,0.5733333333333334,0.5733333333333334,5.0,0.25,0.4,0.44,0.35,42.22,1503,29.5,57.3,25.0,40.0,44.0,35.0,Qualified Applicant,"['Open to progression', '5 yrs exp', 'Committed upskiller (88 hrs)']",1,Ready for Transition
29414,city_103,0.92,,Has relevent experience,no_enrollment,Graduate,STEM,5,100-500,Pvt Ltd,2,134,0.09259259259259259,0.09259259259259259,5.0,0.25,0.7999999999999999,0.67,1.0,42.19,1504,29.4,9.3,25.0,80.0,67.0,100.0,Qualified Applicant,"['5 yrs exp', 'STEM discipline', 'Committed upskiller (134 hrs)', 'Domain-relevant experience']",0,Stable in Role
7376,city_75,0.939,Male,Has relevent experience,no_enrollment,Graduate,Other,8,500-999,Pvt Ltd,2,128,0.049019607843137254,0.049019607843137254,8.0,0.4,0.7,0.64,1.0,42.12,1505,29.4,4.9,40.0,70.0,64.0,100.0,Qualified Applicant,"['Mid-to-Senior (8 yrs)', 'Committed upskiller (128 hrs)', 'Domain-relevant experience']",0,Stable in Role
20948,city_44,0.725,,Has relevent experience,no_enrollment,Masters,STEM,5,10/49,,,42,0.11859838274932614,0.11859838274932614,5.0,0.25,0.98,0.21,1.0,42.1,1506,29.3,11.9,25.0,98.0,21.0,100.0,Qualified Applicant,"['5 yrs exp', 'Advanced degree (Masters)', 'STEM discipline', 'Domain-relevant experience']",0,Stable in Role
26856,city_103,0.92,Male,Has relevent experience,no_enrollment,High School,,16,500-999,Pvt Ltd,4,24,0.08189421391437635,0.08189421391437635,16.0,0.8,0.4,0.12,1.0,42.07,1507,29.2,8.2,80.0,40.0,12.0,100.0,Senior Specialist,"['Deep seniority (16+ yrs)', 'Domain-relevant experience']",0,Stable in Role
27834,city_50,0.8959999999999999,Male,Has relevent experience,no_enrollment,Masters,STEM,7,500-999,Pvt Ltd,1,40,0.049019607843137254,0.049019607843137254,7.0,0.35,0.98,0.2,1.0,42.07,1507,29.2,4.9,35.0,98.0,20.0,100.0,Qualified Applicant,"['7 yrs exp', 'Advanced degree (Masters)', 'STEM discipline', 'Domain-relevant experience']",0,Stable in Role
2340,city_16,0.91,Male,Has relevent experience,no_enrollment,Graduate,STEM,7,<10,Pvt Ltd,1,111,0.049019607843137254,0.049019607843137254,7.0,0.35,0.7999999999999999,0.555,1.0,42.02,1509,29.2,4.9,35.0,80.0,55.5,100.0,Qualified Applicant,"['7 yrs exp', 'STEM discipline', 'Committed upskiller (111 hrs)', 'Domain-relevant experience']",0,Stable in Role
29033,city_21,0.624,Male,No relevent experience,Full time course,,,2,,,never,110,0.5289855072463768,0.5289855072463768,2.0,0.1,0.6,0.55,0.35,42.01,1510,29.1,52.9,10.0,60.0,55.0,35.0,Qualified Applicant,"['Open to progression', '2 yrs exp', 'Committed upskiller (110 hrs)']",1,Ready for Transition
952,city_103,0.92,Male,Has relevent experience,no_enrollment,Graduate,STEM,7,10000+,Pvt Ltd,1,96,0.07035175879396985,0.07035175879396985,7.0,0.35,0.7999999999999999,0.48,1.0,42.01,1510,29.1,7.0,35.0,80.0,48.0,100.0,Qualified Applicant,"['7 yrs exp', 'STEM discipline', 'Committed upskiller (96 hrs)', 'Domain-relevant experience']",0,Stable in Role
32085,city_103,0.92,Male,Has relevent experience,no_enrollment,Graduate,STEM,9,1000-4999,,2,11,0.11859838274932614,0.11859838274932614,9.0,0.45,0.7999999999999999,0.055,1.0,41.95,1512,29.0,11.9,45.0,80.0,5.5,100.0,Qualified Applicant,"['Mid-to-Senior (9 yrs)', 'STEM discipline', 'Domain-relevant experience']",0,Stable in Role
28584,city_160,0.92,Male,Has relevent experience,no_enrollment,Graduate,STEM,6,50-99,Funded Startup,1,134,0.049019607843137254,0.049019607843137254,6.0,0.3,0.7999999999999999,0.67,1.0,41.92,1513,29.0,4.9,30.0,80.0,67.0,100.0,Qualified Applicant,"['6 yrs exp', 'STEM discipline', 'Committed upskiller (134 hrs)', 'Domain-relevant experience']",0,Stable in Role
18322,city_103,0.92,Male,Has relevent experience,Full time course,Graduate,STEM,7,50-99,Pvt Ltd,3,84,0.0847457627118644,0.0847457627118644,7.0,0.35,0.7999999999999999,0.42,1.0,41.92,1513,29.0,8.5,35.0,80.0,42.0,100.0,Qualified Applicant,"['7 yrs exp', 'STEM discipline', 'Committed upskiller (84 hrs)', 'Domain-relevant experience']",0,Stable in Role
17269,city_16,0.91,Male,No relevent experience,no_enrollment,High School,,11,,,1,78,0.3644859813084112,0.3644859813084112,11.0,0.55,0.4,0.39,0.35,41.91,1515,28.9,36.4,55.0,40.0,39.0,35.0,Qualified Applicant,['Mid-to-Senior (11 yrs)'],0,Stable in Role
15564,city_102,0.804,Male,No relevent experience,no_enrollment,Graduate,STEM,14,100-500,Pvt Ltd,2,15,0.11859838274932614,0.11859838274932614,14.0,0.7,0.7999999999999999,0.075,0.35,41.9,1516,28.8,11.9,70.0,80.0,7.5,35.0,Senior Specialist,"['Mid-to-Senior (14 yrs)', 'STEM discipline']",0,Stable in Role
2120,city_105,0.794,Male,Has relevent experience,no_enrollment,Graduate,STEM,5,100-500,Pvt Ltd,2,158,0.049019607843137254,0.049019607843137254,5.0,0.25,0.7999999999999999,0.79,1.0,41.87,1517,28.7,4.9,25.0,80.0,79.0,100.0,Qualified Applicant,"['5 yrs exp', 'STEM discipline', 'Committed upskiller (158 hrs)', 'Domain-relevant experience']",0,Stable in Role
7793,city_136,0.897,Male,No relevent experience,no_enrollment,Masters,STEM,8,5000-9999,NGO,4,116,0.0847457627118644,0.0847457627118644,8.0,0.4,0.98,0.58,0.35,41.87,1517,28.7,8.5,40.0,98.0,58.0,35.0,Qualified Applicant,"['Mid-to-Senior (8 yrs)', 'Advanced degree (Masters)', 'STEM discipline', 'Committed upskiller (116 hrs)']",0,Stable in Role
33177,city_16,0.91,Male,Has relevent experience,no_enrollment,Graduate,STEM,11,50-99,Pvt Ltd,1,8,0.049019607843137254,0.049019607843137254,11.0,0.55,0.7999999999999999,0.04,1.0,41.87,1517,28.7,4.9,55.0,80.0,4.0,100.0,Qualified Applicant,"['Mid-to-Senior (11 yrs)', 'STEM discipline', 'Domain-relevant experience']",0,Stable in Role
33291,city_76,0.698,Male,No relevent experience,no_enrollment,Graduate,STEM,10,10/49,Early Stage Startup,1,3,0.27564102564102566,0.27564102564102566,10.0,0.5,0.7999999999999999,0.015,0.35,41.8,1520,28.7,27.6,50.0,80.0,1.5,35.0,Qualified Applicant,"['Mid-to-Senior (10 yrs)', 'STEM discipline']",0,Stable in Role
15570,city_114,0.926,Male,Has relevent experience,no_enrollment,Graduate,Humanities,10,<10,Pvt Ltd,2,46,0.0847457627118644,0.0847457627118644,10.0,0.5,0.7,0.23,1.0,41.77,1521,28.6,8.5,50.0,70.0,23.0,100.0,Qualified Applicant,"['Mid-to-Senior (10 yrs)', 'Domain-relevant experience']",0,Stable in Role
5932,city_72,0.795,Male,Has relevent experience,no_enrollment,Graduate,STEM,6,5000-9999,Pvt Ltd,1,116,0.07035175879396985,0.07035175879396985,6.0,0.3,0.7999999999999999,0.58,1.0,41.76,1522,28.6,7.0,30.0,80.0,58.0,100.0,Qualified Applicant,"['6 yrs exp', 'STEM discipline', 'Committed upskiller (116 hrs)', 'Domain-relevant experience']",0,Stable in Role
471,city_103,0.92,,Has relevent experience,Full time course,Graduate,STEM,8,<10,Public Sector,2,32,0.11859838274932614,0.11859838274932614,8.0,0.4,0.7999999999999999,0.16,1.0,41.75,1523,28.5,11.9,40.0,80.0,16.0,100.0,Qualified Applicant,"['Mid-to-Senior (8 yrs)', 'STEM discipline', 'Domain-relevant experience']",0,Stable in Role
976,city_67,0.855,Male,Has relevent experience,no_enrollment,Graduate,STEM,7,100-500,Pvt Ltd,2,57,0.11859838274932614,0.11859838274932614,7.0,0.35,0.7999999999999999,0.285,1.0,41.75,1523,28.5,11.9,35.0,80.0,28.5,100.0,Qualified Applicant,"['7 yrs exp', 'STEM discipline', 'Domain-relevant experience']",0,Stable in Role
27155,city_16,0.91,,No relevent experience,,Primary School,,>20,,,never,150,0.049019607843137254,0.049019607843137254,22.0,1.0,0.2,0.75,0.35,41.72,1525,28.4,4.9,100.0,20.0,75.0,35.0,Senior Specialist,"['Deep seniority (22+ yrs)', 'Committed upskiller (150 hrs)']",0,Stable in Role
21052,city_90,0.698,Male,Has relevent experience,no_enrollment,Graduate,STEM,2,,,never,9,0.3644859813084112,0.3644859813084112,2.0,0.1,0.7999999999999999,0.045,1.0,41.71,1526,28.4,36.4,10.0,80.0,4.5,100.0,Qualified Applicant,"['2 yrs exp', 'STEM discipline', 'Domain-relevant experience']",0,Stable in Role
27512,city_16,0.91,Female,Has relevent experience,no_enrollment,Masters,STEM,5,10/49,Pvt Ltd,1,57,0.0847457627118644,0.0847457627118644,5.0,0.25,0.98,0.285,1.0,41.67,1527,28.3,8.5,25.0,98.0,28.5,100.0,Qualified Applicant,"['5 yrs exp', 'Advanced degree (Masters)', 'STEM discipline', 'Domain-relevant experience']",0,Stable in Role
3879,city_23,0.899,,Has relevent experience,no_enrollment,Graduate,STEM,9,50-99,Funded Startup,4,54,0.049019607843137254,0.049019607843137254,9.0,0.45,0.7999999999999999,0.27,1.0,41.67,1527,28.3,4.9,45.0,80.0,27.0,100.0,Qualified Applicant,"['Mid-to-Senior (9 yrs)', 'STEM discipline', 'Domain-relevant experience']",0,Stable in Role
21887,city_16,0.91,Other,No relevent experience,no_enrollment,Graduate,No Major,6,,,1,78,0.3644859813084112,0.3644859813084112,6.0,0.3,0.7,0.39,0.35,41.66,1529,28.2,36.4,30.0,70.0,39.0,35.0,Qualified Applicant,['6 yrs exp'],0,Stable in Role
10198,city_105,0.794,Male,Has relevent experience,Full time course,Graduate,STEM,11,100-500,Pvt Ltd,>4,3,0.049019607843137254,0.049019607843137254,11.0,0.55,0.7999999999999999,0.015,1.0,41.62,1530,28.1,4.9,55.0,80.0,1.5,100.0,Qualified Applicant,"['Mid-to-Senior (11 yrs)', 'STEM discipline', 'Domain-relevant experience']",0,Stable in Role
30013,city_40,0.7759999999999999,Male,Has relevent experience,no_enrollment,Masters,Other,9,100-500,Pvt Ltd,1,21,0.049019607843137254,0.049019607843137254,9.0,0.45,0.88,0.105,1.0,41.62,1530,28.1,4.9,45.0,88.0,10.5,100.0,Qualified Applicant,"['Mid-to-Senior (9 yrs)', 'Advanced degree (Masters)', 'Domain-relevant experience']",0,Stable in Role
26859,city_114,0.926,Male,Has relevent experience,no_enrollment,Graduate,STEM,7,,Pvt Ltd,1,78,0.0847457627118644,0.0847457627118644,7.0,0.35,0.7999999999999999,0.39,1.0,41.62,1530,28.1,8.5,35.0,80.0,39.0,100.0,Qualified Applicant,"['7 yrs exp', 'STEM discipline', 'Domain-relevant experience']",0,Stable in Role
18138,city_27,0.848,Male,Has relevent experience,no_enrollment,Graduate,STEM,9,100-500,Pvt Ltd,1,28,0.0847457627118644,0.0847457627118644,9.0,0.45,0.7999999999999999,0.14,1.0,41.62,1530,28.1,8.5,45.0,80.0,14.0,100.0,Qualified Applicant,"['Mid-to-Senior (9 yrs)', 'STEM discipline', 'Domain-relevant experience']",0,Stable in Role
17944,city_16,0.91,Male,Has relevent experience,no_enrollment,Graduate,Business Degree,11,1000-4999,Pvt Ltd,1,43,0.049019607843137254,0.049019607843137254,11.0,0.55,0.7,0.215,1.0,41.62,1530,28.1,4.9,55.0,70.0,21.5,100.0,Qualified Applicant,"['Mid-to-Senior (11 yrs)', 'Domain-relevant experience']",0,Stable in Role
2656,city_114,0.926,Male,No relevent experience,Full time course,Masters,STEM,8,100-500,Public Sector,1,50,0.17117117117117117,0.17117117117117117,8.0,0.4,0.98,0.25,0.35,41.59,1535,27.9,17.1,40.0,98.0,25.0,35.0,Qualified Applicant,"['Mid-to-Senior (8 yrs)', 'Advanced degree (Masters)', 'STEM discipline']",0,Stable in Role
30502,city_103,0.92,Male,Has relevent experience,no_enrollment,Graduate,STEM,9,5000-9999,Public Sector,1,22,0.09259259259259259,0.09259259259259259,9.0,0.45,0.7999999999999999,0.11,1.0,41.59,1535,27.9,9.3,45.0,80.0,11.0,100.0,Qualified Applicant,"['Mid-to-Senior (9 yrs)', 'STEM discipline', 'Domain-relevant experience']",0,Stable in Role
9753,city_37,0.794,Female,No relevent experience,Full time course,Graduate,STEM,4,,,never,86,0.3644859813084112,0.3644859813084112,4.0,0.2,0.7999999999999999,0.43,0.35,41.56,1537,27.9,36.4,20.0,80.0,43.0,35.0,Qualified Applicant,"['4 yrs exp', 'STEM discipline', 'Committed upskiller (86 hrs)']",0,Stable in Role
16490,city_67,0.855,Male,Has relevent experience,no_enrollment,Graduate,STEM,8,,,1,13,0.14,0.14,8.0,0.4,0.7999999999999999,0.065,1.0,41.55,1538,27.8,14.0,40.0,80.0,6.5,100.0,Qualified Applicant,"['Mid-to-Senior (8 yrs)', 'STEM discipline', 'Domain-relevant experience']",0,Stable in Role
14883,city_21,0.624,Male,No relevent experience,no_enrollment,Graduate,STEM,1,10000+,Pvt Ltd,1,14,0.5733333333333334,0.5733333333333334,1.0,0.05,0.7999999999999999,0.07,0.35,41.52,1539,27.8,57.3,5.0,80.0,7.0,35.0,Qualified Applicant,"['Open to progression', '1 yrs exp', 'STEM discipline']",1,Ready for Transition
20956,city_136,0.897,Male,Has relevent experience,no_enrollment,Graduate,STEM,9,50-99,Pvt Ltd,4,36,0.07035175879396985,0.07035175879396985,9.0,0.45,0.7999999999999999,0.18,1.0,41.51,1540,27.7,7.0,45.0,80.0,18.0,100.0,Qualified Applicant,"['Mid-to-Senior (9 yrs)', 'STEM discipline', 'Domain-relevant experience']",0,Stable in Role
15851,city_13,0.8270000000000001,Male,Has relevent experience,no_enrollment,Graduate,STEM,6,50-99,Pvt Ltd,2,100,0.0847457627118644,0.0847457627118644,6.0,0.3,0.7999999999999999,0.5,1.0,41.47,1541,27.7,8.5,30.0,80.0,50.0,100.0,Qualified Applicant,"['6 yrs exp', 'STEM discipline', 'Committed upskiller (100 hrs)', 'Domain-relevant experience']",0,Stable in Role
7391,city_118,0.722,Male,Has relevent experience,Part time course,Graduate,STEM,4,100-500,Pvt Ltd,1,16,0.27564102564102566,0.27564102564102566,4.0,0.2,0.7999999999999999,0.08,1.0,41.45,1542,27.6,27.6,20.0,80.0,8.0,100.0,Qualified Applicant,"['4 yrs exp', 'STEM discipline', 'Domain-relevant experience']",0,Stable in Role
21871,city_72,0.795,,Has relevent experience,no_enrollment,Masters,STEM,7,<10,Funded Startup,1,27,0.049019607843137254,0.049019607843137254,7.0,0.35,0.98,0.135,1.0,41.42,1543,27.5,4.9,35.0,98.0,13.5,100.0,Qualified Applicant,"['7 yrs exp', 'Advanced degree (Masters)', 'STEM discipline', 'Domain-relevant experience']",0,Stable in Role
19783,city_16,0.91,Male,No relevent experience,no_enrollment,Graduate,STEM,16,100-500,Public Sector,1,4,0.049019607843137254,0.049019607843137254,16.0,0.8,0.7999999999999999,0.02,0.35,41.42,1543,27.5,4.9,80.0,80.0,2.0,35.0,Senior Specialist,"['Deep seniority (16+ yrs)', 'STEM discipline']",0,Stable in Role
31959,city_104,0.924,Male,Has relevent experience,no_enrollment,Graduate,STEM,9,10/49,Funded Startup,1,56,0.037037037037037035,0.037037037037037035,9.0,0.45,0.7999999999999999,0.28,1.0,41.35,1545,27.5,3.7,45.0,80.0,28.0,100.0,Qualified Applicant,"['Mid-to-Senior (9 yrs)', 'STEM discipline', 'Domain-relevant experience']",0,Stable in Role
16082,city_102,0.804,Male,Has relevent experience,no_enrollment,,,8,1000-4999,Pvt Ltd,>4,152,0.049019607843137254,0.049019607843137254,8.0,0.4,0.6,0.76,1.0,41.32,1546,27.4,4.9,40.0,60.0,76.0,100.0,Qualified Applicant,"['Mid-to-Senior (8 yrs)', 'Committed upskiller (152 hrs)', 'Domain-relevant experience']",0,Stable in Role
18822,city_104,0.924,Male,Has relevent experience,no_enrollment,Graduate,STEM,9,10/49,Pvt Ltd,1,46,0.049019607843137254,0.049019607843137254,9.0,0.45,0.7999999999999999,0.23,1.0,41.27,1547,27.4,4.9,45.0,80.0,23.0,100.0,Qualified Applicant,"['Mid-to-Senior (9 yrs)', 'STEM discipline', 'Domain-relevant experience']",0,Stable in Role
20321,city_103,0.92,Male,Has relevent experience,no_enrollment,Graduate,STEM,9,50-99,Pvt Ltd,4,21,0.0847457627118644,0.0847457627118644,9.0,0.45,0.7999999999999999,0.105,1.0,41.27,1547,27.4,8.5,45.0,80.0,10.5,100.0,Qualified Applicant,"['Mid-to-Senior (9 yrs)', 'STEM discipline', 'Domain-relevant experience']",0,Stable in Role
18271,city_21,0.624,,No relevent experience,no_enrollment,Graduate,Other,1,,,never,10,0.6287878787878788,0.6287878787878788,1.0,0.05,0.7,0.05,0.35,41.26,1549,27.3,62.9,5.0,70.0,5.0,35.0,Qualified Applicant,"['Open to progression', '1 yrs exp']",1,Ready for Transition
6400,city_103,0.92,Male,Has relevent experience,no_enrollment,Phd,STEM,4,1000-4999,Public Sector,1,42,0.11859838274932614,0.11859838274932614,4.0,0.2,1.0,0.21,1.0,41.25,1550,27.2,11.9,20.0,100.0,21.0,100.0,Qualified Applicant,"['4 yrs exp', 'Advanced degree (Phd)', 'STEM discipline', 'Domain-relevant experience']",0,Stable in Role
24820,city_142,0.727,Male,Has relevent experience,Full time course,Masters,STEM,5,<10,Pvt Ltd,1,25,0.11859838274932614,0.11859838274932614,5.0,0.25,0.98,0.125,1.0,41.25,1550,27.2,11.9,25.0,98.0,12.5,100.0,Qualified Applicant,"['5 yrs exp', 'Advanced degree (Masters)', 'STEM discipline', 'Domain-relevant experience']",0,Stable in Role
10977,city_103,0.92,Male,Has relevent experience,no_enrollment,High School,,12,10/49,Early Stage Startup,1,130,0.049019607843137254,0.049019607843137254,12.0,0.6,0.4,0.65,1.0,41.22,1552,27.1,4.9,60.0,40.0,65.0,100.0,Senior Specialist,"['Mid-to-Senior (12 yrs)', 'Committed upskiller (130 hrs)', 'Domain-relevant experience']",0,Stable in Role
26325,city_21,0.624,Male,No relevent experience,,,,3,,,never,38,0.5733333333333334,0.5733333333333334,3.0,0.15,0.6,0.19,0.35,41.22,1552,27.1,57.3,15.0,60.0,19.0,35.0,Qualified Applicant,"['Open to progression', '3 yrs exp']",1,Ready for Transition
1289,city_103,0.92,Male,No relevent experience,no_enrollment,Graduate,Humanities,16,,Public Sector,4,15,0.0847457627118644,0.0847457627118644,16.0,0.8,0.7,0.075,0.35,41.22,1552,27.1,8.5,80.0,70.0,7.5,35.0,Senior Specialist,['Deep seniority (16+ yrs)'],0,Stable in Role
31129,city_103,0.92,Male,Has relevent experience,no_enrollment,Primary School,,19,50-99,Pvt Ltd,>4,34,0.049019607843137254,0.049019607843137254,19.0,0.95,0.2,0.17,1.0,41.17,1555,27.0,4.9,95.0,20.0,17.0,100.0,Senior Specialist,"['Deep seniority (19+ yrs)', 'Domain-relevant experience']",0,Stable in Role
6793,city_138,0.836,Male,No relevent experience,no_enrollment,Masters,STEM,9,50-99,Funded Startup,1,102,0.049019607843137254,0.049019607843137254,9.0,0.45,0.98,0.51,0.35,41.17,1555,27.0,4.9,45.0,98.0,51.0,35.0,Qualified Applicant,"['Mid-to-Senior (9 yrs)', 'Advanced degree (Masters)', 'STEM discipline', 'Committed upskiller (102 hrs)']",0,Stable in Role
32553,city_57,0.866,,No relevent experience,no_enrollment,Masters,STEM,12,,Pvt Ltd,never,26,0.049019607843137254,0.049019607843137254,12.0,0.6,0.98,0.13,0.35,41.12,1557,26.9,4.9,60.0,98.0,13.0,35.0,Senior Specialist,"['Mid-to-Senior (12 yrs)', 'Advanced degree (Masters)', 'STEM discipline']",0,Stable in Role
16001,city_103,0.92,,Has relevent experience,no_enrollment,Graduate,STEM,7,10000+,,1,44,0.11859838274932614,0.11859838274932614,7.0,0.35,0.7999999999999999,0.22,1.0,41.1,1558,26.9,11.9,35.0,80.0,22.0,100.0,Qualified Applicant,"['7 yrs exp', 'STEM discipline', 'Domain-relevant experience']",0,Stable in Role
3658,city_16,0.91,Male,Has relevent experience,no_enrollment,High School,,12,50-99,Pvt Ltd,1,102,0.0847457627118644,0.0847457627118644,12.0,0.6,0.4,0.51,1.0,41.07,1559,26.8,8.5,60.0,40.0,51.0,100.0,Senior Specialist,"['Mid-to-Senior (12 yrs)', 'Committed upskiller (102 hrs)', 'Domain-relevant experience']",0,Stable in Role
20650,city_73,0.754,,Has relevent experience,Part time course,Graduate,STEM,6,10/49,Pvt Ltd,3,68,0.11859838274932614,0.11859838274932614,6.0,0.3,0.7999999999999999,0.34,1.0,41.05,1560,26.8,11.9,30.0,80.0,34.0,100.0,Qualified Applicant,"['6 yrs exp', 'STEM discipline', 'Domain-relevant experience']",0,Stable in Role
2889,city_67,0.855,Male,Has relevent experience,no_enrollment,Graduate,STEM,6,50-99,,1,91,0.0847457627118644,0.0847457627118644,6.0,0.3,0.7999999999999999,0.455,1.0,41.02,1561,26.7,8.5,30.0,80.0,45.5,100.0,Qualified Applicant,"['6 yrs exp', 'STEM discipline', 'Committed upskiller (91 hrs)', 'Domain-relevant experience']",0,Stable in Role
28911,city_160,0.92,Male,Has relevent experience,no_enrollment,Graduate,STEM,4,100-500,Funded Startup,1,165,0.049019607843137254,0.049019607843137254,4.0,0.2,0.7999999999999999,0.825,1.0,40.97,1562,26.7,4.9,20.0,80.0,82.5,100.0,Qualified Applicant,"['4 yrs exp', 'STEM discipline', 'Committed upskiller (165 hrs)', 'Domain-relevant experience']",0,Stable in Role
27117,city_90,0.698,Male,No relevent experience,Full time course,Graduate,STEM,<1,,,never,8,0.5838509316770185,0.5838509316770185,0.5,0.025,0.7999999999999999,0.04,0.35,40.96,1563,26.6,58.4,2.5,80.0,4.0,35.0,Qualified Applicant,"['Open to progression', '0 yrs exp', 'STEM discipline']",1,Ready for Transition
26367,city_46,0.762,Male,Has relevent experience,Full time course,Graduate,STEM,4,10/49,Pvt Ltd,1,79,0.17117117117117117,0.17117117117117117,4.0,0.2,0.7999999999999999,0.395,1.0,40.94,1564,26.5,17.1,20.0,80.0,39.5,100.0,Qualified Applicant,"['4 yrs exp', 'STEM discipline', 'Domain-relevant experience']",0,Stable in Role
25933,city_136,0.897,Male,Has relevent experience,no_enrollment,Masters,STEM,6,,,>4,12,0.09259259259259259,0.09259259259259259,6.0,0.3,0.98,0.06,1.0,40.94,1564,26.5,9.3,30.0,98.0,6.0,100.0,Qualified Applicant,"['6 yrs exp', 'Advanced degree (Masters)', 'STEM discipline', 'Domain-relevant experience']",0,Stable in Role
24378,city_127,0.745,Male,No relevent experience,no_enrollment,Graduate,STEM,<1,,,never,15,0.5733333333333334,0.5733333333333334,0.5,0.025,0.7999999999999999,0.075,0.35,40.94,1564,26.5,57.3,2.5,80.0,7.5,35.0,Qualified Applicant,"['Open to progression', '0 yrs exp', 'STEM discipline']",1,Ready for Transition
13883,city_136,0.897,Male,Has relevent experience,no_enrollment,Masters,Humanities,9,50-99,Pvt Ltd,1,7,0.049019607843137254,0.049019607843137254,9.0,0.45,0.88,0.035,1.0,40.92,1567,26.4,4.9,45.0,88.0,3.5,100.0,Qualified Applicant,"['Mid-to-Senior (9 yrs)', 'Advanced degree (Masters)', 'Domain-relevant experience']",0,Stable in Role
4364,city_160,0.92,Male,Has relevent experience,no_enrollment,Graduate,STEM,9,100-500,Funded Startup,1,14,0.0847457627118644,0.0847457627118644,9.0,0.45,0.7999999999999999,0.07,1.0,40.92,1567,26.4,8.5,45.0,80.0,7.0,100.0,Qualified Applicant,"['Mid-to-Senior (9 yrs)', 'STEM discipline', 'Domain-relevant experience']",0,Stable in Role
28278,city_71,0.884,Male,No relevent experience,,Phd,STEM,9,10/49,Pvt Ltd,1,89,0.049019607843137254,0.049019607843137254,9.0,0.45,1.0,0.445,0.35,40.92,1567,26.4,4.9,45.0,100.0,44.5,35.0,Qualified Applicant,"['Mid-to-Senior (9 yrs)', 'Advanced degree (Phd)', 'STEM discipline', 'Committed upskiller (89 hrs)']",0,Stable in Role
22661,city_16,0.91,Male,Has relevent experience,Full time course,Masters,STEM,4,<10,Pvt Ltd,3,92,0.049019607843137254,0.049019607843137254,4.0,0.2,0.98,0.46,1.0,40.92,1567,26.4,4.9,20.0,98.0,46.0,100.0,Qualified Applicant,"['4 yrs exp', 'Advanced degree (Masters)', 'STEM discipline', 'Committed upskiller (92 hrs)']",0,Stable in Role
4791,city_83,0.923,,No relevent experience,Full time course,Masters,STEM,4,50-99,Public Sector,3,158,0.14,0.14,4.0,0.2,0.98,0.79,0.35,40.9,1571,26.3,14.0,20.0,98.0,79.0,35.0,Qualified Applicant,"['4 yrs exp', 'Advanced degree (Masters)', 'STEM discipline', 'Committed upskiller (158 hrs)']",0,Stable in Role
29417,city_102,0.804,Male,Has relevent experience,no_enrollment,Primary School,,>20,<10,Early Stage Startup,1,3,0.049019607843137254,0.049019607843137254,22.0,1.0,0.2,0.015,1.0,40.87,1572,26.2,4.9,100.0,20.0,1.5,100.0,Senior Specialist,"['Deep seniority (22+ yrs)', 'Domain-relevant experience']",0,Stable in Role
28302,city_16,0.91,Male,Has relevent experience,no_enrollment,Graduate,STEM,5,<10,Pvt Ltd,1,138,0.049019607843137254,0.049019607843137254,5.0,0.25,0.7999999999999999,0.69,1.0,40.87,1572,26.2,4.9,25.0,80.0,69.0,100.0,Qualified Applicant,"['5 yrs exp', 'STEM discipline', 'Committed upskiller (138 hrs)', 'Domain-relevant experience']",0,Stable in Role
3377,city_160,0.92,,Has relevent experience,no_enrollment,Masters,STEM,6,100-500,Pvt Ltd,1,26,0.07035175879396985,0.07035175879396985,6.0,0.3,0.98,0.13,1.0,40.86,1574,26.1,7.0,30.0,98.0,13.0,100.0,Qualified Applicant,"['6 yrs exp', 'Advanced degree (Masters)', 'STEM discipline', 'Domain-relevant experience']",0,Stable in Role
11845,city_103,0.92,Female,No relevent experience,Full time course,Phd,STEM,7,,NGO,never,89,0.11859838274932614,0.11859838274932614,7.0,0.35,1.0,0.445,0.35,40.85,1575,26.1,11.9,35.0,100.0,44.5,35.0,Qualified Applicant,"['7 yrs exp', 'Advanced degree (Phd)', 'STEM discipline', 'Committed upskiller (89 hrs)']",0,Stable in Role
17481,city_114,0.926,Male,No relevent experience,Full time course,Graduate,STEM,11,,Public Sector,>4,32,0.17117117117117117,0.17117117117117117,11.0,0.55,0.7999999999999999,0.16,0.35,40.84,1576,26.0,17.1,55.0,80.0,16.0,35.0,Qualified Applicant,"['Mid-to-Senior (11 yrs)', 'STEM discipline']",0,Stable in Role
16675,city_67,0.855,Male,Has relevent experience,no_enrollment,Masters,STEM,5,10000+,Pvt Ltd,1,40,0.0847457627118644,0.0847457627118644,5.0,0.25,0.98,0.2,1.0,40.82,1577,26.0,8.5,25.0,98.0,20.0,100.0,Qualified Applicant,"['5 yrs exp', 'Advanced degree (Masters)', 'STEM discipline', 'Domain-relevant experience']",0,Stable in Role
734,city_103,0.92,,Has relevent experience,no_enrollment,Graduate,STEM,10,500-999,Pvt Ltd,,11,0.049019607843137254,0.049019607843137254,10.0,0.5,0.7999999999999999,0.055,1.0,40.77,1578,25.9,4.9,50.0,80.0,5.5,100.0,Qualified Applicant,"['Mid-to-Senior (10 yrs)', 'STEM discipline', 'Domain-relevant experience']",0,Stable in Role
6154,city_114,0.926,Male,No relevent experience,Full time course,Masters,STEM,9,5000-9999,Pvt Ltd,1,68,0.0847457627118644,0.0847457627118644,9.0,0.45,0.98,0.34,0.35,40.72,1579,25.9,8.5,45.0,98.0,34.0,35.0,Qualified Applicant,"['Mid-to-Senior (9 yrs)', 'Advanced degree (Masters)', 'STEM discipline']",0,Stable in Role
30388,city_67,0.855,Male,Has relevent experience,no_enrollment,Graduate,STEM,7,10000+,Pvt Ltd,1,64,0.07894736842105263,0.07894736842105263,7.0,0.35,0.7999999999999999,0.32,1.0,40.71,1580,25.8,7.9,35.0,80.0,32.0,100.0,Qualified Applicant,"['7 yrs exp', 'STEM discipline', 'Domain-relevant experience']",0,Stable in Role
344,city_103,0.92,Male,Has relevent experience,no_enrollment,Graduate,STEM,9,100-500,NGO,1,14,0.07894736842105263,0.07894736842105263,9.0,0.45,0.7999999999999999,0.07,1.0,40.71,1580,25.8,7.9,45.0,80.0,7.0,100.0,Qualified Applicant,"['Mid-to-Senior (9 yrs)', 'STEM discipline', 'Domain-relevant experience']",0,Stable in Role
7522,city_103,0.92,,No relevent experience,no_enrollment,Graduate,Business Degree,9,,Public Sector,2,46,0.27564102564102566,0.27564102564102566,9.0,0.45,0.7,0.23,0.35,40.7,1582,25.7,27.6,45.0,70.0,23.0,35.0,Qualified Applicant,['Mid-to-Senior (9 yrs)'],0,Stable in Role
6720,city_21,0.624,,Has relevent experience,Full time course,,,2,10/49,,,68,0.3644859813084112,0.3644859813084112,2.0,0.1,0.6,0.34,1.0,40.66,1583,25.7,36.4,10.0,60.0,34.0,100.0,Qualified Applicant,"['2 yrs exp', 'Domain-relevant experience']",0,Stable in Role
18166,city_30,0.698,Female,Has relevent experience,no_enrollment,Graduate,STEM,9,100-500,Pvt Ltd,1,18,0.07035175879396985,0.07035175879396985,9.0,0.45,0.7999999999999999,0.09,1.0,40.61,1584,25.6,7.0,45.0,80.0,9.0,100.0,Qualified Applicant,"['Mid-to-Senior (9 yrs)', 'STEM discipline', 'Domain-relevant experience']",0,Stable in Role
12029,city_19,0.682,Male,Has relevent experience,no_enrollment,Graduate,Arts,9,10/49,Funded Startup,1,42,0.09259259259259259,0.09259259259259259,9.0,0.45,0.7,0.21,1.0,40.59,1585,25.6,9.3,45.0,70.0,21.0,100.0,Qualified Applicant,"['Mid-to-Senior (9 yrs)', 'Domain-relevant experience']",0,Stable in Role
28764,city_21,0.624,Male,No relevent experience,Full time course,High School,,1,,,never,148,0.5838509316770185,0.5838509316770185,1.0,0.05,0.4,0.74,0.35,40.58,1586,25.6,58.4,5.0,40.0,74.0,35.0,Qualified Applicant,"['Open to progression', '1 yrs exp', 'Committed upskiller (148 hrs)']",1,Ready for Transition
5298,city_104,0.924,,Has relevent experience,no_enrollment,Graduate,STEM,10,100-500,NGO,1,7,0.049019607843137254,0.049019607843137254,10.0,0.5,0.7999999999999999,0.035,1.0,40.57,1587,25.4,4.9,50.0,80.0,3.5,100.0,Qualified Applicant,"['Mid-to-Senior (10 yrs)', 'STEM discipline', 'Domain-relevant experience']",0,Stable in Role
17502,city_136,0.897,Male,Has relevent experience,no_enrollment,Graduate,STEM,5,,,1,107,0.0847457627118644,0.0847457627118644,5.0,0.25,0.7999999999999999,0.535,1.0,40.57,1587,25.4,8.5,25.0,80.0,53.5,100.0,Qualified Applicant,"['5 yrs exp', 'STEM discipline', 'Committed upskiller (107 hrs)', 'Domain-relevant experience']",0,Stable in Role
21673,city_36,0.893,,Has relevent experience,no_enrollment,Graduate,STEM,7,500-999,Pvt Ltd,1,57,0.0847457627118644,0.0847457627118644,7.0,0.35,0.7999999999999999,0.285,1.0,40.57,1587,25.4,8.5,35.0,80.0,28.5,100.0,Qualified Applicant,"['7 yrs exp', 'STEM discipline', 'Domain-relevant experience']",0,Stable in Role
21318,city_103,0.92,Male,Has relevent experience,no_enrollment,Graduate,STEM,9,1000-4999,Pvt Ltd,1,7,0.0847457627118644,0.0847457627118644,9.0,0.45,0.7999999999999999,0.035,1.0,40.57,1587,25.4,8.5,45.0,80.0,3.5,100.0,Qualified Applicant,"['Mid-to-Senior (9 yrs)', 'STEM discipline', 'Domain-relevant experience']",0,Stable in Role
33134,city_46,0.762,Male,Has relevent experience,no_enrollment,Graduate,STEM,4,<10,Pvt Ltd,4,108,0.11859838274932614,0.11859838274932614,4.0,0.2,0.7999999999999999,0.54,1.0,40.55,1591,25.3,11.9,20.0,80.0,54.0,100.0,Qualified Applicant,"['4 yrs exp', 'STEM discipline', 'Committed upskiller (108 hrs)', 'Domain-relevant experience']",0,Stable in Role
30739,city_75,0.939,Male,Has relevent experience,no_enrollment,Graduate,STEM,10,<10,Pvt Ltd,1,6,0.049019607843137254,0.049019607843137254,10.0,0.5,0.7999999999999999,0.03,1.0,40.52,1592,25.3,4.9,50.0,80.0,3.0,100.0,Qualified Applicant,"['Mid-to-Senior (10 yrs)', 'STEM discipline', 'Domain-relevant experience']",0,Stable in Role
15141,city_138,0.836,Male,Has relevent experience,no_enrollment,Graduate,STEM,6,10/49,Pvt Ltd,3,105,0.049019607843137254,0.049019607843137254,6.0,0.3,0.7999999999999999,0.525,1.0,40.47,1593,25.2,4.9,30.0,80.0,52.5,100.0,Qualified Applicant,"['6 yrs exp', 'STEM discipline', 'Committed upskiller (105 hrs)', 'Domain-relevant experience']",0,Stable in Role
3395,city_53,0.74,Male,No relevent experience,Full time course,High School,,3,,,1,127,0.5384615384615384,0.5384615384615384,3.0,0.15,0.4,0.635,0.35,40.45,1594,25.2,53.8,15.0,40.0,63.5,35.0,Qualified Applicant,"['Open to progression', '3 yrs exp', 'Committed upskiller (127 hrs)']",1,Ready for Transition
5412,city_173,0.878,Male,Has relevent experience,no_enrollment,Graduate,STEM,1,,,1,70,0.27564102564102566,0.27564102564102566,1.0,0.05,0.7999999999999999,0.35,1.0,40.4,1595,25.1,27.6,5.0,80.0,35.0,100.0,Qualified Applicant,"['1 yrs exp', 'STEM discipline', 'Domain-relevant experience']",0,Stable in Role
14873,city_36,0.893,,Has relevent experience,no_enrollment,Graduate,STEM,8,100-500,,>4,5,0.11859838274932614,0.11859838274932614,8.0,0.4,0.7999999999999999,0.025,1.0,40.4,1595,25.1,11.9,40.0,80.0,2.5,100.0,Qualified Applicant,"['Mid-to-Senior (8 yrs)', 'STEM discipline', 'Domain-relevant experience']",0,Stable in Role
24362,city_20,0.7959999999999999,,Has relevent experience,Part time course,Graduate,STEM,6,10/49,Pvt Ltd,4,18,0.17117117117117117,0.17117117117117117,6.0,0.3,0.7999999999999999,0.09,1.0,40.39,1597,25.0,17.1,30.0,80.0,9.0,100.0,Qualified Applicant,"['6 yrs exp', 'STEM discipline', 'Domain-relevant experience']",0,Stable in Role
30245,city_11,0.55,Male,No relevent experience,Full time course,High School,,4,,,never,76,0.5733333333333334,0.5733333333333334,4.0,0.2,0.4,0.38,0.35,40.37,1598,25.0,57.3,20.0,40.0,38.0,35.0,Qualified Applicant,"['Open to progression', '4 yrs exp']",1,Ready for Transition
17021,city_160,0.92,Male,Has relevent experience,no_enrollment,Graduate,STEM,6,100-500,Funded Startup,1,102,0.049019607843137254,0.049019607843137254,6.0,0.3,0.7999999999999999,0.51,1.0,40.32,1599,24.9,4.9,30.0,80.0,51.0,100.0,Qualified Applicant,"['6 yrs exp', 'STEM discipline', 'Committed upskiller (102 hrs)', 'Domain-relevant experience']",0,Stable in Role
26895,city_65,0.802,Male,Has relevent experience,no_enrollment,Graduate,STEM,6,50-99,Funded Startup,3,101,0.049019607843137254,0.049019607843137254,6.0,0.3,0.7999999999999999,0.505,1.0,40.27,1600,24.9,4.9,30.0,80.0,50.5,100.0,Qualified Applicant,"['6 yrs exp', 'STEM discipline', 'Committed upskiller (101 hrs)', 'Domain-relevant experience']",0,Stable in Role
2736,city_16,0.91,Male,Has relevent experience,no_enrollment,Graduate,Other,9,<10,Pvt Ltd,1,41,0.0847457627118644,0.0847457627118644,9.0,0.45,0.7,0.205,1.0,40.27,1600,24.9,8.5,45.0,70.0,20.5,100.0,Qualified Applicant,"['Mid-to-Senior (9 yrs)', 'Domain-relevant experience']",0,Stable in Role
1850,city_103,0.92,,No relevent experience,no_enrollment,Graduate,STEM,1,100-500,Public Sector,1,20,0.5289855072463768,0.5289855072463768,1.0,0.05,0.7999999999999999,0.1,0.35,40.26,1602,24.8,52.9,5.0,80.0,10.0,35.0,Qualified Applicant,"['Open to progression', '1 yrs exp', 'STEM discipline']",1,Ready for Transition
15164,city_128,0.527,Male,No relevent experience,Full time course,High School,,4,,,never,49,0.6077348066298343,0.6077348066298343,4.0,0.2,0.4,0.245,0.35,40.22,1603,24.8,60.8,20.0,40.0,24.5,35.0,Qualified Applicant,"['Open to progression', '4 yrs exp']",1,Ready for Transition
8401,city_136,0.897,Male,Has relevent experience,no_enrollment,Masters,STEM,6,50-99,Public Sector,2,7,0.07894736842105263,0.07894736842105263,6.0,0.3,0.98,0.035,1.0,40.21,1604,24.7,7.9,30.0,98.0,3.5,100.0,Qualified Applicant,"['6 yrs exp', 'Advanced degree (Masters)', 'STEM discipline', 'Domain-relevant experience']",0,Stable in Role
13397,city_173,0.878,Male,Has relevent experience,Part time course,High School,,12,1000-4999,Pvt Ltd,3,79,0.09259259259259259,0.09259259259259259,12.0,0.6,0.4,0.395,1.0,40.19,1605,24.7,9.3,60.0,40.0,39.5,100.0,Senior Specialist,"['Mid-to-Senior (12 yrs)', 'Domain-relevant experience']",0,Stable in Role
6834,city_80,0.847,Female,Has relevent experience,no_enrollment,Graduate,STEM,5,100-500,Pvt Ltd,1,99,0.0847457627118644,0.0847457627118644,5.0,0.25,0.7999999999999999,0.495,1.0,40.17,1606,24.6,8.5,25.0,80.0,49.5,100.0,Qualified Applicant,"['5 yrs exp', 'STEM discipline', 'Committed upskiller (99 hrs)', 'Domain-relevant experience']",0,Stable in Role
12735,city_50,0.8959999999999999,Male,Has relevent experience,no_enrollment,Graduate,STEM,8,50-99,,2,24,0.0847457627118644,0.0847457627118644,8.0,0.4,0.7999999999999999,0.12,1.0,40.17,1606,24.6,8.5,40.0,80.0,12.0,100.0,Qualified Applicant,"['Mid-to-Senior (8 yrs)', 'STEM discipline', 'Domain-relevant experience']",0,Stable in Role
25300,city_160,0.92,Male,Has relevent experience,no_enrollment,Graduate,STEM,7,<10,Early Stage Startup,1,59,0.07035175879396985,0.07035175879396985,7.0,0.35,0.7999999999999999,0.295,1.0,40.16,1608,24.5,7.0,35.0,80.0,29.5,100.0,Qualified Applicant,"['7 yrs exp', 'STEM discipline', 'Domain-relevant experience']",0,Stable in Role
17072,city_103,0.92,Male,Has relevent experience,no_enrollment,Graduate,STEM,6,10000+,,>4,13,0.17117117117117117,0.17117117117117117,6.0,0.3,0.7999999999999999,0.065,1.0,40.14,1609,24.5,17.1,30.0,80.0,6.5,100.0,Qualified Applicant,"['6 yrs exp', 'STEM discipline', 'Domain-relevant experience']",0,Stable in Role
10217,city_159,0.843,Male,Has relevent experience,no_enrollment,Graduate,STEM,8,50-99,Pvt Ltd,1,33,0.07035175879396985,0.07035175879396985,8.0,0.4,0.7999999999999999,0.165,1.0,40.11,1610,24.4,7.0,40.0,80.0,16.5,100.0,Qualified Applicant,"['Mid-to-Senior (8 yrs)', 'STEM discipline', 'Domain-relevant experience']",0,Stable in Role
10843,city_16,0.91,Female,Has relevent experience,no_enrollment,Graduate,STEM,8,1000-4999,Pvt Ltd,>4,33,0.07035175879396985,0.07035175879396985,8.0,0.4,0.7999999999999999,0.165,1.0,40.11,1610,24.4,7.0,40.0,80.0,16.5,100.0,Qualified Applicant,"['Mid-to-Senior (8 yrs)', 'STEM discipline', 'Domain-relevant experience']",0,Stable in Role
11842,city_46,0.762,Male,Has relevent experience,no_enrollment,Graduate,STEM,3,<10,Early Stage Startup,2,109,0.14,0.14,3.0,0.15,0.7999999999999999,0.545,1.0,40.1,1612,24.3,14.0,15.0,80.0,54.5,100.0,Qualified Applicant,"['3 yrs exp', 'STEM discipline', 'Committed upskiller (109 hrs)', 'Domain-relevant experience']",0,Stable in Role
30036,city_46,0.762,Male,Has relevent experience,no_enrollment,Graduate,STEM,2,10/49,Pvt Ltd,1,112,0.17117117117117117,0.17117117117117117,2.0,0.1,0.7999999999999999,0.56,1.0,40.09,1613,24.3,17.1,10.0,80.0,56.0,100.0,Qualified Applicant,"['2 yrs exp', 'STEM discipline', 'Committed upskiller (112 hrs)', 'Domain-relevant experience']",0,Stable in Role
16158,city_160,0.92,Male,Has relevent experience,no_enrollment,Graduate,STEM,7,50-99,Funded Startup,3,72,0.049019607843137254,0.049019607843137254,7.0,0.35,0.7999999999999999,0.36,1.0,40.07,1614,24.2,4.9,35.0,80.0,36.0,100.0,Qualified Applicant,"['7 yrs exp', 'STEM discipline', 'Domain-relevant experience']",0,Stable in Role
14205,city_103,0.92,Male,Has relevent experience,no_enrollment,Graduate,STEM,7,10/49,,2,23,0.11859838274932614,0.11859838274932614,7.0,0.35,0.7999999999999999,0.115,1.0,40.05,1615,24.2,11.9,35.0,80.0,11.5,100.0,Qualified Applicant,"['7 yrs exp', 'STEM discipline', 'Domain-relevant experience']",0,Stable in Role
30796,city_103,0.92,Male,Has relevent experience,no_enrollment,Graduate,STEM,6,10/49,Pvt Ltd,>4,32,0.14,0.14,6.0,0.3,0.7999999999999999,0.16,1.0,40.0,1616,24.1,14.0,30.0,80.0,16.0,100.0,Qualified Applicant,"['6 yrs exp', 'STEM discipline', 'Domain-relevant experience']",0,Stable in Role
31388,city_103,0.92,Male,Has relevent experience,no_enrollment,Graduate,STEM,7,5000-9999,Pvt Ltd,2,45,0.0847457627118644,0.0847457627118644,7.0,0.35,0.7999999999999999,0.225,1.0,39.97,1617,24.0,8.5,35.0,80.0,22.5,100.0,Qualified Applicant,"['7 yrs exp', 'STEM discipline', 'Domain-relevant experience']",0,Stable in Role
113,city_16,0.91,Male,Has relevent experience,no_enrollment,Masters,STEM,6,1000-4999,Pvt Ltd,1,23,0.049019607843137254,0.049019607843137254,6.0,0.3,0.98,0.115,1.0,39.97,1617,24.0,4.9,30.0,98.0,11.5,100.0,Qualified Applicant,"['6 yrs exp', 'Advanced degree (Masters)', 'STEM discipline', 'Domain-relevant experience']",0,Stable in Role
23766,city_103,0.92,Male,No relevent experience,no_enrollment,Graduate,STEM,6,10000+,Pvt Ltd,1,250,0.0847457627118644,0.0847457627118644,6.0,0.3,0.7999999999999999,1.0,0.35,39.97,1617,24.0,8.5,30.0,80.0,100.0,35.0,Qualified Applicant,"['6 yrs exp', 'STEM discipline', 'Committed upskiller (250 hrs)']",0,Stable in Role
27102,city_136,0.897,Male,Has relevent experience,no_enrollment,Masters,No Major,8,50-99,Pvt Ltd,1,13,0.049019607843137254,0.049019607843137254,8.0,0.4,0.88,0.065,1.0,39.97,1617,24.0,4.9,40.0,88.0,6.5,100.0,Qualified Applicant,"['Mid-to-Senior (8 yrs)', 'Advanced degree (Masters)', 'Domain-relevant experience']",0,Stable in Role
32783,city_134,0.698,Male,Has relevent experience,no_enrollment,Graduate,STEM,7,<10,Early Stage Startup,1,21,0.11859838274932614,0.11859838274932614,7.0,0.35,0.7999999999999999,0.105,1.0,39.95,1621,23.9,11.9,35.0,80.0,10.5,100.0,Qualified Applicant,"['7 yrs exp', 'STEM discipline', 'Domain-relevant experience']",0,Stable in Role
18575,city_67,0.855,Female,Has relevent experience,Full time course,Graduate,STEM,2,,,1,36,0.27564102564102566,0.27564102564102566,2.0,0.1,0.7999999999999999,0.18,1.0,39.95,1621,23.9,27.6,10.0,80.0,18.0,100.0,Qualified Applicant,"['2 yrs exp', 'STEM discipline', 'Domain-relevant experience']",0,Stable in Role
31557,city_100,0.887,Male,No relevent experience,no_enrollment,Graduate,Humanities,1,,,1,15,0.5838509316770185,0.5838509316770185,1.0,0.05,0.7,0.075,0.35,39.93,1623,23.8,58.4,5.0,70.0,7.5,35.0,Qualified Applicant,"['Open to progression', '1 yrs exp']",1,Ready for Transition
9858,city_103,0.92,Female,Has relevent experience,no_enrollment,Graduate,STEM,5,,Pvt Ltd,1,98,0.07894736842105263,0.07894736842105263,5.0,0.25,0.7999999999999999,0.49,1.0,39.91,1624,23.8,7.9,25.0,80.0,49.0,100.0,Qualified Applicant,"['5 yrs exp', 'STEM discipline', 'Committed upskiller (98 hrs)', 'Domain-relevant experience']",0,Stable in Role
2326,city_103,0.92,Male,No relevent experience,Full time course,High School,,7,,,1,332,0.27564102564102566,0.27564102564102566,7.0,0.35,0.4,1.0,0.35,39.9,1625,23.7,27.6,35.0,40.0,100.0,35.0,Qualified Applicant,"['7 yrs exp', 'Committed upskiller (332 hrs)']",0,Stable in Role
20887,city_114,0.926,Male,Has relevent experience,no_enrollment,Masters,STEM,6,1000-4999,Pvt Ltd,1,21,0.049019607843137254,0.049019607843137254,6.0,0.3,0.98,0.105,1.0,39.87,1626,23.6,4.9,30.0,98.0,10.5,100.0,Qualified Applicant,"['6 yrs exp', 'Advanced degree (Masters)', 'STEM discipline', 'Domain-relevant experience']",0,Stable in Role
1319,city_71,0.884,Male,No relevent experience,Part time course,Graduate,STEM,<1,,,>4,18,0.5384615384615384,0.5384615384615384,0.5,0.025,0.7999999999999999,0.09,0.35,39.87,1626,23.6,53.8,2.5,80.0,9.0,35.0,Qualified Applicant,"['Open to progression', '0 yrs exp', 'STEM discipline']",1,Ready for Transition
1179,city_160,0.92,Male,Has relevent experience,Full time course,Graduate,STEM,6,10/49,,1,43,0.11859838274932614,0.11859838274932614,6.0,0.3,0.7999999999999999,0.215,1.0,39.8,1628,23.6,11.9,30.0,80.0,21.5,100.0,Qualified Applicant,"['6 yrs exp', 'STEM discipline', 'Domain-relevant experience']",0,Stable in Role
5130,city_160,0.92,Male,Has relevent experience,no_enrollment,Graduate,STEM,8,50-99,Early Stage Startup,1,40,0.049019607843137254,0.049019607843137254,8.0,0.4,0.7999999999999999,0.2,1.0,39.72,1629,23.5,4.9,40.0,80.0,20.0,100.0,Qualified Applicant,"['Mid-to-Senior (8 yrs)', 'STEM discipline', 'Domain-relevant experience']",0,Stable in Role
29243,city_165,0.903,Female,No relevent experience,Part time course,Masters,STEM,<1,10/49,Funded Startup,1,270,0.17117117117117117,0.17117117117117117,0.5,0.025,0.98,1.0,0.35,39.72,1629,23.5,17.1,2.5,98.0,100.0,35.0,Qualified Applicant,"['0 yrs exp', 'Advanced degree (Masters)', 'STEM discipline', 'Committed upskiller (270 hrs)']",0,Stable in Role
31708,city_21,0.624,Male,No relevent experience,Full time course,High School,,4,,,1,55,0.5838509316770185,0.5838509316770185,4.0,0.2,0.4,0.275,0.35,39.68,1631,23.4,58.4,20.0,40.0,27.5,35.0,Qualified Applicant,"['Open to progression', '4 yrs exp']",1,Ready for Transition
28350,city_67,0.855,Male,Has relevent experience,Full time course,Graduate,STEM,7,50-99,Pvt Ltd,2,39,0.0847457627118644,0.0847457627118644,7.0,0.35,0.7999999999999999,0.195,1.0,39.67,1632,23.4,8.5,35.0,80.0,19.5,100.0,Qualified Applicant,"['7 yrs exp', 'STEM discipline', 'Domain-relevant experience']",0,Stable in Role
9706,city_136,0.897,Male,No relevent experience,no_enrollment,Masters,STEM,10,100-500,NGO,>4,26,0.07894736842105263,0.07894736842105263,10.0,0.5,0.98,0.13,0.35,39.66,1633,23.3,7.9,50.0,98.0,13.0,35.0,Qualified Applicant,"['Mid-to-Senior (10 yrs)', 'Advanced degree (Masters)', 'STEM discipline']",0,Stable in Role
12854,city_114,0.926,Male,Has relevent experience,no_enrollment,Graduate,STEM,8,100-500,Pvt Ltd,2,7,0.09259259259259259,0.09259259259259259,8.0,0.4,0.7999999999999999,0.035,1.0,39.59,1634,23.3,9.3,40.0,80.0,3.5,100.0,Qualified Applicant,"['Mid-to-Senior (8 yrs)', 'STEM discipline', 'Domain-relevant experience']",0,Stable in Role
1985,city_21,0.624,Male,No relevent experience,Full time course,High School,,5,,,never,35,0.5733333333333334,0.5733333333333334,5.0,0.25,0.4,0.175,0.35,39.57,1635,23.3,57.3,25.0,40.0,17.5,35.0,Qualified Applicant,"['Open to progression', '5 yrs exp']",1,Ready for Transition
4004,city_103,0.92,Male,Has relevent experience,no_enrollment,Masters,STEM,1,10/49,Funded Startup,1,119,0.07894736842105263,0.07894736842105263,1.0,0.05,0.98,0.595,1.0,39.56,1636,23.2,7.9,5.0,98.0,59.5,100.0,Qualified Applicant,"['1 yrs exp', 'Advanced degree (Masters)', 'STEM discipline', 'Committed upskiller (119 hrs)']",0,Stable in Role
9993,city_16,0.91,Male,No relevent experience,no_enrollment,Graduate,STEM,4,5000-9999,Public Sector,2,46,0.3644859813084112,0.3644859813084112,4.0,0.2,0.7999999999999999,0.23,0.35,39.56,1636,23.2,36.4,20.0,80.0,23.0,35.0,Qualified Applicant,"['4 yrs exp', 'STEM discipline']",0,Stable in Role
17307,city_114,0.926,,Has relevent experience,Full time course,Graduate,STEM,1,,,1,53,0.27564102564102566,0.27564102564102566,1.0,0.05,0.7999999999999999,0.265,1.0,39.55,1638,23.1,27.6,5.0,80.0,26.5,100.0,Qualified Applicant,"['1 yrs exp', 'STEM discipline', 'Domain-relevant experience']",0,Stable in Role
25297,city_103,0.92,Female,Has relevent experience,no_enrollment,Graduate,STEM,7,1000-4999,Pvt Ltd,2,36,0.0847457627118644,0.0847457627118644,7.0,0.35,0.7999999999999999,0.18,1.0,39.52,1639,23.1,8.5,35.0,80.0,18.0,100.0,Qualified Applicant,"['7 yrs exp', 'STEM discipline', 'Domain-relevant experience']",0,Stable in Role
19028,city_100,0.887,Male,No relevent experience,no_enrollment,Masters,STEM,9,<10,,>4,20,0.11859838274932614,0.11859838274932614,9.0,0.45,0.98,0.1,0.35,39.5,1640,23.0,11.9,45.0,98.0,10.0,35.0,Qualified Applicant,"['Mid-to-Senior (9 yrs)', 'Advanced degree (Masters)', 'STEM discipline']",0,Stable in Role
16345,city_114,0.926,Male,No relevent experience,no_enrollment,Graduate,STEM,8,,,1,7,0.27564102564102566,0.27564102564102566,8.0,0.4,0.7999999999999999,0.035,0.35,39.5,1640,23.0,27.6,40.0,80.0,3.5,35.0,Qualified Applicant,"['Mid-to-Senior (8 yrs)', 'STEM discipline']",0,Stable in Role
6361,city_103,0.92,Male,Has relevent experience,no_enrollment,Graduate,STEM,7,5000-9999,Pvt Ltd,>4,35,0.0847457627118644,0.0847457627118644,7.0,0.35,0.7999999999999999,0.175,1.0,39.47,1642,22.9,8.5,35.0,80.0,17.5,100.0,Qualified Applicant,"['7 yrs exp', 'STEM discipline', 'Domain-relevant experience']",0,Stable in Role
25579,city_103,0.92,Male,Has relevent experience,no_enrollment,Graduate,STEM,7,1000-4999,NGO,3,35,0.0847457627118644,0.0847457627118644,7.0,0.35,0.7999999999999999,0.175,1.0,39.47,1642,22.9,8.5,35.0,80.0,17.5,100.0,Qualified Applicant,"['7 yrs exp', 'STEM discipline', 'Domain-relevant experience']",0,Stable in Role
10418,city_76,0.698,Male,Has relevent experience,no_enrollment,,,7,100-500,Pvt Ltd,>4,91,0.11859838274932614,0.11859838274932614,7.0,0.35,0.6,0.455,1.0,39.45,1644,22.8,11.9,35.0,60.0,45.5,100.0,Qualified Applicant,"['7 yrs exp', 'Committed upskiller (91 hrs)', 'Domain-relevant experience']",0,Stable in Role
11404,city_160,0.92,Other,Has relevent experience,Part time course,Graduate,STEM,5,<10,,2,84,0.0847457627118644,0.0847457627118644,5.0,0.25,0.7999999999999999,0.42,1.0,39.42,1645,22.8,8.5,25.0,80.0,42.0,100.0,Qualified Applicant,"['5 yrs exp', 'STEM discipline', 'Committed upskiller (84 hrs)', 'Domain-relevant experience']",0,Stable in Role
15158,city_16,0.91,Other,Has relevent experience,no_enrollment,Graduate,Humanities,5,1000-4999,Pvt Ltd,>4,134,0.07035175879396985,0.07035175879396985,5.0,0.25,0.7,0.67,1.0,39.41,1646,22.7,7.0,25.0,70.0,67.0,100.0,Qualified Applicant,"['5 yrs exp', 'Committed upskiller (134 hrs)', 'Domain-relevant experience']",0,Stable in Role
9209,city_121,0.7809999999999999,Other,Has relevent experience,no_enrollment,Graduate,STEM,<1,50-99,Funded Startup,1,62,0.27564102564102566,0.27564102564102566,0.5,0.025,0.7999999999999999,0.31,1.0,39.37,1647,22.7,27.6,2.5,80.0,31.0,100.0,Qualified Applicant,"['0 yrs exp', 'STEM discipline', 'Domain-relevant experience']",0,Stable in Role
8471,city_114,0.926,Male,Has relevent experience,no_enrollment,Graduate,STEM,7,50-99,Pvt Ltd,2,33,0.0847457627118644,0.0847457627118644,7.0,0.35,0.7999999999999999,0.165,1.0,39.37,1647,22.7,8.5,35.0,80.0,16.5,100.0,Qualified Applicant,"['7 yrs exp', 'STEM discipline', 'Domain-relevant experience']",0,Stable in Role
2768,city_71,0.884,Male,Has relevent experience,Part time course,Graduate,STEM,6,<10,Pvt Ltd,1,34,0.11859838274932614,0.11859838274932614,6.0,0.3,0.7999999999999999,0.17,1.0,39.35,1649,22.6,11.9,30.0,80.0,17.0,100.0,Qualified Applicant,"['6 yrs exp', 'STEM discipline', 'Domain-relevant experience']",0,Stable in Role
27281,city_103,0.92,,Has relevent experience,no_enrollment,Graduate,STEM,8,10000+,Pvt Ltd,1,32,0.049019607843137254,0.049019607843137254,8.0,0.4,0.7999999999999999,0.16,1.0,39.32,1650,22.5,4.9,40.0,80.0,16.0,100.0,Qualified Applicant,"['Mid-to-Senior (8 yrs)', 'STEM discipline', 'Domain-relevant experience']",0,Stable in Role
5160,city_75,0.939,,Has relevent experience,Part time course,Masters,STEM,6,10000+,Pvt Ltd,2,10,0.049019607843137254,0.049019607843137254,6.0,0.3,0.98,0.05,1.0,39.32,1650,22.5,4.9,30.0,98.0,5.0,100.0,Qualified Applicant,"['6 yrs exp', 'Advanced degree (Masters)', 'STEM discipline', 'Domain-relevant experience']",0,Stable in Role
33225,city_138,0.836,Male,Has relevent experience,no_enrollment,High School,,14,,,1,42,0.049019607843137254,0.049019607843137254,14.0,0.7,0.4,0.21,1.0,39.32,1650,22.5,4.9,70.0,40.0,21.0,100.0,Senior Specialist,"['Mid-to-Senior (14 yrs)', 'Domain-relevant experience']",0,Stable in Role
29541,city_75,0.939,,Has relevent experience,no_enrollment,Graduate,STEM,9,5000-9999,Pvt Ltd,1,7,0.049019607843137254,0.049019607843137254,9.0,0.45,0.7999999999999999,0.035,1.0,39.32,1650,22.5,4.9,45.0,80.0,3.5,100.0,Qualified Applicant,"['Mid-to-Senior (9 yrs)', 'STEM discipline', 'Domain-relevant experience']",0,Stable in Role
31485,city_67,0.855,Male,Has relevent experience,no_enrollment,Graduate,STEM,5,100-500,Pvt Ltd,1,107,0.049019607843137254,0.049019607843137254,5.0,0.25,0.7999999999999999,0.535,1.0,39.32,1650,22.5,4.9,25.0,80.0,53.5,100.0,Qualified Applicant,"['5 yrs exp', 'STEM discipline', 'Committed upskiller (107 hrs)', 'Domain-relevant experience']",0,Stable in Role
32606,city_16,0.91,Male,No relevent experience,Full time course,High School,,11,<10,Pvt Ltd,3,26,0.3644859813084112,0.3644859813084112,11.0,0.55,0.4,0.13,0.35,39.31,1655,22.3,36.4,55.0,40.0,13.0,35.0,Qualified Applicant,['Mid-to-Senior (11 yrs)'],0,Stable in Role
32019,city_103,0.92,Male,No relevent experience,Full time course,High School,,6,,,3,34,0.5289855072463768,0.5289855072463768,6.0,0.3,0.4,0.17,0.35,39.21,1656,22.3,52.9,30.0,40.0,17.0,35.0,Qualified Applicant,"['Open to progression', '6 yrs exp']",1,Ready for Transition
25866,city_99,0.915,Male,Has relevent experience,no_enrollment,Graduate,STEM,7,10/49,Pvt Ltd,>4,6,0.11859838274932614,0.11859838274932614,7.0,0.35,0.7999999999999999,0.03,1.0,39.2,1657,22.2,11.9,35.0,80.0,3.0,100.0,Qualified Applicant,"['7 yrs exp', 'STEM discipline', 'Domain-relevant experience']",0,Stable in Role
24017,city_158,0.7659999999999999,Male,Has relevent experience,Part time course,Graduate,STEM,4,50-99,Pvt Ltd,1,44,0.17117117117117117,0.17117117117117117,4.0,0.2,0.7999999999999999,0.22,1.0,39.19,1658,22.2,17.1,20.0,80.0,22.0,100.0,Qualified Applicant,"['4 yrs exp', 'STEM discipline', 'Domain-relevant experience']",0,Stable in Role
146,city_103,0.92,Other,Has relevent experience,no_enrollment,Graduate,STEM,9,50-99,Pvt Ltd,2,4,0.049019607843137254,0.049019607843137254,9.0,0.45,0.7999999999999999,0.02,1.0,39.17,1659,22.1,4.9,45.0,80.0,2.0,100.0,Qualified Applicant,"['Mid-to-Senior (9 yrs)', 'STEM discipline', 'Domain-relevant experience']",0,Stable in Role
26581,city_1,0.847,Male,Has relevent experience,no_enrollment,Graduate,STEM,5,50-99,,2,18,0.17117117117117117,0.17117117117117117,5.0,0.25,0.7999999999999999,0.09,1.0,39.14,1660,22.1,17.1,25.0,80.0,9.0,100.0,Qualified Applicant,"['5 yrs exp', 'STEM discipline', 'Domain-relevant experience']",0,Stable in Role
3587,city_16,0.91,Male,Has relevent experience,no_enrollment,Masters,Humanities,7,,Pvt Ltd,4,21,0.049019607843137254,0.049019607843137254,7.0,0.35,0.88,0.105,1.0,39.12,1661,22.0,4.9,35.0,88.0,10.5,100.0,Qualified Applicant,"['7 yrs exp', 'Advanced degree (Masters)', 'Domain-relevant experience']",0,Stable in Role
15266,city_103,0.92,Male,Has relevent experience,no_enrollment,Graduate,STEM,7,5000-9999,Pvt Ltd,1,28,0.0847457627118644,0.0847457627118644,7.0,0.35,0.7999999999999999,0.14,1.0,39.12,1661,22.0,8.5,35.0,80.0,14.0,100.0,Qualified Applicant,"['7 yrs exp', 'STEM discipline', 'Domain-relevant experience']",0,Stable in Role
13953,city_103,0.92,,No relevent experience,no_enrollment,Masters,STEM,6,5000-9999,NGO,1,87,0.11859838274932614,0.11859838274932614,6.0,0.3,0.98,0.435,0.35,39.1,1663,21.9,11.9,30.0,98.0,43.5,35.0,Qualified Applicant,"['6 yrs exp', 'Advanced degree (Masters)', 'STEM discipline', 'Committed upskiller (87 hrs)']",0,Stable in Role
12472,city_50,0.8959999999999999,Male,Has relevent experience,no_enrollment,Graduate,STEM,6,,,1,29,0.11859838274932614,0.11859838274932614,6.0,0.3,0.7999999999999999,0.145,1.0,39.1,1663,21.9,11.9,30.0,80.0,14.5,100.0,Qualified Applicant,"['6 yrs exp', 'STEM discipline', 'Domain-relevant experience']",0,Stable in Role
28251,city_165,0.903,Other,Has relevent experience,no_enrollment,Graduate,Humanities,3,<10,Pvt Ltd,1,33,0.27564102564102566,0.27564102564102566,3.0,0.15,0.7,0.165,1.0,39.05,1665,21.8,27.6,15.0,70.0,16.5,100.0,Qualified Applicant,"['3 yrs exp', 'Domain-relevant experience']",0,Stable in Role
14159,city_133,0.742,Male,No relevent experience,no_enrollment,Graduate,STEM,12,50-99,Pvt Ltd,>4,8,0.11859838274932614,0.11859838274932614,12.0,0.6,0.7999999999999999,0.04,0.35,39.05,1665,21.8,11.9,60.0,80.0,4.0,35.0,Senior Specialist,"['Mid-to-Senior (12 yrs)', 'STEM discipline']",0,Stable in Role
21822,city_16,0.91,Male,Has relevent experience,no_enrollment,Graduate,STEM,6,100-500,Pvt Ltd,1,51,0.0847457627118644,0.0847457627118644,6.0,0.3,0.7999999999999999,0.255,1.0,39.02,1667,21.7,8.5,30.0,80.0,25.5,100.0,Qualified Applicant,"['6 yrs exp', 'STEM discipline', 'Domain-relevant experience']",0,Stable in Role
19202,city_103,0.92,Male,Has relevent experience,Part time course,Graduate,STEM,7,1000-4999,Pvt Ltd,1,26,0.0847457627118644,0.0847457627118644,7.0,0.35,0.7999999999999999,0.13,1.0,39.02,1667,21.7,8.5,35.0,80.0,13.0,100.0,Qualified Applicant,"['7 yrs exp', 'STEM discipline', 'Domain-relevant experience']",0,Stable in Role
14491,city_144,0.84,Male,Has relevent experience,no_enrollment,High School,,13,50-99,Funded Startup,1,36,0.0847457627118644,0.0847457627118644,13.0,0.65,0.4,0.18,1.0,39.02,1667,21.7,8.5,65.0,40.0,18.0,100.0,Senior Specialist,"['Mid-to-Senior (13 yrs)', 'Domain-relevant experience']",0,Stable in Role
4955,city_136,0.897,,Has relevent experience,no_enrollment,Masters,STEM,4,10/49,Pvt Ltd,1,39,0.07035175879396985,0.07035175879396985,4.0,0.2,0.98,0.195,1.0,39.01,1670,21.6,7.0,20.0,98.0,19.5,100.0,Qualified Applicant,"['4 yrs exp', 'Advanced degree (Masters)', 'STEM discipline', 'Domain-relevant experience']",0,Stable in Role
23667,city_103,0.92,Male,Has relevent experience,no_enrollment,High School,,9,,,never,160,0.049019607843137254,0.049019607843137254,9.0,0.45,0.4,0.8,1.0,38.97,1671,21.5,4.9,45.0,40.0,80.0,100.0,Qualified Applicant,"['Mid-to-Senior (9 yrs)', 'Committed upskiller (160 hrs)', 'Domain-relevant experience']",0,Stable in Role
15384,city_21,0.624,Male,No relevent experience,Full time course,High School,,4,,,never,48,0.5733333333333334,0.5733333333333334,4.0,0.2,0.4,0.24,0.35,38.97,1671,21.5,57.3,20.0,40.0,24.0,35.0,Qualified Applicant,"['Open to progression', '4 yrs exp']",1,Ready for Transition
4271,city_13,0.8270000000000001,,Has relevent experience,,Graduate,STEM,5,<10,Pvt Ltd,2,74,0.0847457627118644,0.0847457627118644,5.0,0.25,0.7999999999999999,0.37,1.0,38.92,1673,21.5,8.5,25.0,80.0,37.0,100.0,Qualified Applicant,"['5 yrs exp', 'STEM discipline', 'Domain-relevant experience']",0,Stable in Role
3979,city_73,0.754,,Has relevent experience,no_enrollment,Graduate,STEM,7,10000+,Pvt Ltd,1,18,0.09259259259259259,0.09259259259259259,7.0,0.35,0.7999999999999999,0.09,1.0,38.89,1674,21.4,9.3,35.0,80.0,9.0,100.0,Qualified Applicant,"['7 yrs exp', 'STEM discipline', 'Domain-relevant experience']",0,Stable in Role
7439,city_21,0.624,,No relevent experience,Full time course,High School,,1,,,,96,0.6077348066298343,0.6077348066298343,1.0,0.05,0.4,0.48,0.35,38.82,1675,21.3,60.8,5.0,40.0,48.0,35.0,Qualified Applicant,"['Open to progression', '1 yrs exp', 'Committed upskiller (96 hrs)']",1,Ready for Transition
1250,city_160,0.92,,Has relevent experience,no_enrollment,Graduate,STEM,8,1000-4999,Pvt Ltd,2,22,0.049019607843137254,0.049019607843137254,8.0,0.4,0.7999999999999999,0.11,1.0,38.82,1675,21.3,4.9,40.0,80.0,11.0,100.0,Qualified Applicant,"['Mid-to-Senior (8 yrs)', 'STEM discipline', 'Domain-relevant experience']",0,Stable in Role
11956,city_65,0.802,Male,Has relevent experience,no_enrollment,Graduate,STEM,2,100-500,Pvt Ltd,1,170,0.049019607843137254,0.049019607843137254,2.0,0.1,0.7999999999999999,0.85,1.0,38.72,1677,21.3,4.9,10.0,80.0,85.0,100.0,Qualified Applicant,"['2 yrs exp', 'STEM discipline', 'Committed upskiller (170 hrs)', 'Domain-relevant experience']",0,Stable in Role
2625,city_45,0.89,Male,Has relevent experience,no_enrollment,High School,,11,<10,Funded Startup,1,56,0.11859838274932614,0.11859838274932614,11.0,0.55,0.4,0.28,1.0,38.7,1678,21.2,11.9,55.0,40.0,28.0,100.0,Qualified Applicant,"['Mid-to-Senior (11 yrs)', 'Domain-relevant experience']",0,Stable in Role
15635,city_149,0.6890000000000001,Male,No relevent experience,Full time course,High School,,2,,,1,122,0.5289855072463768,0.5289855072463768,2.0,0.1,0.4,0.61,0.35,38.61,1679,21.2,52.9,10.0,40.0,61.0,35.0,Qualified Applicant,"['Open to progression', '2 yrs exp', 'Committed upskiller (122 hrs)']",1,Ready for Transition
12946,city_103,0.92,,Has relevent experience,Part time course,Graduate,STEM,5,100-500,Pvt Ltd,2,44,0.11859838274932614,0.11859838274932614,5.0,0.25,0.7999999999999999,0.22,1.0,38.6,1680,21.1,11.9,25.0,80.0,22.0,100.0,Qualified Applicant,"['5 yrs exp', 'STEM discipline', 'Domain-relevant experience']",0,Stable in Role
25100,city_136,0.897,Male,Has relevent experience,no_enrollment,Masters,STEM,6,<10,Early Stage Startup,1,4,0.037037037037037035,0.037037037037037035,6.0,0.3,0.98,0.02,1.0,38.6,1680,21.1,3.7,30.0,98.0,2.0,100.0,Qualified Applicant,"['6 yrs exp', 'Advanced degree (Masters)', 'STEM discipline', 'Domain-relevant experience']",0,Stable in Role
1175,city_103,0.92,Male,Has relevent experience,no_enrollment,Graduate,STEM,5,5000-9999,Pvt Ltd,4,62,0.09259259259259259,0.09259259259259259,5.0,0.25,0.7999999999999999,0.31,1.0,38.59,1682,21.0,9.3,25.0,80.0,31.0,100.0,Qualified Applicant,"['5 yrs exp', 'STEM discipline', 'Domain-relevant experience']",0,Stable in Role
9586,city_103,0.92,Female,Has relevent experience,no_enrollment,Masters,STEM,4,5000-9999,Public Sector,1,20,0.0847457627118644,0.0847457627118644,4.0,0.2,0.98,0.1,1.0,38.57,1683,21.0,8.5,20.0,98.0,10.0,100.0,Qualified Applicant,"['4 yrs exp', 'Advanced degree (Masters)', 'STEM discipline', 'Domain-relevant experience']",0,Stable in Role
14698,city_160,0.92,Male,Has relevent experience,no_enrollment,Graduate,STEM,6,5000-9999,Pvt Ltd,1,66,0.049019607843137254,0.049019607843137254,6.0,0.3,0.7999999999999999,0.33,1.0,38.52,1684,20.9,4.9,30.0,80.0,33.0,100.0,Qualified Applicant,"['6 yrs exp', 'STEM discipline', 'Domain-relevant experience']",0,Stable in Role
12008,city_103,0.92,,Has relevent experience,Part time course,High School,,13,100-500,Pvt Ltd,1,26,0.0847457627118644,0.0847457627118644,13.0,0.65,0.4,0.13,1.0,38.52,1684,20.9,8.5,65.0,40.0,13.0,100.0,Senior Specialist,"['Mid-to-Senior (13 yrs)', 'Domain-relevant experience']",0,Stable in Role
3619,city_103,0.92,Male,Has relevent experience,no_enrollment,Graduate,STEM,5,500-999,Pvt Ltd,1,75,0.07035175879396985,0.07035175879396985,5.0,0.25,0.7999999999999999,0.375,1.0,38.46,1686,20.9,7.0,25.0,80.0,37.5,100.0,Qualified Applicant,"['5 yrs exp', 'STEM discipline', 'Domain-relevant experience']",0,Stable in Role
19556,city_136,0.897,Male,Has relevent experience,no_enrollment,Graduate,STEM,7,50-99,Pvt Ltd,1,39,0.049019607843137254,0.049019607843137254,7.0,0.35,0.7999999999999999,0.195,1.0,38.42,1687,20.8,4.9,35.0,80.0,19.5,100.0,Qualified Applicant,"['7 yrs exp', 'STEM discipline', 'Domain-relevant experience']",0,Stable in Role
20756,city_116,0.743,Male,Has relevent experience,no_enrollment,Masters,STEM,3,500-999,Pvt Ltd,1,42,0.0847457627118644,0.0847457627118644,3.0,0.15,0.98,0.21,1.0,38.42,1687,20.8,8.5,15.0,98.0,21.0,100.0,Qualified Applicant,"['3 yrs exp', 'Advanced degree (Masters)', 'STEM discipline', 'Domain-relevant experience']",0,Stable in Role
30061,city_16,0.91,Male,Has relevent experience,no_enrollment,Masters,STEM,3,10/49,Funded Startup,1,67,0.049019607843137254,0.049019607843137254,3.0,0.15,0.98,0.335,1.0,38.42,1687,20.8,4.9,15.0,98.0,33.5,100.0,Qualified Applicant,"['3 yrs exp', 'Advanced degree (Masters)', 'STEM discipline', 'Domain-relevant experience']",0,Stable in Role
11644,city_19,0.682,Male,Has relevent experience,no_enrollment,,,8,<10,Pvt Ltd,1,45,0.11859838274932614,0.11859838274932614,8.0,0.4,0.6,0.225,1.0,38.4,1690,20.6,11.9,40.0,60.0,22.5,100.0,Qualified Applicant,"['Mid-to-Senior (8 yrs)', 'Domain-relevant experience']",0,Stable in Role
28292,city_103,0.92,Female,No relevent experience,no_enrollment,Masters,Humanities,6,10/49,Early Stage Startup,1,113,0.11859838274932614,0.11859838274932614,6.0,0.3,0.88,0.565,0.35,38.4,1690,20.6,11.9,30.0,88.0,56.5,35.0,Qualified Applicant,"['6 yrs exp', 'Advanced degree (Masters)', 'Committed upskiller (113 hrs)']",0,Stable in Role
19726,city_159,0.843,Male,Has relevent experience,Part time course,Graduate,STEM,6,1000-4999,Pvt Ltd,1,14,0.11859838274932614,0.11859838274932614,6.0,0.3,0.7999999999999999,0.07,1.0,38.35,1692,20.6,11.9,30.0,80.0,7.0,100.0,Qualified Applicant,"['6 yrs exp', 'STEM discipline', 'Domain-relevant experience']",0,Stable in Role
31555,city_103,0.92,Male,Has relevent experience,no_enrollment,Graduate,Business Degree,7,500-999,Pvt Ltd,2,47,0.09259259259259259,0.09259259259259259,7.0,0.35,0.7,0.235,1.0,38.34,1693,20.5,9.3,35.0,70.0,23.5,100.0,Qualified Applicant,"['7 yrs exp', 'Domain-relevant experience']",0,Stable in Role
16309,city_77,0.83,,Has relevent experience,Part time course,Graduate,STEM,<1,100-500,Pvt Ltd,1,280,0.049019607843137254,0.049019607843137254,0.5,0.025,0.7999999999999999,1.0,1.0,38.34,1693,20.5,4.9,2.5,80.0,100.0,100.0,Qualified Applicant,"['0 yrs exp', 'STEM discipline', 'Committed upskiller (280 hrs)', 'Domain-relevant experience']",0,Stable in Role
2063,city_50,0.8959999999999999,,Has relevent experience,no_enrollment,Graduate,STEM,7,10000+,Public Sector,1,11,0.0847457627118644,0.0847457627118644,7.0,0.35,0.7999999999999999,0.055,1.0,38.27,1695,20.4,8.5,35.0,80.0,5.5,100.0,Qualified Applicant,"['7 yrs exp', 'STEM discipline', 'Domain-relevant experience']",0,Stable in Role
11945,city_21,0.624,Male,No relevent experience,Full time course,High School,,4,,,never,65,0.5289855072463768,0.5289855072463768,4.0,0.2,0.4,0.325,0.35,38.26,1696,20.4,52.9,20.0,40.0,32.5,35.0,Qualified Applicant,"['Open to progression', '4 yrs exp']",1,Ready for Transition
1517,city_103,0.92,Male,No relevent experience,Full time course,Graduate,STEM,8,10000+,Pvt Ltd,1,92,0.11859838274932614,0.11859838274932614,8.0,0.4,0.7999999999999999,0.46,0.35,38.25,1697,20.3,11.9,40.0,80.0,46.0,35.0,Qualified Applicant,"['Mid-to-Senior (8 yrs)', 'STEM discipline', 'Committed upskiller (92 hrs)']",0,Stable in Role
22310,city_103,0.92,Female,Has relevent experience,no_enrollment,Graduate,STEM,5,10000+,Pvt Ltd,1,85,0.049019607843137254,0.049019607843137254,5.0,0.25,0.7999999999999999,0.425,1.0,38.22,1698,20.3,4.9,25.0,80.0,42.5,100.0,Qualified Applicant,"['5 yrs exp', 'STEM discipline', 'Committed upskiller (85 hrs)', 'Domain-relevant experience']",0,Stable in Role
8426,city_45,0.89,Male,Has relevent experience,Part time course,Graduate,STEM,5,<10,Pvt Ltd,4,60,0.0847457627118644,0.0847457627118644,5.0,0.25,0.7999999999999999,0.3,1.0,38.22,1698,20.3,8.5,25.0,80.0,30.0,100.0,Qualified Applicant,"['5 yrs exp', 'STEM discipline', 'Domain-relevant experience']",0,Stable in Role
13220,city_103,0.92,Male,Has relevent experience,no_enrollment,Graduate,Humanities,6,100-500,Pvt Ltd,4,51,0.11859838274932614,0.11859838274932614,6.0,0.3,0.7,0.255,1.0,38.2,1700,20.2,11.9,30.0,70.0,25.5,100.0,Qualified Applicant,"['6 yrs exp', 'Domain-relevant experience']",0,Stable in Role
21339,city_21,0.624,Female,No relevent experience,Full time course,High School,,3,,,never,56,0.5733333333333334,0.5733333333333334,3.0,0.15,0.4,0.28,0.35,38.12,1701,20.1,57.3,15.0,40.0,28.0,35.0,Qualified Applicant,"['Open to progression', '3 yrs exp']",1,Ready for Transition
185,city_23,0.899,Male,Has relevent experience,no_enrollment,Graduate,STEM,4,1000-4999,Pvt Ltd,never,108,0.049019607843137254,0.049019607843137254,4.0,0.2,0.7999999999999999,0.54,1.0,38.12,1701,20.1,4.9,20.0,80.0,54.0,100.0,Qualified Applicant,"['4 yrs exp', 'STEM discipline', 'Committed upskiller (108 hrs)', 'Domain-relevant experience']",0,Stable in Role
23795,city_114,0.926,Male,Has relevent experience,no_enrollment,Graduate,STEM,4,100-500,Pvt Ltd,3,82,0.0847457627118644,0.0847457627118644,4.0,0.2,0.7999999999999999,0.41,1.0,38.07,1703,20.1,8.5,20.0,80.0,41.0,100.0,Qualified Applicant,"['4 yrs exp', 'STEM discipline', 'Committed upskiller (82 hrs)', 'Domain-relevant experience']",0,Stable in Role
11963,city_61,0.913,Female,Has relevent experience,no_enrollment,Masters,Humanities,,50-99,,1,24,0.0847457627118644,0.0847457627118644,5.0,0.25,0.88,0.12,1.0,38.02,1704,20.0,8.5,25.0,88.0,12.0,100.0,Qualified Applicant,"['5 yrs exp', 'Advanced degree (Masters)', 'Domain-relevant experience']",0,Stable in Role
6314,city_103,0.92,Male,Has relevent experience,no_enrollment,Masters,Humanities,5,50-99,Pvt Ltd,1,28,0.07894736842105263,0.07894736842105263,5.0,0.25,0.88,0.14,1.0,38.01,1705,20.0,7.9,25.0,88.0,14.0,100.0,Qualified Applicant,"['5 yrs exp', 'Advanced degree (Masters)', 'Domain-relevant experience']",0,Stable in Role
25329,city_136,0.897,,Has relevent experience,no_enrollment,Graduate,Other,10,10/49,Pvt Ltd,1,4,0.037037037037037035,0.037037037037037035,10.0,0.5,0.7,0.02,1.0,38.0,1706,19.9,3.7,50.0,70.0,2.0,100.0,Qualified Applicant,"['Mid-to-Senior (10 yrs)', 'Domain-relevant experience']",0,Stable in Role
32629,city_136,0.897,Male,No relevent experience,Full time course,Graduate,STEM,2,,,never,332,0.17117117117117117,0.17117117117117117,2.0,0.1,0.7999999999999999,1.0,0.35,37.99,1707,19.9,17.1,10.0,80.0,100.0,35.0,Qualified Applicant,"['2 yrs exp', 'STEM discipline', 'Committed upskiller (332 hrs)']",0,Stable in Role
30951,city_103,0.92,Male,Has relevent experience,no_enrollment,Masters,Other,3,5000-9999,Pvt Ltd,2,73,0.0847457627118644,0.0847457627118644,3.0,0.15,0.88,0.365,1.0,37.97,1708,19.8,8.5,15.0,88.0,36.5,100.0,Qualified Applicant,"['3 yrs exp', 'Advanced degree (Masters)', 'Domain-relevant experience']",0,Stable in Role
3991,city_103,0.92,Male,No relevent experience,Full time course,High School,,4,,,1,59,0.5289855072463768,0.5289855072463768,4.0,0.2,0.4,0.295,0.35,37.96,1709,19.8,52.9,20.0,40.0,29.5,35.0,Qualified Applicant,"['Open to progression', '4 yrs exp']",1,Ready for Transition
9997,city_103,0.92,Male,Has relevent experience,no_enrollment,Graduate,Humanities,7,1000-4999,Pvt Ltd,4,44,0.0847457627118644,0.0847457627118644,7.0,0.35,0.7,0.22,1.0,37.92,1710,19.7,8.5,35.0,70.0,22.0,100.0,Qualified Applicant,"['7 yrs exp', 'Domain-relevant experience']",0,Stable in Role
23803,city_71,0.884,Male,Has relevent experience,Part time course,Graduate,STEM,5,50-99,Pvt Ltd,2,30,0.11859838274932614,0.11859838274932614,5.0,0.25,0.7999999999999999,0.15,1.0,37.9,1711,19.7,11.9,25.0,80.0,15.0,100.0,Qualified Applicant,"['5 yrs exp', 'STEM discipline', 'Domain-relevant experience']",0,Stable in Role
24660,city_103,0.92,,No relevent experience,no_enrollment,Phd,Humanities,8,100-500,Pvt Ltd,3,23,0.09259259259259259,0.09259259259259259,8.0,0.4,1.0,0.115,0.35,37.89,1712,19.6,9.3,40.0,100.0,11.5,35.0,Qualified Applicant,"['Mid-to-Senior (8 yrs)', 'Advanced degree (Phd)']",0,Stable in Role
394,city_73,0.754,,Has relevent experience,Full time course,Graduate,STEM,5,50-99,Pvt Ltd,1,29,0.11859838274932614,0.11859838274932614,5.0,0.25,0.7999999999999999,0.145,1.0,37.85,1713,19.6,11.9,25.0,80.0,14.5,100.0,Qualified Applicant,"['5 yrs exp', 'STEM discipline', 'Domain-relevant experience']",0,Stable in Role
31238,city_116,0.743,Male,Has relevent experience,no_enrollment,Graduate,STEM,8,100-500,Pvt Ltd,1,2,0.049019607843137254,0.049019607843137254,8.0,0.4,0.7999999999999999,0.01,1.0,37.82,1714,19.5,4.9,40.0,80.0,1.0,100.0,Qualified Applicant,"['Mid-to-Senior (8 yrs)', 'STEM discipline', 'Domain-relevant experience']",0,Stable in Role
19780,city_105,0.794,Female,Has relevent experience,no_enrollment,Masters,,,500-999,,1,53,0.037037037037037035,0.037037037037037035,5.0,0.25,0.88,0.265,1.0,37.8,1715,19.5,3.7,25.0,88.0,26.5,100.0,Qualified Applicant,"['5 yrs exp', 'Advanced degree (Masters)', 'Domain-relevant experience']",0,Stable in Role
25181,city_100,0.887,,Has relevent experience,no_enrollment,Masters,STEM,,10/49,Funded Startup,3,4,0.049019607843137254,0.049019607843137254,5.0,0.25,0.98,0.02,1.0,37.77,1716,19.4,4.9,25.0,98.0,2.0,100.0,Qualified Applicant,"['5 yrs exp', 'Advanced degree (Masters)', 'STEM discipline', 'Domain-relevant experience']",0,Stable in Role
1995,city_136,0.897,,No relevent experience,Full time course,Graduate,STEM,4,,,,70,0.2777777777777778,0.2777777777777778,4.0,0.2,0.7999999999999999,0.35,0.35,37.72,1717,19.4,27.8,20.0,80.0,35.0,35.0,Qualified Applicant,"['4 yrs exp', 'STEM discipline']",0,Stable in Role
4745,city_103,0.92,Male,Has relevent experience,no_enrollment,Graduate,STEM,5,50-99,Pvt Ltd,1,50,0.0847457627118644,0.0847457627118644,5.0,0.25,0.7999999999999999,0.25,1.0,37.72,1717,19.4,8.5,25.0,80.0,25.0,100.0,Qualified Applicant,"['5 yrs exp', 'STEM discipline', 'Domain-relevant experience']",0,Stable in Role
19413,city_21,0.624,Male,Has relevent experience,no_enrollment,,,2,,,2,9,0.3644859813084112,0.3644859813084112,2.0,0.1,0.6,0.045,1.0,37.71,1719,19.3,36.4,10.0,60.0,4.5,100.0,Qualified Applicant,"['2 yrs exp', 'Domain-relevant experience']",0,Stable in Role
28552,city_134,0.698,Male,Has relevent experience,no_enrollment,Graduate,STEM,4,50-99,Pvt Ltd,1,36,0.14,0.14,4.0,0.2,0.7999999999999999,0.18,1.0,37.7,1720,19.2,14.0,20.0,80.0,18.0,100.0,Qualified Applicant,"['4 yrs exp', 'STEM discipline', 'Domain-relevant experience']",0,Stable in Role
30836,city_134,0.698,Male,No relevent experience,no_enrollment,Graduate,STEM,6,,Pvt Ltd,1,21,0.27564102564102566,0.27564102564102566,6.0,0.3,0.7999999999999999,0.105,0.35,37.7,1720,19.2,27.6,30.0,80.0,10.5,35.0,Qualified Applicant,"['6 yrs exp', 'STEM discipline']",0,Stable in Role
2436,city_67,0.855,Male,Has relevent experience,Full time course,High School,,11,100-500,Pvt Ltd,3,53,0.09259259259259259,0.09259259259259259,11.0,0.55,0.4,0.265,1.0,37.64,1722,19.2,9.3,55.0,40.0,26.5,100.0,Qualified Applicant,"['Mid-to-Senior (11 yrs)', 'Domain-relevant experience']",0,Stable in Role
13175,city_75,0.939,,No relevent experience,no_enrollment,Masters,STEM,9,50-99,Pvt Ltd,1,6,0.0847457627118644,0.0847457627118644,9.0,0.45,0.98,0.03,0.35,37.62,1723,19.1,8.5,45.0,98.0,3.0,35.0,Qualified Applicant,"['Mid-to-Senior (9 yrs)', 'Advanced degree (Masters)', 'STEM discipline']",0,Stable in Role
16972,city_103,0.92,Male,Has relevent experience,no_enrollment,Graduate,STEM,6,50-99,Pvt Ltd,>4,27,0.07894736842105263,0.07894736842105263,6.0,0.3,0.7999999999999999,0.135,1.0,37.61,1724,19.0,7.9,30.0,80.0,13.5,100.0,Qualified Applicant,"['6 yrs exp', 'STEM discipline', 'Domain-relevant experience']",0,Stable in Role
6837,city_90,0.698,Male,No relevent experience,Full time course,,,6,,,4,37,0.3644859813084112,0.3644859813084112,6.0,0.3,0.6,0.185,0.35,37.61,1724,19.0,36.4,30.0,60.0,18.5,35.0,Qualified Applicant,['6 yrs exp'],0,Stable in Role
3890,city_103,0.92,Male,Has relevent experience,no_enrollment,Graduate,STEM,6,10/49,Early Stage Startup,1,22,0.0847457627118644,0.0847457627118644,6.0,0.3,0.7999999999999999,0.11,1.0,37.57,1726,19.0,8.5,30.0,80.0,11.0,100.0,Qualified Applicant,"['6 yrs exp', 'STEM discipline', 'Domain-relevant experience']",0,Stable in Role
11642,city_114,0.926,Male,Has relevent experience,no_enrollment,,,8,100-500,Pvt Ltd,>4,62,0.07035175879396985,0.07035175879396985,8.0,0.4,0.6,0.31,1.0,37.56,1727,18.9,7.0,40.0,60.0,31.0,100.0,Qualified Applicant,"['Mid-to-Senior (8 yrs)', 'Domain-relevant experience']",0,Stable in Role
7156,city_103,0.92,Male,No relevent experience,Full time course,Graduate,STEM,6,,NGO,2,18,0.27564102564102566,0.27564102564102566,6.0,0.3,0.7999999999999999,0.09,0.35,37.55,1728,18.9,27.6,30.0,80.0,9.0,35.0,Qualified Applicant,"['6 yrs exp', 'STEM discipline']",0,Stable in Role
1622,city_64,0.6659999999999999,Other,No relevent experience,Full time course,Graduate,STEM,9,,Pvt Ltd,never,16,0.17117117117117117,0.17117117117117117,9.0,0.45,0.7999999999999999,0.08,0.35,37.54,1729,18.8,17.1,45.0,80.0,8.0,35.0,Qualified Applicant,"['Mid-to-Senior (9 yrs)', 'STEM discipline']",0,Stable in Role
28671,city_160,0.92,Male,Has relevent experience,no_enrollment,Graduate,STEM,4,10/49,Pvt Ltd,never,96,0.049019607843137254,0.049019607843137254,4.0,0.2,0.7999999999999999,0.48,1.0,37.52,1730,18.8,4.9,20.0,80.0,48.0,100.0,Qualified Applicant,"['4 yrs exp', 'STEM discipline', 'Committed upskiller (96 hrs)', 'Domain-relevant experience']",0,Stable in Role
12055,city_64,0.6659999999999999,Female,Has relevent experience,no_enrollment,Graduate,STEM,6,500-999,Pvt Ltd,2,21,0.0847457627118644,0.0847457627118644,6.0,0.3,0.7999999999999999,0.105,1.0,37.52,1730,18.8,8.5,30.0,80.0,10.5,100.0,Qualified Applicant,"['6 yrs exp', 'STEM discipline', 'Domain-relevant experience']",0,Stable in Role
14539,city_69,0.856,Male,Has relevent experience,no_enrollment,Graduate,STEM,7,<10,Funded Startup,1,20,0.049019607843137254,0.049019607843137254,7.0,0.35,0.7999999999999999,0.1,1.0,37.47,1732,18.7,4.9,35.0,80.0,10.0,100.0,Qualified Applicant,"['7 yrs exp', 'STEM discipline', 'Domain-relevant experience']",0,Stable in Role
22870,city_10,0.895,Male,Has relevent experience,no_enrollment,Graduate,Other,8,50-99,Early Stage Startup,1,10,0.0847457627118644,0.0847457627118644,8.0,0.4,0.7,0.05,1.0,37.47,1732,18.7,8.5,40.0,70.0,5.0,100.0,Qualified Applicant,"['Mid-to-Senior (8 yrs)', 'Domain-relevant experience']",0,Stable in Role
23628,city_114,0.926,Male,No relevent experience,Full time course,Graduate,Business Degree,5,,,2,19,0.3644859813084112,0.3644859813084112,5.0,0.25,0.7,0.095,0.35,37.46,1734,18.6,36.4,25.0,70.0,9.5,35.0,Qualified Applicant,['5 yrs exp'],0,Stable in Role
30607,city_149,0.6890000000000001,Male,Has relevent experience,Full time course,Graduate,STEM,4,1000-4999,Pvt Ltd,2,46,0.11859838274932614,0.11859838274932614,4.0,0.2,0.7999999999999999,0.23,1.0,37.45,1735,18.6,11.9,20.0,80.0,23.0,100.0,Qualified Applicant,"['4 yrs exp', 'STEM discipline', 'Domain-relevant experience']",0,Stable in Role
12151,city_160,0.92,Male,Has relevent experience,no_enrollment,Graduate,STEM,5,100-500,Pvt Ltd,2,44,0.0847457627118644,0.0847457627118644,5.0,0.25,0.7999999999999999,0.22,1.0,37.42,1736,18.5,8.5,25.0,80.0,22.0,100.0,Qualified Applicant,"['5 yrs exp', 'STEM discipline', 'Domain-relevant experience']",0,Stable in Role
8509,city_103,0.92,,No relevent experience,Full time course,Graduate,STEM,9,50-99,Pvt Ltd,4,35,0.14,0.14,9.0,0.45,0.7999999999999999,0.175,0.35,37.4,1737,18.4,14.0,45.0,80.0,17.5,35.0,Qualified Applicant,"['Mid-to-Senior (9 yrs)', 'STEM discipline']",0,Stable in Role
4370,city_21,0.624,Male,No relevent experience,no_enrollment,High School,,5,,,4,244,0.27564102564102566,0.27564102564102566,5.0,0.25,0.4,1.0,0.35,37.4,1737,18.4,27.6,25.0,40.0,100.0,35.0,Qualified Applicant,"['5 yrs exp', 'Committed upskiller (244 hrs)']",0,Stable in Role
15159,city_103,0.92,Male,Has relevent experience,no_enrollment,Graduate,STEM,4,100-500,NGO,1,72,0.07894736842105263,0.07894736842105263,4.0,0.2,0.7999999999999999,0.36,1.0,37.36,1739,18.4,7.9,20.0,80.0,36.0,100.0,Qualified Applicant,"['4 yrs exp', 'STEM discipline', 'Domain-relevant experience']",0,Stable in Role
4581,city_23,0.899,Male,No relevent experience,no_enrollment,Graduate,No Major,5,1000-4999,Public Sector,1,79,0.27564102564102566,0.27564102564102566,5.0,0.25,0.7,0.395,0.35,37.35,1740,18.3,27.6,25.0,70.0,39.5,35.0,Qualified Applicant,['5 yrs exp'],0,Stable in Role
8447,city_159,0.843,,Has relevent experience,no_enrollment,Graduate,STEM,2,1000-4999,Pvt Ltd,2,112,0.09259259259259259,0.09259259259259259,2.0,0.1,0.7999999999999999,0.56,1.0,37.34,1741,18.3,9.3,10.0,80.0,56.0,100.0,Qualified Applicant,"['2 yrs exp', 'STEM discipline', 'Committed upskiller (112 hrs)', 'Domain-relevant experience']",0,Stable in Role
547,city_114,0.926,Male,Has relevent experience,no_enrollment,High School,,12,10/49,Pvt Ltd,>4,52,0.049019607843137254,0.049019607843137254,12.0,0.6,0.4,0.26,1.0,37.32,1742,18.2,4.9,60.0,40.0,26.0,100.0,Senior Specialist,"['Mid-to-Senior (12 yrs)', 'Domain-relevant experience']",0,Stable in Role
10726,city_71,0.884,Male,Has relevent experience,no_enrollment,Graduate,STEM,6,100-500,Public Sector,1,16,0.0847457627118644,0.0847457627118644,6.0,0.3,0.7999999999999999,0.08,1.0,37.27,1743,18.2,8.5,30.0,80.0,8.0,100.0,Qualified Applicant,"['6 yrs exp', 'STEM discipline', 'Domain-relevant experience']",0,Stable in Role
12443,city_149,0.6890000000000001,Male,Has relevent experience,no_enrollment,High School,,6,100-500,Pvt Ltd,1,270,0.049019607843137254,0.049019607843137254,6.0,0.3,0.4,1.0,1.0,37.22,1744,18.1,4.9,30.0,40.0,100.0,100.0,Qualified Applicant,"['6 yrs exp', 'Committed upskiller (270 hrs)', 'Domain-relevant experience']",0,Stable in Role
10446,city_11,0.55,,No relevent experience,Full time course,High School,,1,,,1,48,0.6287878787878788,0.6287878787878788,1.0,0.05,0.4,0.24,0.35,37.16,1745,18.1,62.9,5.0,40.0,24.0,35.0,Qualified Applicant,"['Open to progression', '1 yrs exp']",1,Ready for Transition
7347,city_102,0.804,Male,No relevent experience,no_enrollment,Masters,STEM,<1,5000-9999,Pvt Ltd,1,75,0.27564102564102566,0.27564102564102566,0.5,0.025,0.98,0.375,0.35,37.12,1746,18.0,27.6,2.5,98.0,37.5,35.0,Qualified Applicant,"['0 yrs exp', 'Advanced degree (Masters)', 'STEM discipline']",0,Stable in Role
22152,city_103,0.92,,Has relevent experience,Part time course,Masters,STEM,2,10000+,NGO,1,41,0.0847457627118644,0.0847457627118644,2.0,0.1,0.98,0.205,1.0,37.12,1746,18.0,8.5,10.0,98.0,20.5,100.0,Qualified Applicant,"['2 yrs exp', 'Advanced degree (Masters)', 'STEM discipline', 'Domain-relevant experience']",0,Stable in Role
32022,city_103,0.92,Male,Has relevent experience,no_enrollment,Graduate,STEM,6,100-500,Pvt Ltd,1,13,0.0847457627118644,0.0847457627118644,6.0,0.3,0.7999999999999999,0.065,1.0,37.12,1746,18.0,8.5,30.0,80.0,6.5,100.0,Qualified Applicant,"['6 yrs exp', 'STEM discipline', 'Domain-relevant experience']",0,Stable in Role
4386,city_21,0.624,Male,No relevent experience,Full time course,High School,,3,<10,Early Stage Startup,2,36,0.5733333333333334,0.5733333333333334,3.0,0.15,0.4,0.18,0.35,37.12,1746,18.0,57.3,15.0,40.0,18.0,35.0,Qualified Applicant,"['Open to progression', '3 yrs exp']",1,Ready for Transition
17034,city_103,0.92,,Has relevent experience,Full time course,Graduate,STEM,5,10000+,Other,never,48,0.07035175879396985,0.07035175879396985,5.0,0.25,0.7999999999999999,0.24,1.0,37.11,1750,17.8,7.0,25.0,80.0,24.0,100.0,Qualified Applicant,"['5 yrs exp', 'STEM discipline', 'Domain-relevant experience']",0,Stable in Role
8735,city_103,0.92,,No relevent experience,Full time course,Graduate,STEM,5,1000-4999,Public Sector,,34,0.27564102564102566,0.27564102564102566,5.0,0.25,0.7999999999999999,0.17,0.35,37.1,1751,17.8,27.6,25.0,80.0,17.0,35.0,Qualified Applicant,"['5 yrs exp', 'STEM discipline']",0,Stable in Role
12288,city_16,0.91,,Has relevent experience,no_enrollment,Graduate,STEM,4,50-99,Pvt Ltd,1,86,0.049019607843137254,0.049019607843137254,4.0,0.2,0.7999999999999999,0.43,1.0,37.02,1752,17.7,4.9,20.0,80.0,43.0,100.0,Qualified Applicant,"['4 yrs exp', 'STEM discipline', 'Committed upskiller (86 hrs)', 'Domain-relevant experience']",0,Stable in Role
1276,city_23,0.899,Male,Has relevent experience,Full time course,Graduate,STEM,6,10000+,Pvt Ltd,1,36,0.049019607843137254,0.049019607843137254,6.0,0.3,0.7999999999999999,0.18,1.0,37.02,1752,17.7,4.9,30.0,80.0,18.0,100.0,Qualified Applicant,"['6 yrs exp', 'STEM discipline', 'Domain-relevant experience']",0,Stable in Role
23078,city_103,0.92,,No relevent experience,Full time course,Graduate,STEM,3,100-500,Pvt Ltd,1,57,0.3111782763372633,0.3111782763372633,3.0,0.15,0.7999999999999999,0.285,0.35,36.99,1754,17.7,31.1,15.0,80.0,28.5,35.0,Qualified Applicant,"['3 yrs exp', 'STEM discipline']",0,Stable in Role
7873,city_102,0.804,Male,Has relevent experience,Full time course,High School,,7,100-500,Public Sector,1,84,0.17117117117117117,0.17117117117117117,7.0,0.35,0.4,0.42,1.0,36.94,1755,17.6,17.1,35.0,40.0,42.0,100.0,Qualified Applicant,"['7 yrs exp', 'Committed upskiller (84 hrs)', 'Domain-relevant experience']",0,Stable in Role
12581,city_104,0.924,,Has relevent experience,Full time course,Graduate,STEM,3,<10,Pvt Ltd,never,108,0.049019607843137254,0.049019607843137254,3.0,0.15,0.7999999999999999,0.54,1.0,36.87,1756,17.6,4.9,15.0,80.0,54.0,100.0,Qualified Applicant,"['3 yrs exp', 'STEM discipline', 'Committed upskiller (108 hrs)', 'Domain-relevant experience']",0,Stable in Role
27390,city_103,0.92,Male,Has relevent experience,no_enrollment,Graduate,STEM,3,10/49,Pvt Ltd,1,58,0.11859838274932614,0.11859838274932614,3.0,0.15,0.7999999999999999,0.29,1.0,36.8,1757,17.5,11.9,15.0,80.0,29.0,100.0,Qualified Applicant,"['3 yrs exp', 'STEM discipline', 'Domain-relevant experience']",0,Stable in Role
19473,city_90,0.698,Male,Has relevent experience,no_enrollment,Graduate,STEM,5,500-999,Public Sector,2,8,0.11859838274932614,0.11859838274932614,5.0,0.25,0.7999999999999999,0.04,1.0,36.8,1757,17.5,11.9,25.0,80.0,4.0,100.0,Qualified Applicant,"['5 yrs exp', 'STEM discipline', 'Domain-relevant experience']",0,Stable in Role
9184,city_136,0.897,Male,Has relevent experience,Part time course,Masters,STEM,3,10000+,Pvt Ltd,1,34,0.049019607843137254,0.049019607843137254,3.0,0.15,0.98,0.17,1.0,36.77,1759,17.4,4.9,15.0,98.0,17.0,100.0,Qualified Applicant,"['3 yrs exp', 'Advanced degree (Masters)', 'STEM discipline', 'Domain-relevant experience']",0,Stable in Role
24837,city_103,0.92,Female,Has relevent experience,Full time course,Graduate,STEM,5,100-500,Funded Startup,1,55,0.049019607843137254,0.049019607843137254,5.0,0.25,0.7999999999999999,0.275,1.0,36.72,1760,17.4,4.9,25.0,80.0,27.5,100.0,Qualified Applicant,"['5 yrs exp', 'STEM discipline', 'Domain-relevant experience']",0,Stable in Role
31756,city_128,0.527,Male,No relevent experience,no_enrollment,High School,,4,,,4,27,0.5384615384615384,0.5384615384615384,4.0,0.2,0.4,0.135,0.35,36.7,1761,17.3,53.8,20.0,40.0,13.5,35.0,Qualified Applicant,"['Open to progression', '4 yrs exp']",1,Ready for Transition
4889,city_16,0.91,Male,Has relevent experience,no_enrollment,Graduate,STEM,5,50-99,Pvt Ltd,4,53,0.049019607843137254,0.049019607843137254,5.0,0.25,0.7999999999999999,0.265,1.0,36.62,1762,17.2,4.9,25.0,80.0,26.5,100.0,Qualified Applicant,"['5 yrs exp', 'STEM discipline', 'Domain-relevant experience']",0,Stable in Role
28629,city_160,0.92,Male,Has relevent experience,Part time course,Graduate,STEM,3,50-99,Pvt Ltd,2,78,0.0847457627118644,0.0847457627118644,3.0,0.15,0.7999999999999999,0.39,1.0,36.62,1762,17.2,8.5,15.0,80.0,39.0,100.0,Qualified Applicant,"['3 yrs exp', 'STEM discipline', 'Domain-relevant experience']",0,Stable in Role
20900,city_71,0.884,Male,Has relevent experience,no_enrollment,Masters,STEM,3,500-999,Pvt Ltd,1,6,0.0847457627118644,0.0847457627118644,3.0,0.15,0.98,0.03,1.0,36.62,1762,17.2,8.5,15.0,98.0,3.0,100.0,Qualified Applicant,"['3 yrs exp', 'Advanced degree (Masters)', 'STEM discipline', 'Domain-relevant experience']",0,Stable in Role
31669,city_21,0.624,Male,No relevent experience,Full time course,High School,,<1,,,never,113,0.5384615384615384,0.5384615384615384,0.5,0.025,0.4,0.565,0.35,36.62,1762,17.2,53.8,2.5,40.0,56.5,35.0,Qualified Applicant,"['Open to progression', '0 yrs exp', 'Committed upskiller (113 hrs)']",1,Ready for Transition
23275,city_103,0.92,,No relevent experience,Full time course,High School,,5,,,1,7,0.5289855072463768,0.5289855072463768,5.0,0.25,0.4,0.035,0.35,36.61,1766,17.1,52.9,25.0,40.0,3.5,35.0,Qualified Applicant,"['Open to progression', '5 yrs exp']",1,Ready for Transition
20045,city_16,0.91,Male,Has relevent experience,no_enrollment,Graduate,STEM,6,50-99,Pvt Ltd,2,7,0.07894736842105263,0.07894736842105263,6.0,0.3,0.7999999999999999,0.035,1.0,36.61,1766,17.1,7.9,30.0,80.0,3.5,100.0,Qualified Applicant,"['6 yrs exp', 'STEM discipline', 'Domain-relevant experience']",0,Stable in Role
17018,city_75,0.939,Male,Has relevent experience,Part time course,Graduate,Business Degree,6,10000+,Pvt Ltd,>4,67,0.049019607843137254,0.049019607843137254,6.0,0.3,0.7,0.335,1.0,36.57,1768,17.0,4.9,30.0,70.0,33.5,100.0,Qualified Applicant,"['6 yrs exp', 'Domain-relevant experience']",0,Stable in Role
22342,city_99,0.915,Female,No relevent experience,Full time course,Graduate,STEM,5,10/49,Pvt Ltd,1,21,0.2777777777777778,0.2777777777777778,5.0,0.25,0.7999999999999999,0.105,0.35,36.52,1769,17.0,27.8,25.0,80.0,10.5,35.0,Qualified Applicant,"['5 yrs exp', 'STEM discipline']",0,Stable in Role
15225,city_103,0.92,Male,Has relevent experience,no_enrollment,Graduate,Humanities,5,50-99,Funded Startup,1,76,0.07035175879396985,0.07035175879396985,5.0,0.25,0.7,0.38,1.0,36.51,1770,16.9,7.0,25.0,70.0,38.0,100.0,Qualified Applicant,"['5 yrs exp', 'Domain-relevant experience']",0,Stable in Role
23734,city_162,0.767,Male,Has relevent experience,Full time course,Graduate,STEM,4,<10,Pvt Ltd,never,26,0.11859838274932614,0.11859838274932614,4.0,0.2,0.7999999999999999,0.13,1.0,36.45,1771,16.8,11.9,20.0,80.0,13.0,100.0,Qualified Applicant,"['4 yrs exp', 'STEM discipline', 'Domain-relevant experience']",0,Stable in Role
17336,city_21,0.624,Male,No relevent experience,Full time course,High School,,2,,,never,72,0.5384615384615384,0.5384615384615384,2.0,0.1,0.4,0.36,0.35,36.45,1771,16.8,53.8,10.0,40.0,36.0,35.0,Qualified Applicant,"['Open to progression', '2 yrs exp']",1,Ready for Transition
7346,city_103,0.92,Male,Has relevent experience,no_enrollment,Graduate,STEM,5,10000+,NGO,2,24,0.0847457627118644,0.0847457627118644,5.0,0.25,0.7999999999999999,0.12,1.0,36.42,1773,16.7,8.5,25.0,80.0,12.0,100.0,Qualified Applicant,"['5 yrs exp', 'STEM discipline', 'Domain-relevant experience']",0,Stable in Role
16941,city_103,0.92,Male,Has relevent experience,Part time course,Graduate,Business Degree,5,50-99,Pvt Ltd,4,64,0.0847457627118644,0.0847457627118644,5.0,0.25,0.7,0.32,1.0,36.42,1773,16.7,8.5,25.0,70.0,32.0,100.0,Qualified Applicant,"['5 yrs exp', 'Domain-relevant experience']",0,Stable in Role
9462,city_21,0.624,,No relevent experience,Part time course,,,1,,,never,204,0.27564102564102566,0.27564102564102566,1.0,0.05,0.6,1.0,0.35,36.4,1775,16.7,27.6,5.0,60.0,100.0,35.0,Qualified Applicant,"['1 yrs exp', 'Committed upskiller (204 hrs)']",0,Stable in Role
4417,city_103,0.92,,No relevent experience,no_enrollment,,,,,,,99,0.27564102564102566,0.27564102564102566,5.0,0.25,0.6,0.495,0.35,36.35,1776,16.6,27.6,25.0,60.0,49.5,35.0,Qualified Applicant,"['5 yrs exp', 'Committed upskiller (99 hrs)']",0,Stable in Role
27220,city_75,0.939,Male,No relevent experience,no_enrollment,Graduate,STEM,9,10/49,Pvt Ltd,1,77,0.049019607843137254,0.049019607843137254,9.0,0.45,0.7999999999999999,0.385,0.35,36.32,1777,16.6,4.9,45.0,80.0,38.5,35.0,Qualified Applicant,"['Mid-to-Senior (9 yrs)', 'STEM discipline']",0,Stable in Role
29969,city_16,0.91,Male,Has relevent experience,no_enrollment,High School,,11,500-999,Pvt Ltd,1,32,0.0847457627118644,0.0847457627118644,11.0,0.55,0.4,0.16,1.0,36.32,1777,16.6,8.5,55.0,40.0,16.0,100.0,Qualified Applicant,"['Mid-to-Senior (11 yrs)', 'Domain-relevant experience']",0,Stable in Role
14271,city_103,0.92,,No relevent experience,Full time course,,,11,<10,Pvt Ltd,>4,58,0.11859838274932614,0.11859838274932614,11.0,0.55,0.6,0.29,0.35,36.3,1779,16.5,11.9,55.0,60.0,29.0,35.0,Qualified Applicant,['Mid-to-Senior (11 yrs)'],0,Stable in Role
28349,city_114,0.926,Male,Has relevent experience,no_enrollment,Graduate,STEM,6,100-500,Pvt Ltd,1,21,0.049019607843137254,0.049019607843137254,6.0,0.3,0.7999999999999999,0.105,1.0,36.27,1780,16.4,4.9,30.0,80.0,10.5,100.0,Qualified Applicant,"['6 yrs exp', 'STEM discipline', 'Domain-relevant experience']",0,Stable in Role
18912,city_103,0.92,Male,Has relevent experience,Part time course,Graduate,STEM,4,100-500,Funded Startup,2,46,0.0847457627118644,0.0847457627118644,4.0,0.2,0.7999999999999999,0.23,1.0,36.27,1780,16.4,8.5,20.0,80.0,23.0,100.0,Qualified Applicant,"['4 yrs exp', 'STEM discipline', 'Domain-relevant experience']",0,Stable in Role
30657,city_65,0.802,Male,No relevent experience,no_enrollment,Graduate,STEM,3,10/49,Pvt Ltd,2,214,0.0847457627118644,0.0847457627118644,3.0,0.15,0.7999999999999999,1.0,0.35,36.22,1782,16.3,8.5,15.0,80.0,100.0,35.0,Qualified Applicant,"['3 yrs exp', 'STEM discipline', 'Committed upskiller (214 hrs)']",0,Stable in Role
15307,city_103,0.92,Male,No relevent experience,no_enrollment,High School,,10,,,4,50,0.27564102564102566,0.27564102564102566,10.0,0.5,0.4,0.25,0.35,36.15,1783,16.3,27.6,50.0,40.0,25.0,35.0,Qualified Applicant,['Mid-to-Senior (10 yrs)'],0,Stable in Role
26541,city_16,0.91,Male,No relevent experience,no_enrollment,Masters,STEM,4,50-99,Pvt Ltd,1,101,0.0847457627118644,0.0847457627118644,4.0,0.2,0.98,0.505,0.35,36.12,1784,16.3,8.5,20.0,98.0,50.5,35.0,Qualified Applicant,"['4 yrs exp', 'Advanced degree (Masters)', 'STEM discipline', 'Committed upskiller (101 hrs)']",0,Stable in Role
8304,city_45,0.89,Male,Has relevent experience,no_enrollment,Graduate,Other,5,50-99,Pvt Ltd,never,82,0.049019607843137254,0.049019607843137254,5.0,0.25,0.7,0.41,1.0,36.07,1785,16.2,4.9,25.0,70.0,41.0,100.0,Qualified Applicant,"['5 yrs exp', 'Committed upskiller (82 hrs)', 'Domain-relevant experience']",0,Stable in Role
24947,city_114,0.926,Male,Has relevent experience,,Graduate,STEM,5,10/49,Pvt Ltd,2,17,0.0847457627118644,0.0847457627118644,5.0,0.25,0.7999999999999999,0.085,1.0,36.07,1785,16.2,8.5,25.0,80.0,8.5,100.0,Qualified Applicant,"['5 yrs exp', 'STEM discipline', 'Domain-relevant experience']",0,Stable in Role
24260,city_114,0.926,,No relevent experience,,,,11,100-500,,never,102,0.049019607843137254,0.049019607843137254,11.0,0.55,0.6,0.51,0.35,36.07,1785,16.2,4.9,55.0,60.0,51.0,35.0,Qualified Applicant,"['Mid-to-Senior (11 yrs)', 'Committed upskiller (102 hrs)']",0,Stable in Role
17919,city_116,0.743,,No relevent experience,Full time course,Graduate,Humanities,2,,,never,298,0.17117117117117117,0.17117117117117117,2.0,0.1,0.7,1.0,0.35,35.99,1788,16.1,17.1,10.0,70.0,100.0,35.0,Qualified Applicant,"['2 yrs exp', 'Committed upskiller (298 hrs)']",0,Stable in Role
15095,city_77,0.83,Male,Has relevent experience,no_enrollment,Graduate,No Major,7,50-99,Public Sector,2,30,0.049019607843137254,0.049019607843137254,7.0,0.35,0.7,0.15,1.0,35.97,1789,16.0,4.9,35.0,70.0,15.0,100.0,Qualified Applicant,"['7 yrs exp', 'Domain-relevant experience']",0,Stable in Role
22497,city_26,0.698,Other,Has relevent experience,Part time course,High School,,5,100-500,,1,41,0.27564102564102566,0.27564102564102566,5.0,0.25,0.4,0.205,1.0,35.95,1790,16.0,27.6,25.0,40.0,20.5,100.0,Qualified Applicant,"['5 yrs exp', 'Domain-relevant experience']",0,Stable in Role
26483,city_16,0.91,,No relevent experience,no_enrollment,Masters,STEM,4,5000-9999,Public Sector,1,37,0.17117117117117117,0.17117117117117117,4.0,0.2,0.98,0.185,0.35,35.94,1791,15.9,17.1,20.0,98.0,18.5,35.0,Qualified Applicant,"['4 yrs exp', 'Advanced degree (Masters)', 'STEM discipline']",0,Stable in Role
9766,city_83,0.923,Male,Has relevent experience,no_enrollment,Graduate,STEM,5,1000-4999,Pvt Ltd,2,14,0.0847457627118644,0.0847457627118644,5.0,0.25,0.7999999999999999,0.07,1.0,35.92,1792,15.9,8.5,25.0,80.0,7.0,100.0,Qualified Applicant,"['5 yrs exp', 'STEM discipline', 'Domain-relevant experience']",0,Stable in Role
23210,city_103,0.92,,Has relevent experience,no_enrollment,Graduate,STEM,5,10000+,Pvt Ltd,1,39,0.049019607843137254,0.049019607843137254,5.0,0.25,0.7999999999999999,0.195,1.0,35.92,1792,15.9,4.9,25.0,80.0,19.5,100.0,Qualified Applicant,"['5 yrs exp', 'STEM discipline', 'Domain-relevant experience']",0,Stable in Role
7942,city_104,0.924,,Has relevent experience,no_enrollment,Graduate,STEM,1,100-500,Pvt Ltd,1,112,0.0847457627118644,0.0847457627118644,1.0,0.05,0.7999999999999999,0.56,1.0,35.82,1794,15.8,8.5,5.0,80.0,56.0,100.0,Qualified Applicant,"['1 yrs exp', 'STEM discipline', 'Committed upskiller (112 hrs)', 'Domain-relevant experience']",0,Stable in Role
15098,city_103,0.92,,Has relevent experience,no_enrollment,,,7,500-999,Pvt Ltd,4,42,0.0847457627118644,0.0847457627118644,7.0,0.35,0.6,0.21,1.0,35.82,1794,15.8,8.5,35.0,60.0,21.0,100.0,Qualified Applicant,"['7 yrs exp', 'Domain-relevant experience']",0,Stable in Role
23606,city_103,0.92,,No relevent experience,Full time course,High School,,3,,,1,41,0.5289855072463768,0.5289855072463768,3.0,0.15,0.4,0.205,0.35,35.81,1796,15.7,52.9,15.0,40.0,20.5,35.0,Qualified Applicant,"['Open to progression', '3 yrs exp']",1,Ready for Transition
5857,city_73,0.754,Male,Has relevent experience,Part time course,Graduate,STEM,4,50-99,Pvt Ltd,1,13,0.11859838274932614,0.11859838274932614,4.0,0.2,0.7999999999999999,0.065,1.0,35.8,1797,15.6,11.9,20.0,80.0,6.5,100.0,Qualified Applicant,"['4 yrs exp', 'STEM discipline', 'Domain-relevant experience']",0,Stable in Role
29908,city_104,0.924,Male,No relevent experience,no_enrollment,Primary School,,15,10000+,Pvt Ltd,2,156,0.049019607843137254,0.049019607843137254,15.0,0.75,0.2,0.78,0.35,35.77,1798,15.6,4.9,75.0,20.0,78.0,35.0,Senior Specialist,"['Deep seniority (15+ yrs)', 'Committed upskiller (156 hrs)']",0,Stable in Role
11541,city_114,0.926,Male,No relevent experience,no_enrollment,Masters,Humanities,9,50-99,NGO,1,34,0.049019607843137254,0.049019607843137254,9.0,0.45,0.88,0.17,0.35,35.77,1798,15.6,4.9,45.0,88.0,17.0,35.0,Qualified Applicant,"['Mid-to-Senior (9 yrs)', 'Advanced degree (Masters)']",0,Stable in Role
6027,city_103,0.92,Female,No relevent experience,no_enrollment,Phd,STEM,6,100-500,Funded Startup,2,40,0.07894736842105263,0.07894736842105263,6.0,0.3,1.0,0.2,0.35,35.76,1800,15.5,7.9,30.0,100.0,20.0,35.0,Qualified Applicant,"['6 yrs exp', 'Advanced degree (Phd)', 'STEM discipline']",0,Stable in Role
16728,city_114,0.926,Male,Has relevent experience,Full time course,Graduate,STEM,4,100-500,Pvt Ltd,2,12,0.11859838274932614,0.11859838274932614,4.0,0.2,0.7999999999999999,0.06,1.0,35.75,1801,15.5,11.9,20.0,80.0,6.0,100.0,Qualified Applicant,"['4 yrs exp', 'STEM discipline', 'Domain-relevant experience']",0,Stable in Role
22737,city_16,0.91,,No relevent experience,no_enrollment,Masters,STEM,7,50-99,Early Stage Startup,1,18,0.0847457627118644,0.0847457627118644,7.0,0.35,0.98,0.09,0.35,35.72,1802,15.4,8.5,35.0,98.0,9.0,35.0,Qualified Applicant,"['7 yrs exp', 'Advanced degree (Masters)', 'STEM discipline']",0,Stable in Role
17675,city_160,0.92,Male,Has relevent experience,no_enrollment,Graduate,STEM,5,10/49,Funded Startup,2,35,0.049019607843137254,0.049019607843137254,5.0,0.25,0.7999999999999999,0.175,1.0,35.72,1802,15.4,4.9,25.0,80.0,17.5,100.0,Qualified Applicant,"['5 yrs exp', 'STEM discipline', 'Domain-relevant experience']",0,Stable in Role
7416,city_103,0.92,Male,No relevent experience,Full time course,Graduate,STEM,3,5000-9999,Pvt Ltd,1,56,0.27564102564102566,0.27564102564102566,3.0,0.15,0.7999999999999999,0.28,0.35,35.7,1804,15.3,27.6,15.0,80.0,28.0,35.0,Qualified Applicant,"['3 yrs exp', 'STEM discipline']",0,Stable in Role
7499,city_28,0.939,,Has relevent experience,no_enrollment,Graduate,STEM,5,<10,Pvt Ltd,>4,9,0.0847457627118644,0.0847457627118644,5.0,0.25,0.7999999999999999,0.045,1.0,35.67,1805,15.3,8.5,25.0,80.0,4.5,100.0,Qualified Applicant,"['5 yrs exp', 'STEM discipline', 'Domain-relevant experience']",0,Stable in Role
10655,city_136,0.897,Female,No relevent experience,Full time course,Graduate,STEM,4,,,never,102,0.17117117117117117,0.17117117117117117,4.0,0.2,0.7999999999999999,0.51,0.35,35.59,1806,15.2,17.1,20.0,80.0,51.0,35.0,Qualified Applicant,"['4 yrs exp', 'STEM discipline', 'Committed upskiller (102 hrs)']",0,Stable in Role
7314,city_136,0.897,Female,No relevent experience,no_enrollment,Phd,STEM,6,,,1,8,0.11859838274932614,0.11859838274932614,6.0,0.3,1.0,0.04,0.35,35.55,1807,15.2,11.9,30.0,100.0,4.0,35.0,Qualified Applicant,"['6 yrs exp', 'Advanced degree (Phd)', 'STEM discipline']",0,Stable in Role
6768,city_21,0.624,Male,No relevent experience,Part time course,High School,,2,,,never,29,0.5733333333333334,0.5733333333333334,2.0,0.1,0.4,0.145,0.35,35.52,1808,15.1,57.3,10.0,40.0,14.5,35.0,Qualified Applicant,"['Open to progression', '2 yrs exp']",1,Ready for Transition
2894,city_61,0.913,Male,Has relevent experience,no_enrollment,Graduate,STEM,5,,,1,4,0.0847457627118644,0.0847457627118644,5.0,0.25,0.7999999999999999,0.02,1.0,35.42,1809,15.1,8.5,25.0,80.0,2.0,100.0,Qualified Applicant,"['5 yrs exp', 'STEM discipline', 'Domain-relevant experience']",0,Stable in Role
17074,city_65,0.802,Male,Has relevent experience,no_enrollment,High School,,9,50-99,Pvt Ltd,3,88,0.049019607843137254,0.049019607843137254,9.0,0.45,0.4,0.44,1.0,35.37,1810,15.0,4.9,45.0,40.0,44.0,100.0,Qualified Applicant,"['Mid-to-Senior (9 yrs)', 'Committed upskiller (88 hrs)', 'Domain-relevant experience']",0,Stable in Role
28620,city_103,0.92,Male,Has relevent experience,no_enrollment,Graduate,STEM,5,10000+,Pvt Ltd,never,26,0.049019607843137254,0.049019607843137254,5.0,0.25,0.7999999999999999,0.13,1.0,35.27,1811,15.0,4.9,25.0,80.0,13.0,100.0,Qualified Applicant,"['5 yrs exp', 'STEM discipline', 'Domain-relevant experience']",0,Stable in Role
5576,city_75,0.939,Male,Has relevent experience,no_enrollment,Graduate,STEM,5,1000-4999,Pvt Ltd,2,26,0.049019607843137254,0.049019607843137254,5.0,0.25,0.7999999999999999,0.13,1.0,35.27,1811,15.0,4.9,25.0,80.0,13.0,100.0,Qualified Applicant,"['5 yrs exp', 'STEM discipline', 'Domain-relevant experience']",0,Stable in Role
9105,city_123,0.738,Female,Has relevent experience,Part time course,Graduate,Other,4,50-99,Pvt Ltd,2,42,0.11859838274932614,0.11859838274932614,4.0,0.2,0.7,0.21,1.0,35.25,1813,14.9,11.9,20.0,70.0,21.0,100.0,Qualified Applicant,"['4 yrs exp', 'Domain-relevant experience']",0,Stable in Role
16917,city_103,0.92,,No relevent experience,Full time course,High School,,1,,,1,48,0.5733333333333334,0.5733333333333334,1.0,0.05,0.4,0.24,0.35,35.22,1814,14.8,57.3,5.0,40.0,24.0,35.0,Qualified Applicant,"['Open to progression', '1 yrs exp']",1,Ready for Transition
9840,city_114,0.926,Male,No relevent experience,Full time course,High School,,8,,Public Sector,1,81,0.27564102564102566,0.27564102564102566,8.0,0.4,0.4,0.405,0.35,35.2,1815,14.8,27.6,40.0,40.0,40.5,35.0,Qualified Applicant,"['Mid-to-Senior (8 yrs)', 'Committed upskiller (81 hrs)']",0,Stable in Role
9514,city_160,0.92,Male,Has relevent experience,Full time course,High School,,12,100-500,Pvt Ltd,1,9,0.049019607843137254,0.049019607843137254,12.0,0.6,0.4,0.045,1.0,35.17,1816,14.7,4.9,60.0,40.0,4.5,100.0,Senior Specialist,"['Mid-to-Senior (12 yrs)', 'Domain-relevant experience']",0,Stable in Role
19543,city_152,0.698,,Has relevent experience,no_enrollment,Graduate,STEM,4,<10,Funded Startup,1,34,0.07035175879396985,0.07035175879396985,4.0,0.2,0.7999999999999999,0.17,1.0,35.16,1817,14.7,7.0,20.0,80.0,17.0,100.0,Qualified Applicant,"['4 yrs exp', 'STEM discipline', 'Domain-relevant experience']",0,Stable in Role
17254,city_91,0.691,,No relevent experience,Full time course,Primary School,,2,,,1,133,0.5289855072463768,0.5289855072463768,2.0,0.1,0.2,0.665,0.35,35.16,1817,14.7,52.9,10.0,20.0,66.5,35.0,Qualified Applicant,"['Open to progression', '2 yrs exp', 'Committed upskiller (133 hrs)']",1,Ready for Transition
18063,city_105,0.794,,Has relevent experience,no_enrollment,Graduate,STEM,3,50-99,Pvt Ltd,1,73,0.049019607843137254,0.049019607843137254,3.0,0.15,0.7999999999999999,0.365,1.0,35.12,1819,14.6,4.9,15.0,80.0,36.5,100.0,Qualified Applicant,"['3 yrs exp', 'STEM discipline', 'Domain-relevant experience']",0,Stable in Role
6590,city_24,0.698,Male,Has relevent experience,no_enrollment,High School,,12,50-99,Pvt Ltd,1,8,0.049019607843137254,0.049019607843137254,12.0,0.6,0.4,0.04,1.0,35.12,1819,14.6,4.9,60.0,40.0,4.0,100.0,Senior Specialist,"['Mid-to-Senior (12 yrs)', 'Domain-relevant experience']",0,Stable in Role
10021,city_16,0.91,Female,Has relevent experience,no_enrollment,Graduate,STEM,5,10000+,Pvt Ltd,1,22,0.049019607843137254,0.049019607843137254,5.0,0.25,0.7999999999999999,0.11,1.0,35.07,1821,14.5,4.9,25.0,80.0,11.0,100.0,Qualified Applicant,"['5 yrs exp', 'STEM discipline', 'Domain-relevant experience']",0,Stable in Role
30020,city_103,0.92,Male,No relevent experience,Full time course,High School,,2,,,1,51,0.5289855072463768,0.5289855072463768,2.0,0.1,0.4,0.255,0.35,35.06,1822,14.5,52.9,10.0,40.0,25.5,35.0,Qualified Applicant,"['Open to progression', '2 yrs exp']",1,Ready for Transition
2530,city_149,0.6890000000000001,Male,No relevent experience,Full time course,Graduate,STEM,<1,10/49,Pvt Ltd,1,43,0.3644859813084112,0.3644859813084112,0.5,0.025,0.7999999999999999,0.215,0.35,35.03,1823,14.4,36.4,2.5,80.0,21.5,35.0,Qualified Applicant,"['0 yrs exp', 'STEM discipline']",0,Stable in Role
6017,city_116,0.743,Male,No relevent experience,Full time course,Graduate,STEM,5,100-500,Pvt Ltd,never,102,0.11859838274932614,0.11859838274932614,5.0,0.25,0.7999999999999999,0.51,0.35,35.0,1824,14.3,11.9,25.0,80.0,51.0,35.0,Qualified Applicant,"['5 yrs exp', 'STEM discipline', 'Committed upskiller (102 hrs)']",0,Stable in Role
16577,city_114,0.926,Male,No relevent experience,Full time course,Graduate,STEM,5,<10,Pvt Ltd,1,102,0.11859838274932614,0.11859838274932614,5.0,0.25,0.7999999999999999,0.51,0.35,35.0,1824,14.3,11.9,25.0,80.0,51.0,35.0,Qualified Applicant,"['5 yrs exp', 'STEM discipline', 'Committed upskiller (102 hrs)']",0,Stable in Role
29123,city_103,0.92,Male,Has relevent experience,no_enrollment,Graduate,Humanities,6,500-999,Funded Startup,2,10,0.0847457627118644,0.0847457627118644,6.0,0.3,0.7,0.05,1.0,34.97,1826,14.3,8.5,30.0,70.0,5.0,100.0,Qualified Applicant,"['6 yrs exp', 'Domain-relevant experience']",0,Stable in Role
12391,city_99,0.915,,No relevent experience,Full time course,High School,,3,,,,23,0.5289855072463768,0.5289855072463768,3.0,0.15,0.4,0.115,0.35,34.91,1827,14.2,52.9,15.0,40.0,11.5,35.0,Qualified Applicant,"['Open to progression', '3 yrs exp']",1,Ready for Transition
6689,city_141,0.763,Male,No relevent experience,no_enrollment,Masters,STEM,5,100-500,Pvt Ltd,1,28,0.11859838274932614,0.11859838274932614,5.0,0.25,0.98,0.14,0.35,34.9,1828,14.2,11.9,25.0,98.0,14.0,35.0,Qualified Applicant,"['5 yrs exp', 'Advanced degree (Masters)', 'STEM discipline']",0,Stable in Role
11413,city_12,0.64,Male,No relevent experience,Full time course,Graduate,STEM,6,50-99,Pvt Ltd,1,38,0.17117117117117117,0.17117117117117117,6.0,0.3,0.7999999999999999,0.19,0.35,34.89,1829,14.1,17.1,30.0,80.0,19.0,35.0,Qualified Applicant,"['6 yrs exp', 'STEM discipline']",0,Stable in Role
14806,city_36,0.893,Male,Has relevent experience,no_enrollment,High School,,10,50-99,Early Stage Startup,2,53,0.049019607843137254,0.049019607843137254,10.0,0.5,0.4,0.265,1.0,34.87,1830,14.0,4.9,50.0,40.0,26.5,100.0,Qualified Applicant,"['Mid-to-Senior (10 yrs)', 'Domain-relevant experience']",0,Stable in Role
12059,city_27,0.848,Male,Has relevent experience,no_enrollment,High School,,10,50-99,Pvt Ltd,2,28,0.0847457627118644,0.0847457627118644,10.0,0.5,0.4,0.14,1.0,34.87,1830,14.0,8.5,50.0,40.0,14.0,100.0,Qualified Applicant,"['Mid-to-Senior (10 yrs)', 'Domain-relevant experience']",0,Stable in Role
29781,city_16,0.91,Male,Has relevent experience,no_enrollment,Graduate,Business Degree,4,50-99,Funded Startup,3,83,0.049019607843137254,0.049019607843137254,4.0,0.2,0.7,0.415,1.0,34.87,1830,14.0,4.9,20.0,70.0,41.5,100.0,Qualified Applicant,"['4 yrs exp', 'Committed upskiller (83 hrs)', 'Domain-relevant experience']",0,Stable in Role
8170,city_45,0.89,Male,Has relevent experience,Full time course,High School,,9,,,1,52,0.0847457627118644,0.0847457627118644,9.0,0.45,0.4,0.26,1.0,34.82,1833,13.9,8.5,45.0,40.0,26.0,100.0,Qualified Applicant,"['Mid-to-Senior (9 yrs)', 'Domain-relevant experience']",0,Stable in Role
15144,city_103,0.92,Male,Has relevent experience,Part time course,Graduate,STEM,4,10000+,Public Sector,1,17,0.0847457627118644,0.0847457627118644,4.0,0.2,0.7999999999999999,0.085,1.0,34.82,1833,13.9,8.5,20.0,80.0,8.5,100.0,Qualified Applicant,"['4 yrs exp', 'STEM discipline', 'Domain-relevant experience']",0,Stable in Role
25173,city_23,0.899,Male,Has relevent experience,no_enrollment,Graduate,STEM,5,100-500,NGO,1,17,0.049019607843137254,0.049019607843137254,5.0,0.25,0.7999999999999999,0.085,1.0,34.82,1833,13.9,4.9,25.0,80.0,8.5,100.0,Qualified Applicant,"['5 yrs exp', 'STEM discipline', 'Domain-relevant experience']",0,Stable in Role
11148,city_24,0.698,,No relevent experience,no_enrollment,Masters,Business Degree,8,500-999,Pvt Ltd,1,14,0.0847457627118644,0.0847457627118644,8.0,0.4,0.88,0.07,0.35,34.77,1836,13.8,8.5,40.0,88.0,7.0,35.0,Qualified Applicant,"['Mid-to-Senior (8 yrs)', 'Advanced degree (Masters)']",0,Stable in Role
8596,city_41,0.8270000000000001,,Has relevent experience,Full time course,High School,,4,100-500,Pvt Ltd,2,152,0.11859838274932614,0.11859838274932614,4.0,0.2,0.4,0.76,1.0,34.75,1837,13.7,11.9,20.0,40.0,76.0,100.0,Qualified Applicant,"['4 yrs exp', 'Committed upskiller (152 hrs)', 'Domain-relevant experience']",0,Stable in Role
26576,city_103,0.92,Other,No relevent experience,no_enrollment,Graduate,STEM,4,500-999,Pvt Ltd,3,122,0.11859838274932614,0.11859838274932614,4.0,0.2,0.7999999999999999,0.61,0.35,34.75,1837,13.7,11.9,20.0,80.0,61.0,35.0,Qualified Applicant,"['4 yrs exp', 'STEM discipline', 'Committed upskiller (122 hrs)']",0,Stable in Role
14412,city_160,0.92,Male,Has relevent experience,Full time course,Graduate,STEM,3,10000+,Pvt Ltd,1,65,0.049019607843137254,0.049019607843137254,3.0,0.15,0.7999999999999999,0.325,1.0,34.72,1839,13.7,4.9,15.0,80.0,32.5,100.0,Qualified Applicant,"['3 yrs exp', 'STEM discipline', 'Domain-relevant experience']",0,Stable in Role
26440,city_45,0.89,Male,Has relevent experience,Full time course,High School,,9,<10,Pvt Ltd,2,54,0.07894736842105263,0.07894736842105263,9.0,0.45,0.4,0.27,1.0,34.71,1840,13.6,7.9,45.0,40.0,27.0,100.0,Qualified Applicant,"['Mid-to-Senior (9 yrs)', 'Domain-relevant experience']",0,Stable in Role
15911,city_136,0.897,,No relevent experience,no_enrollment,Masters,STEM,5,50-99,Pvt Ltd,1,46,0.0847457627118644,0.0847457627118644,5.0,0.25,0.98,0.23,0.35,34.62,1841,13.6,8.5,25.0,98.0,23.0,35.0,Qualified Applicant,"['5 yrs exp', 'Advanced degree (Masters)', 'STEM discipline']",0,Stable in Role
7463,city_13,0.8270000000000001,Male,Has relevent experience,no_enrollment,Masters,Business Degree,2,50-99,Pvt Ltd,1,31,0.0847457627118644,0.0847457627118644,2.0,0.1,0.88,0.155,1.0,34.62,1841,13.6,8.5,10.0,88.0,15.5,100.0,Qualified Applicant,"['2 yrs exp', 'Advanced degree (Masters)', 'Domain-relevant experience']",0,Stable in Role
19996,city_103,0.92,Male,Has relevent experience,no_enrollment,Graduate,STEM,3,50-99,Pvt Ltd,1,37,0.0847457627118644,0.0847457627118644,3.0,0.15,0.7999999999999999,0.185,1.0,34.57,1843,13.5,8.5,15.0,80.0,18.5,100.0,Qualified Applicant,"['3 yrs exp', 'STEM discipline', 'Domain-relevant experience']",0,Stable in Role
1443,city_75,0.939,Male,Has relevent experience,no_enrollment,Graduate,STEM,4,50-99,Funded Startup,1,12,0.0847457627118644,0.0847457627118644,4.0,0.2,0.7999999999999999,0.06,1.0,34.57,1843,13.5,8.5,20.0,80.0,6.0,100.0,Qualified Applicant,"['4 yrs exp', 'STEM discipline', 'Domain-relevant experience']",0,Stable in Role
28132,city_77,0.83,Male,No relevent experience,Full time course,Graduate,STEM,6,,,1,53,0.14,0.14,6.0,0.3,0.7999999999999999,0.265,0.35,34.55,1845,13.4,14.0,30.0,80.0,26.5,35.0,Qualified Applicant,"['6 yrs exp', 'STEM discipline']",0,Stable in Role
32956,city_103,0.92,Male,Has relevent experience,no_enrollment,Graduate,Arts,4,10000+,Pvt Ltd,1,51,0.0847457627118644,0.0847457627118644,4.0,0.2,0.7,0.255,1.0,34.52,1846,13.3,8.5,20.0,70.0,25.5,100.0,Qualified Applicant,"['4 yrs exp', 'Domain-relevant experience']",0,Stable in Role
25243,city_114,0.926,Male,Has relevent experience,no_enrollment,High School,,10,50-99,Pvt Ltd,1,25,0.07894736842105263,0.07894736842105263,10.0,0.5,0.4,0.125,1.0,34.51,1847,13.3,7.9,50.0,40.0,12.5,100.0,Qualified Applicant,"['Mid-to-Senior (10 yrs)', 'Domain-relevant experience']",0,Stable in Role
5907,city_149,0.6890000000000001,,Has relevent experience,no_enrollment,Graduate,STEM,3,50-99,Pvt Ltd,1,35,0.0847457627118644,0.0847457627118644,3.0,0.15,0.7999999999999999,0.175,1.0,34.47,1848,13.2,8.5,15.0,80.0,17.5,100.0,Qualified Applicant,"['3 yrs exp', 'STEM discipline', 'Domain-relevant experience']",0,Stable in Role
621,city_136,0.897,Male,No relevent experience,no_enrollment,Graduate,STEM,1,,,1,18,0.3644859813084112,0.3644859813084112,1.0,0.05,0.7999999999999999,0.09,0.35,34.41,1849,13.2,36.4,5.0,80.0,9.0,35.0,Qualified Applicant,"['1 yrs exp', 'STEM discipline']",0,Stable in Role
2018,city_102,0.804,Male,No relevent experience,no_enrollment,Masters,STEM,5,500-999,Pvt Ltd,1,18,0.11859838274932614,0.11859838274932614,5.0,0.25,0.98,0.09,0.35,34.4,1850,13.2,11.9,25.0,98.0,9.0,35.0,Qualified Applicant,"['5 yrs exp', 'Advanced degree (Masters)', 'STEM discipline']",0,Stable in Role
22140,city_103,0.92,,No relevent experience,no_enrollment,Graduate,STEM,3,1000-4999,Public Sector,2,28,0.27564102564102566,0.27564102564102566,3.0,0.15,0.7999999999999999,0.14,0.35,34.3,1851,13.1,27.6,15.0,80.0,14.0,35.0,Qualified Applicant,"['3 yrs exp', 'STEM discipline']",0,Stable in Role
21786,city_57,0.866,Male,No relevent experience,no_enrollment,Masters,STEM,6,<10,Pvt Ltd,>4,14,0.0847457627118644,0.0847457627118644,6.0,0.3,0.98,0.07,0.35,34.27,1852,13.1,8.5,30.0,98.0,7.0,35.0,Qualified Applicant,"['6 yrs exp', 'Advanced degree (Masters)', 'STEM discipline']",0,Stable in Role
30498,city_83,0.923,,No relevent experience,no_enrollment,Graduate,STEM,3,10/49,Public Sector,never,27,0.27564102564102566,0.27564102564102566,3.0,0.15,0.7999999999999999,0.135,0.35,34.25,1853,13.0,27.6,15.0,80.0,13.5,35.0,Qualified Applicant,"['3 yrs exp', 'STEM discipline']",0,Stable in Role
27456,city_67,0.855,Female,Has relevent experience,Full time course,Graduate,STEM,4,1000-4999,Pvt Ltd,1,5,0.0847457627118644,0.0847457627118644,4.0,0.2,0.7999999999999999,0.025,1.0,34.22,1854,12.9,8.5,20.0,80.0,2.5,100.0,Qualified Applicant,"['4 yrs exp', 'STEM discipline', 'Domain-relevant experience']",0,Stable in Role
25886,city_114,0.926,Male,No relevent experience,no_enrollment,High School,,9,<10,Pvt Ltd,1,170,0.0847457627118644,0.0847457627118644,9.0,0.45,0.4,0.85,0.35,34.22,1854,12.9,8.5,45.0,40.0,85.0,35.0,Qualified Applicant,"['Mid-to-Senior (9 yrs)', 'Committed upskiller (170 hrs)']",0,Stable in Role
14767,city_71,0.884,Male,Has relevent experience,Part time course,Graduate,STEM,3,<10,Pvt Ltd,2,6,0.11859838274932614,0.11859838274932614,3.0,0.15,0.7999999999999999,0.03,1.0,34.2,1856,12.9,11.9,15.0,80.0,3.0,100.0,Qualified Applicant,"['3 yrs exp', 'STEM discipline', 'Domain-relevant experience']",0,Stable in Role
31852,city_73,0.754,Male,Has relevent experience,no_enrollment,Graduate,STEM,4,50-99,,2,4,0.0847457627118644,0.0847457627118644,4.0,0.2,0.7999999999999999,0.02,1.0,34.17,1857,12.8,8.5,20.0,80.0,2.0,100.0,Qualified Applicant,"['4 yrs exp', 'STEM discipline', 'Domain-relevant experience']",0,Stable in Role
2682,city_23,0.899,Female,No relevent experience,Full time course,Graduate,STEM,3,10000+,Pvt Ltd,2,98,0.17117117117117117,0.17117117117117117,3.0,0.15,0.7999999999999999,0.49,0.35,34.14,1858,12.8,17.1,15.0,80.0,49.0,35.0,Qualified Applicant,"['3 yrs exp', 'STEM discipline', 'Committed upskiller (98 hrs)']",0,Stable in Role
12406,city_24,0.698,Male,No relevent experience,no_enrollment,Graduate,No Major,8,50-99,Other,4,72,0.0847457627118644,0.0847457627118644,8.0,0.4,0.7,0.36,0.35,34.07,1859,12.7,8.5,40.0,70.0,36.0,35.0,Qualified Applicant,['Mid-to-Senior (8 yrs)'],0,Stable in Role
13419,city_114,0.926,,Has relevent experience,no_enrollment,,,5,,,,56,0.0847457627118644,0.0847457627118644,5.0,0.25,0.6,0.28,1.0,34.02,1860,12.7,8.5,25.0,60.0,28.0,100.0,Qualified Applicant,"['5 yrs exp', 'Domain-relevant experience']",0,Stable in Role
25931,city_103,0.92,Male,Has relevent experience,Part time course,Graduate,STEM,3,10000+,Pvt Ltd,3,26,0.0847457627118644,0.0847457627118644,3.0,0.15,0.7999999999999999,0.13,1.0,34.02,1860,12.7,8.5,15.0,80.0,13.0,100.0,Qualified Applicant,"['3 yrs exp', 'STEM discipline', 'Domain-relevant experience']",0,Stable in Role
15061,city_136,0.897,Male,Has relevent experience,Full time course,Masters,STEM,<1,5000-9999,,4,15,0.0847457627118644,0.0847457627118644,0.5,0.025,0.98,0.075,1.0,33.94,1862,12.6,8.5,2.5,98.0,7.5,100.0,Qualified Applicant,"['0 yrs exp', 'Advanced degree (Masters)', 'STEM discipline', 'Domain-relevant experience']",0,Stable in Role
30736,city_160,0.92,Male,No relevent experience,Full time course,High School,,2,,,1,48,0.5,0.5,2.0,0.1,0.4,0.24,0.35,33.9,1863,12.5,50.0,10.0,40.0,24.0,35.0,Qualified Applicant,"['Open to progression', '2 yrs exp']",1,Ready for Transition
25995,city_16,0.91,,No relevent experience,no_enrollment,Graduate,STEM,6,10000+,Public Sector,1,55,0.11859838274932614,0.11859838274932614,6.0,0.3,0.7999999999999999,0.275,0.35,33.9,1863,12.5,11.9,30.0,80.0,27.5,35.0,Qualified Applicant,"['6 yrs exp', 'STEM discipline']",0,Stable in Role
11912,city_103,0.92,Male,Has relevent experience,Part time course,Graduate,Business Degree,5,10000+,Pvt Ltd,4,17,0.07894736842105263,0.07894736842105263,5.0,0.25,0.7,0.085,1.0,33.86,1865,12.4,7.9,25.0,70.0,8.5,100.0,Qualified Applicant,"['5 yrs exp', 'Domain-relevant experience']",0,Stable in Role
18209,city_128,0.527,Male,No relevent experience,Full time course,High School,,<1,,,never,25,0.5838509316770185,0.5838509316770185,0.5,0.025,0.4,0.125,0.35,33.81,1866,12.4,58.4,2.5,40.0,12.5,35.0,Qualified Applicant,"['Open to progression', '0 yrs exp']",1,Ready for Transition
30719,city_16,0.91,,Has relevent experience,no_enrollment,Graduate,STEM,4,100-500,Pvt Ltd,1,21,0.049019607843137254,0.049019607843137254,4.0,0.2,0.7999999999999999,0.105,1.0,33.77,1867,12.4,4.9,20.0,80.0,10.5,100.0,Qualified Applicant,"['4 yrs exp', 'STEM discipline', 'Domain-relevant experience']",0,Stable in Role
18781,city_136,0.897,,Has relevent experience,Part time course,Graduate,STEM,4,50-99,,1,20,0.049019607843137254,0.049019607843137254,4.0,0.2,0.7999999999999999,0.1,1.0,33.72,1868,12.3,4.9,20.0,80.0,10.0,100.0,Qualified Applicant,"['4 yrs exp', 'STEM discipline', 'Domain-relevant experience']",0,Stable in Role
26927,city_114,0.926,Male,No relevent experience,no_enrollment,Graduate,Humanities,<1,,,4,56,0.3644859813084112,0.3644859813084112,0.5,0.025,0.7,0.28,0.35,33.68,1869,12.3,36.4,2.5,70.0,28.0,35.0,Qualified Applicant,['0 yrs exp'],0,Stable in Role
31019,city_103,0.92,Male,No relevent experience,Full time course,Graduate,STEM,4,,Pvt Ltd,never,100,0.11859838274932614,0.11859838274932614,4.0,0.2,0.7999999999999999,0.5,0.35,33.65,1870,12.2,11.9,20.0,80.0,50.0,35.0,Qualified Applicant,"['4 yrs exp', 'STEM discipline', 'Committed upskiller (100 hrs)']",0,Stable in Role
5005,city_103,0.92,Male,Has relevent experience,no_enrollment,Graduate,Humanities,2,50-99,Pvt Ltd,2,83,0.0847457627118644,0.0847457627118644,2.0,0.1,0.7,0.415,1.0,33.62,1871,12.1,8.5,10.0,70.0,41.5,100.0,Qualified Applicant,"['2 yrs exp', 'Committed upskiller (83 hrs)', 'Domain-relevant experience']",0,Stable in Role
28874,city_103,0.92,Male,Has relevent experience,Part time course,Graduate,STEM,3,10/49,Funded Startup,1,18,0.0847457627118644,0.0847457627118644,3.0,0.15,0.7999999999999999,0.09,1.0,33.62,1871,12.1,8.5,15.0,80.0,9.0,100.0,Qualified Applicant,"['3 yrs exp', 'STEM discipline', 'Domain-relevant experience']",0,Stable in Role
5367,city_160,0.92,Female,Has relevent experience,no_enrollment,Graduate,STEM,3,1000-4999,Pvt Ltd,2,17,0.0847457627118644,0.0847457627118644,3.0,0.15,0.7999999999999999,0.085,1.0,33.57,1873,12.1,8.5,15.0,80.0,8.5,100.0,Qualified Applicant,"['3 yrs exp', 'STEM discipline', 'Domain-relevant experience']",0,Stable in Role
21936,city_160,0.92,Male,No relevent experience,Full time course,Graduate,STEM,5,500-999,Pvt Ltd,4,36,0.17117117117117117,0.17117117117117117,5.0,0.25,0.7999999999999999,0.18,0.35,33.54,1874,12.0,17.1,25.0,80.0,18.0,35.0,Qualified Applicant,"['5 yrs exp', 'STEM discipline']",0,Stable in Role
17342,city_114,0.926,Female,No relevent experience,Part time course,High School,,16,1000-4999,,2,6,0.049019607843137254,0.049019607843137254,16.0,0.8,0.4,0.03,0.35,33.52,1875,12.0,4.9,80.0,40.0,3.0,35.0,Senior Specialist,['Deep seniority (16+ yrs)'],0,Stable in Role
33234,city_103,0.92,Male,No relevent experience,no_enrollment,Graduate,STEM,<1,100-500,Pvt Ltd,2,75,0.27564102564102566,0.27564102564102566,0.5,0.025,0.7999999999999999,0.375,0.35,33.52,1875,12.0,27.6,2.5,80.0,37.5,35.0,Qualified Applicant,"['0 yrs exp', 'STEM discipline']",0,Stable in Role
25833,city_21,0.624,,No relevent experience,Full time course,High School,,3,,,never,110,0.3644859813084112,0.3644859813084112,3.0,0.15,0.4,0.55,0.35,33.51,1877,11.9,36.4,15.0,40.0,55.0,35.0,Qualified Applicant,"['3 yrs exp', 'Committed upskiller (110 hrs)']",0,Stable in Role
4742,city_149,0.6890000000000001,,No relevent experience,no_enrollment,,,2,,,,114,0.27564102564102566,0.27564102564102566,2.0,0.1,0.6,0.57,0.35,33.35,1878,11.8,27.6,10.0,60.0,57.0,35.0,Qualified Applicant,"['2 yrs exp', 'Committed upskiller (114 hrs)']",0,Stable in Role
17225,city_114,0.926,Male,Has relevent experience,Full time course,Graduate,STEM,3,10/49,Early Stage Startup,1,8,0.0847457627118644,0.0847457627118644,3.0,0.15,0.7999999999999999,0.04,1.0,33.12,1879,11.8,8.5,15.0,80.0,4.0,100.0,Qualified Applicant,"['3 yrs exp', 'STEM discipline', 'Domain-relevant experience']",0,Stable in Role
6413,city_103,0.92,Male,Has relevent experience,,,,3,,,never,88,0.0847457627118644,0.0847457627118644,3.0,0.15,0.6,0.44,1.0,33.12,1879,11.8,8.5,15.0,60.0,44.0,100.0,Qualified Applicant,"['3 yrs exp', 'Committed upskiller (88 hrs)', 'Domain-relevant experience']",0,Stable in Role
3722,city_21,0.624,Male,No relevent experience,Part time course,High School,,2,,,never,12,0.5289855072463768,0.5289855072463768,2.0,0.1,0.4,0.06,0.35,33.11,1881,11.7,52.9,10.0,40.0,6.0,35.0,Qualified Applicant,"['Open to progression', '2 yrs exp']",1,Ready for Transition
2594,city_21,0.624,,No relevent experience,Full time course,High School,,2,,Pvt Ltd,never,12,0.5289855072463768,0.5289855072463768,2.0,0.1,0.4,0.06,0.35,33.11,1881,11.7,52.9,10.0,40.0,6.0,35.0,Qualified Applicant,"['Open to progression', '2 yrs exp']",1,Ready for Transition
14581,city_16,0.91,Male,Has relevent experience,no_enrollment,Graduate,STEM,2,<10,Early Stage Startup,1,57,0.049019607843137254,0.049019607843137254,2.0,0.1,0.7999999999999999,0.285,1.0,33.07,1883,11.6,4.9,10.0,80.0,28.5,100.0,Qualified Applicant,"['2 yrs exp', 'STEM discipline', 'Domain-relevant experience']",0,Stable in Role
17504,city_160,0.92,Other,No relevent experience,no_enrollment,Graduate,STEM,<1,,,never,3,0.3644859813084112,0.3644859813084112,0.5,0.025,0.7999999999999999,0.015,0.35,33.03,1884,11.6,36.4,2.5,80.0,1.5,35.0,Qualified Applicant,"['0 yrs exp', 'STEM discipline']",0,Stable in Role
30587,city_160,0.92,Male,Has relevent experience,no_enrollment,Graduate,No Major,3,50-99,Pvt Ltd,1,71,0.049019607843137254,0.049019607843137254,3.0,0.15,0.7,0.355,1.0,33.02,1885,11.5,4.9,15.0,70.0,35.5,100.0,Qualified Applicant,"['3 yrs exp', 'Domain-relevant experience']",0,Stable in Role
3374,city_21,0.624,Male,No relevent experience,no_enrollment,High School,,<1,,,never,16,0.5733333333333334,0.5733333333333334,0.5,0.025,0.4,0.08,0.35,32.99,1886,11.5,57.3,2.5,40.0,8.0,35.0,Qualified Applicant,"['Open to progression', '0 yrs exp']",1,Ready for Transition
13467,city_40,0.7759999999999999,Male,No relevent experience,no_enrollment,Graduate,STEM,4,100-500,Pvt Ltd,2,104,0.09259259259259259,0.09259259259259259,4.0,0.2,0.7999999999999999,0.52,0.35,32.94,1887,11.4,9.3,20.0,80.0,52.0,35.0,Qualified Applicant,"['4 yrs exp', 'STEM discipline', 'Committed upskiller (104 hrs)']",0,Stable in Role
31806,city_21,0.624,Male,No relevent experience,no_enrollment,High School,,<1,,Pvt Ltd,never,15,0.5733333333333334,0.5733333333333334,0.5,0.025,0.4,0.075,0.35,32.94,1887,11.4,57.3,2.5,40.0,7.5,35.0,Qualified Applicant,"['Open to progression', '0 yrs exp']",1,Ready for Transition
5040,city_64,0.6659999999999999,Female,Has relevent experience,no_enrollment,Graduate,Other,3,10/49,Pvt Ltd,2,44,0.0847457627118644,0.0847457627118644,3.0,0.15,0.7,0.22,1.0,32.92,1889,11.3,8.5,15.0,70.0,22.0,100.0,Qualified Applicant,"['3 yrs exp', 'Domain-relevant experience']",0,Stable in Role
9207,city_114,0.926,Male,Has relevent experience,no_enrollment,High School,,8,<10,Pvt Ltd,never,39,0.0847457627118644,0.0847457627118644,8.0,0.4,0.4,0.195,1.0,32.92,1889,11.3,8.5,40.0,40.0,19.5,100.0,Qualified Applicant,"['Mid-to-Senior (8 yrs)', 'Domain-relevant experience']",0,Stable in Role
7784,city_45,0.89,Male,Has relevent experience,Part time course,High School,,10,10/49,Pvt Ltd,>4,13,0.049019607843137254,0.049019607843137254,10.0,0.5,0.4,0.065,1.0,32.87,1891,11.2,4.9,50.0,40.0,6.5,100.0,Qualified Applicant,"['Mid-to-Senior (10 yrs)', 'Domain-relevant experience']",0,Stable in Role
28498,city_103,0.92,Female,Has relevent experience,no_enrollment,Graduate,Arts,4,500-999,Pvt Ltd,2,18,0.0847457627118644,0.0847457627118644,4.0,0.2,0.7,0.09,1.0,32.87,1891,11.2,8.5,20.0,70.0,9.0,100.0,Qualified Applicant,"['4 yrs exp', 'Domain-relevant experience']",0,Stable in Role
31228,city_21,0.624,Male,No relevent experience,Full time course,High School,,3,,Pvt Ltd,never,97,0.3644859813084112,0.3644859813084112,3.0,0.15,0.4,0.485,0.35,32.86,1893,11.1,36.4,15.0,40.0,48.5,35.0,Qualified Applicant,"['3 yrs exp', 'Committed upskiller (97 hrs)']",0,Stable in Role
5934,city_72,0.795,Male,Has relevent experience,no_enrollment,Graduate,No Major,3,1000-4999,Pvt Ltd,1,46,0.07894736842105263,0.07894736842105263,3.0,0.15,0.7,0.23,1.0,32.81,1894,11.1,7.9,15.0,70.0,23.0,100.0,Qualified Applicant,"['3 yrs exp', 'Domain-relevant experience']",0,Stable in Role
15853,city_50,0.8959999999999999,,No relevent experience,no_enrollment,Graduate,Other,9,10/49,Pvt Ltd,>4,21,0.0847457627118644,0.0847457627118644,9.0,0.45,0.7,0.105,0.35,32.77,1895,11.0,8.5,45.0,70.0,10.5,35.0,Qualified Applicant,['Mid-to-Senior (9 yrs)'],0,Stable in Role
14685,city_114,0.926,Male,No relevent experience,Full time course,Masters,STEM,3,10/49,Pvt Ltd,1,35,0.11859838274932614,0.11859838274932614,3.0,0.15,0.98,0.175,0.35,32.75,1896,11.0,11.9,15.0,98.0,17.5,35.0,Qualified Applicant,"['3 yrs exp', 'Advanced degree (Masters)', 'STEM discipline']",0,Stable in Role
7281,city_103,0.92,Female,No relevent experience,no_enrollment,Masters,STEM,4,1000-4999,Pvt Ltd,1,33,0.0847457627118644,0.0847457627118644,4.0,0.2,0.98,0.165,0.35,32.72,1897,10.9,8.5,20.0,98.0,16.5,35.0,Qualified Applicant,"['4 yrs exp', 'Advanced degree (Masters)', 'STEM discipline']",0,Stable in Role
30892,city_103,0.92,Male,Has relevent experience,no_enrollment,Graduate,STEM,3,500-999,Pvt Ltd,1,10,0.07035175879396985,0.07035175879396985,3.0,0.15,0.7999999999999999,0.05,1.0,32.71,1898,10.9,7.0,15.0,80.0,5.0,100.0,Qualified Applicant,"['3 yrs exp', 'STEM discipline', 'Domain-relevant experience']",0,Stable in Role
15527,city_28,0.939,Male,Has relevent experience,Part time course,High School,,6,10000+,,1,144,0.0,0.0,6.0,0.3,0.4,0.72,1.0,32.7,1899,10.9,0.0,30.0,40.0,72.0,100.0,Qualified Applicant,"['6 yrs exp', 'Committed upskiller (144 hrs)', 'Domain-relevant experience']",0,Stable in Role
2936,city_36,0.893,Male,Has relevent experience,Full time course,High School,,10,100-500,Pvt Ltd,3,9,0.049019607843137254,0.049019607843137254,10.0,0.5,0.4,0.045,1.0,32.67,1900,10.8,4.9,50.0,40.0,4.5,100.0,Qualified Applicant,"['Mid-to-Senior (10 yrs)', 'Domain-relevant experience']",0,Stable in Role
13037,city_97,0.925,,Has relevent experience,no_enrollment,High School,,8,,,1,33,0.0847457627118644,0.0847457627118644,8.0,0.4,0.4,0.165,1.0,32.62,1901,10.8,8.5,40.0,40.0,16.5,100.0,Qualified Applicant,"['Mid-to-Senior (8 yrs)', 'Domain-relevant experience']",0,Stable in Role
17720,city_103,0.92,Female,No relevent experience,Full time course,Graduate,STEM,3,<10,Early Stage Startup,1,104,0.11859838274932614,0.11859838274932614,3.0,0.15,0.7999999999999999,0.52,0.35,32.6,1902,10.7,11.9,15.0,80.0,52.0,35.0,Qualified Applicant,"['3 yrs exp', 'STEM discipline', 'Committed upskiller (104 hrs)']",0,Stable in Role
26289,city_89,0.925,Female,Has relevent experience,no_enrollment,Graduate,Humanities,3,<10,Pvt Ltd,2,12,0.11859838274932614,0.11859838274932614,3.0,0.15,0.7,0.06,1.0,32.5,1903,10.7,11.9,15.0,70.0,6.0,100.0,Qualified Applicant,"['3 yrs exp', 'Domain-relevant experience']",0,Stable in Role
19256,city_103,0.92,Male,No relevent experience,Full time course,Graduate,STEM,4,,Pvt Ltd,1,40,0.17117117117117117,0.17117117117117117,4.0,0.2,0.7999999999999999,0.2,0.35,32.49,1904,10.6,17.1,20.0,80.0,20.0,35.0,Qualified Applicant,"['4 yrs exp', 'STEM discipline']",0,Stable in Role
18737,city_114,0.926,Male,Has relevent experience,no_enrollment,,,4,100-500,Pvt Ltd,1,75,0.049019607843137254,0.049019607843137254,4.0,0.2,0.6,0.375,1.0,32.47,1905,10.5,4.9,20.0,60.0,37.5,100.0,Qualified Applicant,"['4 yrs exp', 'Domain-relevant experience']",0,Stable in Role
7300,city_114,0.926,Male,Has relevent experience,no_enrollment,High School,,7,<10,Pvt Ltd,2,55,0.0847457627118644,0.0847457627118644,7.0,0.35,0.4,0.275,1.0,32.47,1905,10.5,8.5,35.0,40.0,27.5,100.0,Qualified Applicant,"['7 yrs exp', 'Domain-relevant experience']",0,Stable in Role
25855,city_103,0.92,Female,Has relevent experience,no_enrollment,Graduate,Arts,4,50-99,Pvt Ltd,1,20,0.07035175879396985,0.07035175879396985,4.0,0.2,0.7,0.1,1.0,32.46,1907,10.5,7.0,20.0,70.0,10.0,100.0,Qualified Applicant,"['4 yrs exp', 'Domain-relevant experience']",0,Stable in Role
14534,city_114,0.926,Male,Has relevent experience,Part time course,High School,,6,1000-4999,Pvt Ltd,1,104,0.049019607843137254,0.049019607843137254,6.0,0.3,0.4,0.52,1.0,32.42,1908,10.4,4.9,30.0,40.0,52.0,100.0,Qualified Applicant,"['6 yrs exp', 'Committed upskiller (104 hrs)', 'Domain-relevant experience']",0,Stable in Role
18306,city_103,0.92,Male,Has relevent experience,no_enrollment,High School,,9,10/49,Early Stage Startup,1,29,0.049019607843137254,0.049019607843137254,9.0,0.45,0.4,0.145,1.0,32.42,1908,10.4,4.9,45.0,40.0,14.5,100.0,Qualified Applicant,"['Mid-to-Senior (9 yrs)', 'Domain-relevant experience']",0,Stable in Role
19752,city_75,0.939,Male,Has relevent experience,Full time course,High School,,9,,,1,28,0.049019607843137254,0.049019607843137254,9.0,0.45,0.4,0.14,1.0,32.37,1910,10.3,4.9,45.0,40.0,14.0,100.0,Qualified Applicant,"['Mid-to-Senior (9 yrs)', 'Domain-relevant experience']",0,Stable in Role
11667,city_28,0.939,,No relevent experience,no_enrollment,Graduate,Humanities,9,50-99,Public Sector,never,16,0.07894736842105263,0.07894736842105263,9.0,0.45,0.7,0.08,0.35,32.31,1911,10.3,7.9,45.0,70.0,8.0,35.0,Qualified Applicant,['Mid-to-Senior (9 yrs)'],0,Stable in Role
30196,city_114,0.926,Male,Has relevent experience,no_enrollment,Graduate,Humanities,2,<10,Early Stage Startup,1,56,0.0847457627118644,0.0847457627118644,2.0,0.1,0.7,0.28,1.0,32.27,1912,10.2,8.5,10.0,70.0,28.0,100.0,Qualified Applicant,"['2 yrs exp', 'Domain-relevant experience']",0,Stable in Role
9894,city_102,0.804,Male,Has relevent experience,no_enrollment,Graduate,Humanities,3,<10,Pvt Ltd,1,23,0.09259259259259259,0.09259259259259259,3.0,0.15,0.7,0.115,1.0,32.14,1913,10.2,9.3,15.0,70.0,11.5,100.0,Qualified Applicant,"['3 yrs exp', 'Domain-relevant experience']",0,Stable in Role
20437,city_114,0.926,Male,Has relevent experience,no_enrollment,High School,,9,,,1,23,0.049019607843137254,0.049019607843137254,9.0,0.45,0.4,0.115,1.0,32.12,1914,10.1,4.9,45.0,40.0,11.5,100.0,Qualified Applicant,"['Mid-to-Senior (9 yrs)', 'Domain-relevant experience']",0,Stable in Role
2998,city_136,0.897,Male,No relevent experience,Part time course,Masters,STEM,4,10000+,Pvt Ltd,1,21,0.0847457627118644,0.0847457627118644,4.0,0.2,0.98,0.105,0.35,32.12,1914,10.1,8.5,20.0,98.0,10.5,35.0,Qualified Applicant,"['4 yrs exp', 'Advanced degree (Masters)', 'STEM discipline']",0,Stable in Role
13274,city_101,0.5579999999999999,Male,Has relevent experience,no_enrollment,High School,,3,,,never,14,0.27564102564102566,0.27564102564102566,3.0,0.15,0.4,0.07,1.0,32.1,1916,10.1,27.6,15.0,40.0,7.0,100.0,Qualified Applicant,"['3 yrs exp', 'Domain-relevant experience']",0,Stable in Role
20607,city_89,0.925,,No relevent experience,Full time course,High School,,5,,,1,31,0.3644859813084112,0.3644859813084112,5.0,0.25,0.4,0.155,0.35,32.06,1917,10.0,36.4,25.0,40.0,15.5,35.0,Qualified Applicant,['5 yrs exp'],0,Stable in Role
11144,city_71,0.884,Male,Has relevent experience,no_enrollment,High School,,6,10/49,Funded Startup,3,104,0.037037037037037035,0.037037037037037035,6.0,0.3,0.4,0.52,1.0,32.0,1918,10.0,3.7,30.0,40.0,52.0,100.0,Qualified Applicant,"['6 yrs exp', 'Committed upskiller (104 hrs)', 'Domain-relevant experience']",0,Stable in Role
14285,city_173,0.878,,No relevent experience,Full time course,Graduate,Business Degree,2,100-500,Pvt Ltd,1,156,0.11859838274932614,0.11859838274932614,2.0,0.1,0.7,0.78,0.35,31.95,1919,9.9,11.9,10.0,70.0,78.0,35.0,Qualified Applicant,"['2 yrs exp', 'Committed upskiller (156 hrs)']",0,Stable in Role
24170,city_114,0.926,,Has relevent experience,no_enrollment,High School,,7,100-500,Pvt Ltd,3,40,0.0847457627118644,0.0847457627118644,7.0,0.35,0.4,0.2,1.0,31.72,1920,9.8,8.5,35.0,40.0,20.0,100.0,Qualified Applicant,"['7 yrs exp', 'Domain-relevant experience']",0,Stable in Role
16395,city_114,0.926,Male,Has relevent experience,no_enrollment,High School,,7,10/49,Pvt Ltd,never,40,0.0847457627118644,0.0847457627118644,7.0,0.35,0.4,0.2,1.0,31.72,1920,9.8,8.5,35.0,40.0,20.0,100.0,Qualified Applicant,"['7 yrs exp', 'Domain-relevant experience']",0,Stable in Role
3635,city_61,0.913,Female,No relevent experience,no_enrollment,Graduate,Arts,2,50-99,Pvt Ltd,2,262,0.049019607843137254,0.049019607843137254,2.0,0.1,0.7,1.0,0.35,31.72,1920,9.8,4.9,10.0,70.0,100.0,35.0,Qualified Applicant,"['2 yrs exp', 'Committed upskiller (262 hrs)']",0,Stable in Role
20179,city_114,0.926,,No relevent experience,Part time course,Graduate,STEM,6,<10,Pvt Ltd,2,11,0.11859838274932614,0.11859838274932614,6.0,0.3,0.7999999999999999,0.055,0.35,31.7,1923,9.7,11.9,30.0,80.0,5.5,35.0,Qualified Applicant,"['6 yrs exp', 'STEM discipline']",0,Stable in Role
15385,city_149,0.6890000000000001,,No relevent experience,no_enrollment,Graduate,STEM,5,1000-4999,Pvt Ltd,1,36,0.11859838274932614,0.11859838274932614,5.0,0.25,0.7999999999999999,0.18,0.35,31.7,1923,9.7,11.9,25.0,80.0,18.0,35.0,Qualified Applicant,"['5 yrs exp', 'STEM discipline']",0,Stable in Role
20453,city_27,0.848,Male,Has relevent experience,no_enrollment,Graduate,STEM,3,50-99,Pvt Ltd,never,4,0.049019607843137254,0.049019607843137254,3.0,0.15,0.7999999999999999,0.02,1.0,31.67,1925,9.6,4.9,15.0,80.0,2.0,100.0,Qualified Applicant,"['3 yrs exp', 'STEM discipline', 'Domain-relevant experience']",0,Stable in Role
5320,city_173,0.878,Male,Has relevent experience,no_enrollment,High School,,6,100-500,Pvt Ltd,never,89,0.049019607843137254,0.049019607843137254,6.0,0.3,0.4,0.445,1.0,31.67,1925,9.6,4.9,30.0,40.0,44.5,100.0,Qualified Applicant,"['6 yrs exp', 'Committed upskiller (89 hrs)', 'Domain-relevant experience']",0,Stable in Role
21152,city_103,0.92,Male,Has relevent experience,no_enrollment,Graduate,Humanities,3,1000-4999,Pvt Ltd,3,18,0.0847457627118644,0.0847457627118644,3.0,0.15,0.7,0.09,1.0,31.62,1927,9.5,8.5,15.0,70.0,9.0,100.0,Qualified Applicant,"['3 yrs exp', 'Domain-relevant experience']",0,Stable in Role
17526,city_103,0.92,Male,Has relevent experience,no_enrollment,Graduate,Humanities,3,100-500,Pvt Ltd,1,17,0.0847457627118644,0.0847457627118644,3.0,0.15,0.7,0.085,1.0,31.57,1928,9.5,8.5,15.0,70.0,8.5,100.0,Qualified Applicant,"['3 yrs exp', 'Domain-relevant experience']",0,Stable in Role
13543,city_105,0.794,Female,Has relevent experience,no_enrollment,Graduate,STEM,3,100-500,Public Sector,2,2,0.049019607843137254,0.049019607843137254,3.0,0.15,0.7999999999999999,0.01,1.0,31.57,1928,9.5,4.9,15.0,80.0,1.0,100.0,Qualified Applicant,"['3 yrs exp', 'STEM discipline', 'Domain-relevant experience']",0,Stable in Role
18963,city_16,0.91,Male,Has relevent experience,Part time course,High School,,4,10/49,Pvt Ltd,1,116,0.07894736842105263,0.07894736842105263,4.0,0.2,0.4,0.58,1.0,31.56,1930,9.4,7.9,20.0,40.0,58.0,100.0,Qualified Applicant,"['4 yrs exp', 'Committed upskiller (116 hrs)', 'Domain-relevant experience']",0,Stable in Role
31870,city_103,0.92,,Has relevent experience,Full time course,Graduate,STEM,1,1000-4999,NGO,1,3,0.11859838274932614,0.11859838274932614,1.0,0.05,0.7999999999999999,0.015,1.0,31.55,1931,9.3,11.9,5.0,80.0,1.5,100.0,Qualified Applicant,"['1 yrs exp', 'STEM discipline', 'Domain-relevant experience']",0,Stable in Role
31098,city_103,0.92,Male,Has relevent experience,no_enrollment,Graduate,STEM,3,10000+,Pvt Ltd,1,1,0.049019607843137254,0.049019607843137254,3.0,0.15,0.7999999999999999,0.005,1.0,31.52,1932,9.3,4.9,15.0,80.0,0.5,100.0,Qualified Applicant,"['3 yrs exp', 'STEM discipline', 'Domain-relevant experience']",0,Stable in Role
25171,city_16,0.91,,No relevent experience,Full time course,Graduate,STEM,3,<10,Early Stage Startup,1,45,0.17117117117117117,0.17117117117117117,3.0,0.15,0.7999999999999999,0.225,0.35,31.49,1933,9.3,17.1,15.0,80.0,22.5,35.0,Qualified Applicant,"['3 yrs exp', 'STEM discipline']",0,Stable in Role
20663,city_16,0.91,Female,Has relevent experience,no_enrollment,Graduate,Humanities,3,50-99,Pvt Ltd,1,25,0.07035175879396985,0.07035175879396985,3.0,0.15,0.7,0.125,1.0,31.46,1934,9.2,7.0,15.0,70.0,12.5,100.0,Qualified Applicant,"['3 yrs exp', 'Domain-relevant experience']",0,Stable in Role
13114,city_16,0.91,Male,No relevent experience,Full time course,Graduate,Arts,6,<10,Pvt Ltd,1,45,0.11859838274932614,0.11859838274932614,6.0,0.3,0.7,0.225,0.35,31.4,1935,9.1,11.9,30.0,70.0,22.5,35.0,Qualified Applicant,['6 yrs exp'],0,Stable in Role
33316,city_103,0.92,Male,No relevent experience,Full time course,Graduate,STEM,5,10000+,Public Sector,1,30,0.11859838274932614,0.11859838274932614,5.0,0.25,0.7999999999999999,0.15,0.35,31.4,1935,9.1,11.9,25.0,80.0,15.0,35.0,Qualified Applicant,"['5 yrs exp', 'STEM discipline']",0,Stable in Role
6225,city_103,0.92,,Has relevent experience,no_enrollment,Graduate,Humanities,3,<10,Pvt Ltd,1,13,0.0847457627118644,0.0847457627118644,3.0,0.15,0.7,0.065,1.0,31.37,1937,9.1,8.5,15.0,70.0,6.5,100.0,Qualified Applicant,"['3 yrs exp', 'Domain-relevant experience']",0,Stable in Role
25411,city_114,0.926,Male,No relevent experience,Part time course,Masters,STEM,3,500-999,Public Sector,3,7,0.11859838274932614,0.11859838274932614,3.0,0.15,0.98,0.035,0.35,31.35,1938,9.0,11.9,15.0,98.0,3.5,35.0,Qualified Applicant,"['3 yrs exp', 'Advanced degree (Masters)', 'STEM discipline']",0,Stable in Role
23976,city_75,0.939,Male,No relevent experience,Full time course,Graduate,STEM,1,,,never,18,0.27564102564102566,0.27564102564102566,1.0,0.05,0.7999999999999999,0.09,0.35,31.3,1939,9.0,27.6,5.0,80.0,9.0,35.0,Qualified Applicant,"['1 yrs exp', 'STEM discipline']",0,Stable in Role
30260,city_26,0.698,Male,Has relevent experience,no_enrollment,High School,,6,<10,Funded Startup,2,81,0.049019607843137254,0.049019607843137254,6.0,0.3,0.4,0.405,1.0,31.27,1940,8.9,4.9,30.0,40.0,40.5,100.0,Qualified Applicant,"['6 yrs exp', 'Committed upskiller (81 hrs)', 'Domain-relevant experience']",0,Stable in Role
14156,city_160,0.92,,No relevent experience,no_enrollment,Graduate,STEM,6,5000-9999,Public Sector,3,24,0.0847457627118644,0.0847457627118644,6.0,0.3,0.7999999999999999,0.12,0.35,31.17,1941,8.9,8.5,30.0,80.0,12.0,35.0,Qualified Applicant,"['6 yrs exp', 'STEM discipline']",0,Stable in Role
19794,city_16,0.91,,No relevent experience,Full time course,Graduate,STEM,5,50-99,Public Sector,2,10,0.14,0.14,5.0,0.25,0.7999999999999999,0.05,0.35,31.15,1942,8.8,14.0,25.0,80.0,5.0,35.0,Qualified Applicant,"['5 yrs exp', 'STEM discipline']",0,Stable in Role
4393,city_75,0.939,Male,Has relevent experience,no_enrollment,High School,,4,,,2,103,0.0847457627118644,0.0847457627118644,4.0,0.2,0.4,0.515,1.0,31.12,1943,8.8,8.5,20.0,40.0,51.5,100.0,Qualified Applicant,"['4 yrs exp', 'Committed upskiller (103 hrs)', 'Domain-relevant experience']",0,Stable in Role
5381,city_100,0.887,Male,No relevent experience,no_enrollment,,,3,,,,44,0.27564102564102566,0.27564102564102566,3.0,0.15,0.6,0.22,0.35,31.1,1944,8.7,27.6,15.0,60.0,22.0,35.0,Qualified Applicant,['3 yrs exp'],0,Stable in Role
17267,city_105,0.794,Male,No relevent experience,no_enrollment,Graduate,STEM,3,,,never,74,0.11859838274932614,0.11859838274932614,3.0,0.15,0.7999999999999999,0.37,0.35,31.1,1944,8.7,11.9,15.0,80.0,37.0,35.0,Qualified Applicant,"['3 yrs exp', 'STEM discipline']",0,Stable in Role
14110,city_103,0.92,Male,No relevent experience,no_enrollment,Graduate,STEM,4,10000+,Pvt Ltd,4,48,0.11859838274932614,0.11859838274932614,4.0,0.2,0.7999999999999999,0.24,0.35,31.05,1946,8.6,11.9,20.0,80.0,24.0,35.0,Qualified Applicant,"['4 yrs exp', 'STEM discipline']",0,Stable in Role
22359,city_103,0.92,Male,No relevent experience,no_enrollment,,,4,,,never,176,0.049019607843137254,0.049019607843137254,4.0,0.2,0.6,0.88,0.35,31.02,1947,8.6,4.9,20.0,60.0,88.0,35.0,Qualified Applicant,"['4 yrs exp', 'Committed upskiller (176 hrs)']",0,Stable in Role
20165,city_134,0.698,,No relevent experience,,,,1,,,,260,0.11859838274932614,0.11859838274932614,1.0,0.05,0.6,1.0,0.35,30.9,1948,8.5,11.9,5.0,60.0,100.0,35.0,Qualified Applicant,"['1 yrs exp', 'Committed upskiller (260 hrs)']",0,Stable in Role
30470,city_104,0.924,Male,No relevent experience,no_enrollment,Masters,Business Degree,3,,,1,22,0.14,0.14,3.0,0.15,0.88,0.11,0.35,30.85,1949,8.5,14.0,15.0,88.0,11.0,35.0,Qualified Applicant,"['3 yrs exp', 'Advanced degree (Masters)']",0,Stable in Role
17993,city_105,0.794,,Has relevent experience,Full time course,Graduate,STEM,2,50-99,Pvt Ltd,2,11,0.049019607843137254,0.049019607843137254,2.0,0.1,0.7999999999999999,0.055,1.0,30.77,1950,8.5,4.9,10.0,80.0,5.5,100.0,Qualified Applicant,"['2 yrs exp', 'STEM discipline', 'Domain-relevant experience']",0,Stable in Role
18108,city_114,0.926,Male,Has relevent experience,no_enrollment,High School,,5,10000+,Pvt Ltd,>4,95,0.049019607843137254,0.049019607843137254,5.0,0.25,0.4,0.475,1.0,30.72,1951,8.4,4.9,25.0,40.0,47.5,100.0,Qualified Applicant,"['5 yrs exp', 'Committed upskiller (95 hrs)', 'Domain-relevant experience']",0,Stable in Role
31017,city_149,0.6890000000000001,Female,No relevent experience,no_enrollment,Graduate,STEM,4,50-99,Early Stage Startup,1,41,0.11859838274932614,0.11859838274932614,4.0,0.2,0.7999999999999999,0.205,0.35,30.7,1952,8.4,11.9,20.0,80.0,20.5,35.0,Qualified Applicant,"['4 yrs exp', 'STEM discipline']",0,Stable in Role
9040,city_65,0.802,Male,No relevent experience,no_enrollment,Graduate,STEM,3,<10,Pvt Ltd,2,29,0.17117117117117117,0.17117117117117117,3.0,0.15,0.7999999999999999,0.145,0.35,30.69,1953,8.3,17.1,15.0,80.0,14.5,35.0,Qualified Applicant,"['3 yrs exp', 'STEM discipline']",0,Stable in Role
9345,city_16,0.91,Other,Has relevent experience,no_enrollment,High School,,8,50-99,Pvt Ltd,1,18,0.049019607843137254,0.049019607843137254,8.0,0.4,0.4,0.09,1.0,30.62,1954,8.3,4.9,40.0,40.0,9.0,100.0,Qualified Applicant,"['Mid-to-Senior (8 yrs)', 'Domain-relevant experience']",0,Stable in Role
8335,city_103,0.92,Male,Has relevent experience,no_enrollment,High School,,7,100-500,Pvt Ltd,1,28,0.07035175879396985,0.07035175879396985,7.0,0.35,0.4,0.14,1.0,30.61,1955,8.2,7.0,35.0,40.0,14.0,100.0,Qualified Applicant,"['7 yrs exp', 'Domain-relevant experience']",0,Stable in Role
18983,city_16,0.91,Male,No relevent experience,Full time course,Graduate,STEM,3,,Pvt Ltd,1,27,0.17117117117117117,0.17117117117117117,3.0,0.15,0.7999999999999999,0.135,0.35,30.59,1956,8.2,17.1,15.0,80.0,13.5,35.0,Qualified Applicant,"['3 yrs exp', 'STEM discipline']",0,Stable in Role
22849,city_116,0.743,,Has relevent experience,no_enrollment,,,,50-99,Pvt Ltd,never,12,0.049019607843137254,0.049019607843137254,5.0,0.25,0.6,0.06,1.0,30.57,1957,8.1,4.9,25.0,60.0,6.0,100.0,Qualified Applicant,"['5 yrs exp', 'Domain-relevant experience']",0,Stable in Role
3889,city_103,0.92,Male,No relevent experience,no_enrollment,Graduate,STEM,4,1000-4999,Pvt Ltd,2,34,0.11859838274932614,0.11859838274932614,4.0,0.2,0.7999999999999999,0.17,0.35,30.35,1958,8.1,11.9,20.0,80.0,17.0,35.0,Qualified Applicant,"['4 yrs exp', 'STEM discipline']",0,Stable in Role
14773,city_16,0.91,Male,Has relevent experience,no_enrollment,High School,,8,,,2,12,0.049019607843137254,0.049019607843137254,8.0,0.4,0.4,0.06,1.0,30.32,1959,8.0,4.9,40.0,40.0,6.0,100.0,Qualified Applicant,"['Mid-to-Senior (8 yrs)', 'Domain-relevant experience']",0,Stable in Role
24725,city_103,0.92,Male,No relevent experience,Full time course,Graduate,STEM,4,500-999,Pvt Ltd,1,32,0.11859838274932614,0.11859838274932614,4.0,0.2,0.7999999999999999,0.16,0.35,30.25,1960,8.0,11.9,20.0,80.0,16.0,35.0,Qualified Applicant,"['4 yrs exp', 'STEM discipline']",0,Stable in Role
18101,city_83,0.923,Male,No relevent experience,Full time course,High School,,6,,,1,29,0.27564102564102566,0.27564102564102566,6.0,0.3,0.4,0.145,0.35,30.1,1961,7.9,27.6,30.0,40.0,14.5,35.0,Qualified Applicant,['6 yrs exp'],0,Stable in Role
27614,city_16,0.91,Male,Has relevent experience,no_enrollment,High School,,8,10000+,Other,1,7,0.049019607843137254,0.049019607843137254,8.0,0.4,0.4,0.035,1.0,30.07,1962,7.9,4.9,40.0,40.0,3.5,100.0,Qualified Applicant,"['Mid-to-Senior (8 yrs)', 'Domain-relevant experience']",0,Stable in Role
23880,city_13,0.8270000000000001,,No relevent experience,no_enrollment,Graduate,Humanities,<1,,,never,44,0.2777777777777778,0.2777777777777778,0.5,0.025,0.7,0.22,0.35,30.05,1963,7.8,27.8,2.5,70.0,22.0,35.0,Qualified Applicant,['0 yrs exp'],0,Stable in Role
31131,city_103,0.92,Female,No relevent experience,Part time course,Graduate,Other,3,5000-9999,Other,1,56,0.17117117117117117,0.17117117117117117,3.0,0.15,0.7,0.28,0.35,30.04,1964,7.8,17.1,15.0,70.0,28.0,35.0,Qualified Applicant,['3 yrs exp'],0,Stable in Role
22746,city_103,0.92,Male,Has relevent experience,no_enrollment,High School,,3,50-99,,never,132,0.048109086745318705,0.048109086745318705,3.0,0.15,0.4,0.66,1.0,30.03,1965,7.8,4.8,15.0,40.0,66.0,100.0,Qualified Applicant,"['3 yrs exp', 'Committed upskiller (132 hrs)', 'Domain-relevant experience']",0,Stable in Role
19625,city_97,0.925,Male,Has relevent experience,no_enrollment,High School,,7,50-99,Pvt Ltd,1,31,0.049019607843137254,0.049019607843137254,7.0,0.35,0.4,0.155,1.0,30.02,1966,7.7,4.9,35.0,40.0,15.5,100.0,Qualified Applicant,"['7 yrs exp', 'Domain-relevant experience']",0,Stable in Role
2784,city_71,0.884,,No relevent experience,no_enrollment,Graduate,Other,3,10/49,,1,92,0.11859838274932614,0.11859838274932614,3.0,0.15,0.7,0.46,0.35,30.0,1967,7.6,11.9,15.0,70.0,46.0,35.0,Qualified Applicant,"['3 yrs exp', 'Committed upskiller (92 hrs)']",0,Stable in Role
14638,city_114,0.926,,Has relevent experience,no_enrollment,,,4,10/49,,1,34,0.037037037037037035,0.037037037037037035,4.0,0.2,0.6,0.17,1.0,30.0,1967,7.6,3.7,20.0,60.0,17.0,100.0,Qualified Applicant,"['4 yrs exp', 'Domain-relevant experience']",0,Stable in Role
24251,city_114,0.926,Male,No relevent experience,no_enrollment,High School,,7,<10,Pvt Ltd,>4,132,0.0847457627118644,0.0847457627118644,7.0,0.35,0.4,0.66,0.35,29.82,1969,7.6,8.5,35.0,40.0,66.0,35.0,Qualified Applicant,"['7 yrs exp', 'Committed upskiller (132 hrs)']",0,Stable in Role
27991,city_46,0.762,Male,No relevent experience,Full time course,High School,,3,,,1,30,0.3644859813084112,0.3644859813084112,3.0,0.15,0.4,0.15,0.35,29.51,1970,7.5,36.4,15.0,40.0,15.0,35.0,Qualified Applicant,['3 yrs exp'],0,Stable in Role
32857,city_16,0.91,Male,Has relevent experience,no_enrollment,High School,,7,10000+,Pvt Ltd,1,20,0.049019607843137254,0.049019607843137254,7.0,0.35,0.4,0.1,1.0,29.47,1971,7.5,4.9,35.0,40.0,10.0,100.0,Qualified Applicant,"['7 yrs exp', 'Domain-relevant experience']",0,Stable in Role
2715,city_16,0.91,Male,No relevent experience,Full time course,High School,,5,,,1,112,0.17117117117117117,0.17117117117117117,5.0,0.25,0.4,0.56,0.35,29.34,1972,7.4,17.1,25.0,40.0,56.0,35.0,Qualified Applicant,"['5 yrs exp', 'Committed upskiller (112 hrs)']",0,Stable in Role
15432,city_114,0.926,,No relevent experience,no_enrollment,High School,,11,100-500,Pvt Ltd,>4,16,0.09259259259259259,0.09259259259259259,11.0,0.55,0.4,0.08,0.35,29.29,1973,7.4,9.3,55.0,40.0,8.0,35.0,Qualified Applicant,['Mid-to-Senior (11 yrs)'],0,Stable in Role
24684,city_103,0.92,Male,No relevent experience,no_enrollment,Masters,Business Degree,2,1000-4999,Pvt Ltd,1,29,0.11859838274932614,0.11859838274932614,2.0,0.1,0.88,0.145,0.35,29.2,1974,7.3,11.9,10.0,88.0,14.5,35.0,Qualified Applicant,"['2 yrs exp', 'Advanced degree (Masters)']",0,Stable in Role
5113,city_103,0.92,Male,No relevent experience,no_enrollment,Graduate,STEM,<1,10/49,Pvt Ltd,3,122,0.0847457627118644,0.0847457627118644,0.5,0.025,0.7999999999999999,0.61,0.35,29.19,1975,7.3,8.5,2.5,80.0,61.0,35.0,Qualified Applicant,"['0 yrs exp', 'STEM discipline', 'Committed upskiller (122 hrs)']",0,Stable in Role
15566,city_13,0.8270000000000001,Male,Has relevent experience,Part time course,High School,,6,500-999,Pvt Ltd,2,12,0.0847457627118644,0.0847457627118644,6.0,0.3,0.4,0.06,1.0,29.07,1976,7.2,8.5,30.0,40.0,6.0,100.0,Qualified Applicant,"['6 yrs exp', 'Domain-relevant experience']",0,Stable in Role
16517,city_16,0.91,,No relevent experience,no_enrollment,Masters,Business Degree,<1,5000-9999,Pvt Ltd,1,86,0.0847457627118644,0.0847457627118644,0.5,0.025,0.88,0.43,0.35,28.99,1977,7.2,8.5,2.5,88.0,43.0,35.0,Qualified Applicant,"['0 yrs exp', 'Advanced degree (Masters)', 'Committed upskiller (86 hrs)']",0,Stable in Role
18163,city_64,0.6659999999999999,,Has relevent experience,no_enrollment,High School,,2,,,never,135,0.049019607843137254,0.049019607843137254,2.0,0.1,0.4,0.675,1.0,28.97,1978,7.1,4.9,10.0,40.0,67.5,100.0,Qualified Applicant,"['2 yrs exp', 'Committed upskiller (135 hrs)', 'Domain-relevant experience']",0,Stable in Role
30546,city_104,0.924,,No relevent experience,no_enrollment,,,4,,,never,134,0.049019607843137254,0.049019607843137254,4.0,0.2,0.6,0.67,0.35,28.92,1979,7.1,4.9,20.0,60.0,67.0,35.0,Qualified Applicant,"['4 yrs exp', 'Committed upskiller (134 hrs)']",0,Stable in Role
24376,city_114,0.926,,No relevent experience,no_enrollment,Masters,Business Degree,2,100-500,Pvt Ltd,2,21,0.11859838274932614,0.11859838274932614,2.0,0.1,0.88,0.105,0.35,28.8,1980,7.0,11.9,10.0,88.0,10.5,35.0,Qualified Applicant,"['2 yrs exp', 'Advanced degree (Masters)']",0,Stable in Role
1670,city_103,0.92,Female,No relevent experience,Full time course,Graduate,STEM,2,<10,Public Sector,1,11,0.17117117117117117,0.17117117117117117,2.0,0.1,0.7999999999999999,0.055,0.35,28.54,1981,7.0,17.1,10.0,80.0,5.5,35.0,Qualified Applicant,"['2 yrs exp', 'STEM discipline']",0,Stable in Role
18569,city_100,0.887,Male,Has relevent experience,no_enrollment,High School,,4,100-500,Pvt Ltd,1,51,0.0847457627118644,0.0847457627118644,4.0,0.2,0.4,0.255,1.0,28.52,1982,7.0,8.5,20.0,40.0,25.5,100.0,Qualified Applicant,"['4 yrs exp', 'Domain-relevant experience']",0,Stable in Role
8066,city_45,0.89,,No relevent experience,Full time course,High School,,8,,,3,57,0.11859838274932614,0.11859838274932614,8.0,0.4,0.4,0.285,0.35,28.5,1983,6.9,11.9,40.0,40.0,28.5,35.0,Qualified Applicant,['Mid-to-Senior (8 yrs)'],0,Stable in Role
17424,city_28,0.939,,No relevent experience,Full time course,High School,,9,,,never,80,0.049019607843137254,0.049019607843137254,9.0,0.45,0.4,0.4,0.35,28.47,1984,6.9,4.9,45.0,40.0,40.0,35.0,Qualified Applicant,"['Mid-to-Senior (9 yrs)', 'Committed upskiller (80 hrs)']",0,Stable in Role
27909,city_104,0.924,Male,No relevent experience,Full time course,High School,,10,10/49,Funded Startup,3,54,0.049019607843137254,0.049019607843137254,10.0,0.5,0.4,0.27,0.35,28.42,1985,6.8,4.9,50.0,40.0,27.0,35.0,Qualified Applicant,['Mid-to-Senior (10 yrs)'],0,Stable in Role
8358,city_67,0.855,,Has relevent experience,Part time course,High School,,5,5000-9999,Pvt Ltd,1,33,0.07035175879396985,0.07035175879396985,5.0,0.25,0.4,0.165,1.0,28.36,1986,6.7,7.0,25.0,40.0,16.5,100.0,Qualified Applicant,"['5 yrs exp', 'Domain-relevant experience']",0,Stable in Role
5403,city_67,0.855,Male,No relevent experience,no_enrollment,High School,,6,,Pvt Ltd,never,138,0.07035175879396985,0.07035175879396985,6.0,0.3,0.4,0.69,0.35,28.36,1986,6.7,7.0,30.0,40.0,69.0,35.0,Qualified Applicant,"['6 yrs exp', 'Committed upskiller (138 hrs)']",0,Stable in Role
25726,city_24,0.698,Male,Has relevent experience,,Primary School,,3,,,never,150,0.0847457627118644,0.0847457627118644,3.0,0.15,0.2,0.75,1.0,28.22,1988,6.7,8.5,15.0,20.0,75.0,100.0,Qualified Applicant,"['3 yrs exp', 'Committed upskiller (150 hrs)', 'Domain-relevant experience']",0,Stable in Role
33010,city_103,0.92,Male,No relevent experience,no_enrollment,High School,,10,<10,Pvt Ltd,1,24,0.0847457627118644,0.0847457627118644,10.0,0.5,0.4,0.12,0.35,28.17,1989,6.6,8.5,50.0,40.0,12.0,35.0,Qualified Applicant,['Mid-to-Senior (10 yrs)'],0,Stable in Role
25292,city_100,0.887,,Has relevent experience,no_enrollment,,,1,5000-9999,Pvt Ltd,never,48,0.07035175879396985,0.07035175879396985,1.0,0.05,0.6,0.24,1.0,28.11,1990,6.6,7.0,5.0,60.0,24.0,100.0,Qualified Applicant,"['1 yrs exp', 'Domain-relevant experience']",0,Stable in Role
2915,city_150,0.698,,No relevent experience,,High School,,2,,,,27,0.3644859813084112,0.3644859813084112,2.0,0.1,0.4,0.135,0.35,28.11,1990,6.6,36.4,10.0,40.0,13.5,35.0,Qualified Applicant,['2 yrs exp'],0,Stable in Role
20768,city_90,0.698,Male,No relevent experience,Full time course,High School,,2,,,never,87,0.27564102564102566,0.27564102564102566,2.0,0.1,0.4,0.435,0.35,28.0,1992,6.5,27.6,10.0,40.0,43.5,35.0,Qualified Applicant,"['2 yrs exp', 'Committed upskiller (87 hrs)']",0,Stable in Role
8578,city_114,0.926,Male,No relevent experience,Full time course,Graduate,STEM,2,1000-4999,Pvt Ltd,never,35,0.11859838274932614,0.11859838274932614,2.0,0.1,0.7999999999999999,0.175,0.35,27.9,1993,6.4,11.9,10.0,80.0,17.5,35.0,Qualified Applicant,"['2 yrs exp', 'STEM discipline']",0,Stable in Role
21188,city_16,0.91,,No relevent experience,no_enrollment,Phd,STEM,1,10000+,NGO,1,28,0.049019607843137254,0.049019607843137254,1.0,0.05,1.0,0.14,0.35,27.87,1994,6.4,4.9,5.0,100.0,14.0,35.0,Qualified Applicant,"['1 yrs exp', 'Advanced degree (Phd)', 'STEM discipline']",0,Stable in Role
6865,city_136,0.897,,No relevent experience,no_enrollment,Graduate,STEM,2,<10,Early Stage Startup,,56,0.0847457627118644,0.0847457627118644,2.0,0.1,0.7999999999999999,0.28,0.35,27.77,1995,6.3,8.5,10.0,80.0,28.0,35.0,Qualified Applicant,"['2 yrs exp', 'STEM discipline']",0,Stable in Role
29502,city_23,0.899,Male,Has relevent experience,no_enrollment,High School,,4,100-500,Funded Startup,1,61,0.049019607843137254,0.049019607843137254,4.0,0.2,0.4,0.305,1.0,27.77,1995,6.3,4.9,20.0,40.0,30.5,100.0,Qualified Applicant,"['4 yrs exp', 'Domain-relevant experience']",0,Stable in Role
11734,city_134,0.698,,No relevent experience,,Primary School,,6,,,never,196,0.0847457627118644,0.0847457627118644,6.0,0.3,0.2,0.98,0.35,27.77,1995,6.3,8.5,30.0,20.0,98.0,35.0,Qualified Applicant,"['6 yrs exp', 'Committed upskiller (196 hrs)']",0,Stable in Role
8243,city_45,0.89,Male,No relevent experience,Full time course,High School,,6,,,never,114,0.0847457627118644,0.0847457627118644,6.0,0.3,0.4,0.57,0.35,27.67,1998,6.2,8.5,30.0,40.0,57.0,35.0,Qualified Applicant,"['6 yrs exp', 'Committed upskiller (114 hrs)']",0,Stable in Role
3606,city_103,0.92,Male,No relevent experience,Full time course,High School,,7,10/49,Pvt Ltd,1,88,0.0847457627118644,0.0847457627118644,7.0,0.35,0.4,0.44,0.35,27.62,1999,6.1,8.5,35.0,40.0,44.0,35.0,Qualified Applicant,"['7 yrs exp', 'Committed upskiller (88 hrs)']",0,Stable in Role
25993,city_114,0.926,Male,Has relevent experience,no_enrollment,High School,,5,1000-4999,NGO,1,33,0.049019607843137254,0.049019607843137254,5.0,0.25,0.4,0.165,1.0,27.62,1999,6.1,4.9,25.0,40.0,16.5,100.0,Qualified Applicant,"['5 yrs exp', 'Domain-relevant experience']",0,Stable in Role
656,city_116,0.743,Male,No relevent experience,no_enrollment,,,5,,,1,16,0.14,0.14,5.0,0.25,0.6,0.08,0.35,27.45,2001,6.1,14.0,25.0,60.0,8.0,35.0,Qualified Applicant,['5 yrs exp'],0,Stable in Role
28619,city_103,0.92,Male,No relevent experience,no_enrollment,Graduate,No Major,3,,,never,4,0.17117117117117117,0.17117117117117117,3.0,0.15,0.7,0.02,0.35,27.44,2002,6.0,17.1,15.0,70.0,2.0,35.0,Qualified Applicant,['3 yrs exp'],0,Stable in Role
11762,city_105,0.794,Male,No relevent experience,no_enrollment,Masters,Business Degree,<1,100-500,Pvt Ltd,2,54,0.0847457627118644,0.0847457627118644,0.5,0.025,0.88,0.27,0.35,27.39,2003,6.0,8.5,2.5,88.0,27.0,35.0,Qualified Applicant,"['0 yrs exp', 'Advanced degree (Masters)']",0,Stable in Role
28968,city_150,0.698,Male,Has relevent experience,Part time course,High School,,2,50-99,NGO,2,78,0.0847457627118644,0.0847457627118644,2.0,0.1,0.4,0.39,1.0,27.37,2004,5.9,8.5,10.0,40.0,39.0,100.0,Qualified Applicant,"['2 yrs exp', 'Domain-relevant experience']",0,Stable in Role
742,city_160,0.92,Female,Has relevent experience,Full time course,High School,,4,10000+,Pvt Ltd,1,50,0.049019607843137254,0.049019607843137254,4.0,0.2,0.4,0.25,1.0,27.22,2005,5.9,4.9,20.0,40.0,25.0,100.0,Qualified Applicant,"['4 yrs exp', 'Domain-relevant experience']",0,Stable in Role
21023,city_2,0.7879999999999999,,No relevent experience,no_enrollment,Masters,Arts,<1,<10,Pvt Ltd,never,26,0.11859838274932614,0.11859838274932614,0.5,0.025,0.88,0.13,0.35,27.18,2006,5.8,11.9,2.5,88.0,13.0,35.0,Qualified Applicant,"['0 yrs exp', 'Advanced degree (Masters)']",0,Stable in Role
9700,city_71,0.884,Female,No relevent experience,no_enrollment,Graduate,Humanities,4,10000+,Pvt Ltd,2,34,0.0847457627118644,0.0847457627118644,4.0,0.2,0.7,0.17,0.35,27.17,2007,5.8,8.5,20.0,70.0,17.0,35.0,Qualified Applicant,['4 yrs exp'],0,Stable in Role
16660,city_114,0.926,Male,Has relevent experience,no_enrollment,High School,,2,100-500,Pvt Ltd,1,84,0.07035175879396985,0.07035175879396985,2.0,0.1,0.4,0.42,1.0,27.16,2008,5.7,7.0,10.0,40.0,42.0,100.0,Qualified Applicant,"['2 yrs exp', 'Committed upskiller (84 hrs)', 'Domain-relevant experience']",0,Stable in Role
10308,city_160,0.92,Female,No relevent experience,no_enrollment,Graduate,STEM,1,100-500,NGO,1,8,0.17117117117117117,0.17117117117117117,1.0,0.05,0.7999999999999999,0.04,0.35,27.14,2009,5.7,17.1,5.0,80.0,4.0,35.0,Qualified Applicant,"['1 yrs exp', 'STEM discipline']",0,Stable in Role
31981,city_103,0.92,,No relevent experience,no_enrollment,High School,,3,,Pvt Ltd,never,200,0.049019607843137254,0.049019607843137254,3.0,0.15,0.4,1.0,0.35,26.97,2010,5.6,4.9,15.0,40.0,100.0,35.0,Qualified Applicant,"['3 yrs exp', 'Committed upskiller (200 hrs)']",0,Stable in Role
21230,city_103,0.92,,No relevent experience,no_enrollment,High School,,3,,,>4,41,0.27564102564102566,0.27564102564102566,3.0,0.15,0.4,0.205,0.35,26.95,2011,5.6,27.6,15.0,40.0,20.5,35.0,Qualified Applicant,['3 yrs exp'],0,Stable in Role
10167,city_103,0.92,Female,No relevent experience,Part time course,Graduate,STEM,2,50-99,Funded Startup,1,35,0.0847457627118644,0.0847457627118644,2.0,0.1,0.7999999999999999,0.175,0.35,26.72,2012,5.5,8.5,10.0,80.0,17.5,35.0,Qualified Applicant,"['2 yrs exp', 'STEM discipline']",0,Stable in Role
16129,city_103,0.92,Male,No relevent experience,Full time course,High School,,4,,,1,10,0.27564102564102566,0.27564102564102566,4.0,0.2,0.4,0.05,0.35,26.65,2013,5.5,27.6,20.0,40.0,5.0,35.0,Qualified Applicant,['4 yrs exp'],0,Stable in Role
28,city_103,0.92,Male,No relevent experience,no_enrollment,,,4,,Pvt Ltd,never,86,0.049019607843137254,0.049019607843137254,4.0,0.2,0.6,0.43,0.35,26.52,2014,5.4,4.9,20.0,60.0,43.0,35.0,Qualified Applicant,"['4 yrs exp', 'Committed upskiller (86 hrs)']",0,Stable in Role
8818,city_103,0.92,,Has relevent experience,no_enrollment,Primary School,,7,100-500,Pvt Ltd,1,39,0.049019607843137254,0.049019607843137254,7.0,0.35,0.2,0.195,1.0,26.42,2015,5.4,4.9,35.0,20.0,19.5,100.0,Qualified Applicant,"['7 yrs exp', 'Domain-relevant experience']",0,Stable in Role
5111,city_134,0.698,,No relevent experience,no_enrollment,,,2,,,never,84,0.11859838274932614,0.11859838274932614,2.0,0.1,0.6,0.42,0.35,26.35,2016,5.4,11.9,10.0,60.0,42.0,35.0,Qualified Applicant,"['2 yrs exp', 'Committed upskiller (84 hrs)']",0,Stable in Role
15221,city_114,0.926,Male,Has relevent experience,no_enrollment,,,2,,,never,10,0.037037037037037035,0.037037037037037035,2.0,0.1,0.6,0.05,1.0,26.3,2017,5.3,3.7,10.0,60.0,5.0,100.0,Qualified Applicant,"['2 yrs exp', 'Domain-relevant experience']",0,Stable in Role
32521,city_28,0.939,Male,Has relevent experience,no_enrollment,High School,,5,,,1,6,0.049019607843137254,0.049019607843137254,5.0,0.25,0.4,0.03,1.0,26.27,2018,5.3,4.9,25.0,40.0,3.0,100.0,Qualified Applicant,"['5 yrs exp', 'Domain-relevant experience']",0,Stable in Role
16184,city_127,0.745,,No relevent experience,Full time course,High School,,1,,,never,77,0.27564102564102566,0.27564102564102566,1.0,0.05,0.4,0.385,0.35,26.25,2019,5.2,27.6,5.0,40.0,38.5,35.0,Qualified Applicant,['1 yrs exp'],0,Stable in Role
7770,city_103,0.92,,No relevent experience,Full time course,Graduate,STEM,2,10000+,Pvt Ltd,,25,0.0847457627118644,0.0847457627118644,2.0,0.1,0.7999999999999999,0.125,0.35,26.22,2020,5.2,8.5,10.0,80.0,12.5,35.0,Qualified Applicant,"['2 yrs exp', 'STEM discipline']",0,Stable in Role
30023,city_45,0.89,Male,No relevent experience,Full time course,High School,,2,100-500,Pvt Ltd,1,194,0.07035175879396985,0.07035175879396985,2.0,0.1,0.4,0.97,0.35,26.16,2021,5.1,7.0,10.0,40.0,97.0,35.0,Qualified Applicant,"['2 yrs exp', 'Committed upskiller (194 hrs)']",0,Stable in Role
6402,city_103,0.92,Male,No relevent experience,Full time course,High School,,3,,,never,24,0.27564102564102566,0.27564102564102566,3.0,0.15,0.4,0.12,0.35,26.1,2022,5.0,27.6,15.0,40.0,12.0,35.0,Qualified Applicant,['3 yrs exp'],0,Stable in Role
20169,city_103,0.92,,No relevent experience,Full time course,High School,,3,,,never,24,0.27564102564102566,0.27564102564102566,3.0,0.15,0.4,0.12,0.35,26.1,2022,5.0,27.6,15.0,40.0,12.0,35.0,Qualified Applicant,['3 yrs exp'],0,Stable in Role
4184,city_114,0.926,Female,Has relevent experience,no_enrollment,High School,,4,100-500,Pvt Ltd,never,26,0.049019607843137254,0.049019607843137254,4.0,0.2,0.4,0.13,1.0,26.02,2024,5.0,4.9,20.0,40.0,13.0,100.0,Qualified Applicant,"['4 yrs exp', 'Domain-relevant experience']",0,Stable in Role
180,city_103,0.92,Male,No relevent experience,no_enrollment,Graduate,Humanities,2,100-500,Funded Startup,2,35,0.11859838274932614,0.11859838274932614,2.0,0.1,0.7,0.175,0.35,25.9,2025,4.9,11.9,10.0,70.0,17.5,35.0,Qualified Applicant,['2 yrs exp'],0,Stable in Role
12809,city_61,0.913,Male,Has relevent experience,no_enrollment,High School,,3,100-500,Pvt Ltd,1,48,0.049019607843137254,0.049019607843137254,3.0,0.15,0.4,0.24,1.0,25.87,2026,4.9,4.9,15.0,40.0,24.0,100.0,Qualified Applicant,"['3 yrs exp', 'Domain-relevant experience']",0,Stable in Role
20205,city_26,0.698,Male,No relevent experience,no_enrollment,High School,,2,,,never,284,0.049019607843137254,0.049019607843137254,2.0,0.1,0.4,1.0,0.35,25.72,2027,4.8,4.9,10.0,40.0,100.0,35.0,Qualified Applicant,"['2 yrs exp', 'Committed upskiller (284 hrs)']",0,Stable in Role
18698,city_50,0.8959999999999999,Male,No relevent experience,Full time course,High School,,2,,,1,220,0.049019607843137254,0.049019607843137254,2.0,0.1,0.4,1.0,0.35,25.72,2027,4.8,4.9,10.0,40.0,100.0,35.0,Qualified Applicant,"['2 yrs exp', 'Committed upskiller (220 hrs)']",0,Stable in Role
29074,city_114,0.926,Male,No relevent experience,Full time course,High School,,7,,,1,26,0.11859838274932614,0.11859838274932614,7.0,0.35,0.4,0.13,0.35,25.7,2029,4.7,11.9,35.0,40.0,13.0,35.0,Qualified Applicant,['7 yrs exp'],0,Stable in Role
15550,city_16,0.91,Male,Has relevent experience,Full time course,High School,,3,50-99,Pvt Ltd,1,19,0.0847457627118644,0.0847457627118644,3.0,0.15,0.4,0.095,1.0,25.67,2030,4.7,8.5,15.0,40.0,9.5,100.0,Qualified Applicant,"['3 yrs exp', 'Domain-relevant experience']",0,Stable in Role
20577,city_21,0.624,Female,No relevent experience,Full time course,High School,,2,10000+,Pvt Ltd,never,40,0.27564102564102566,0.27564102564102566,2.0,0.1,0.4,0.2,0.35,25.65,2031,4.7,27.6,10.0,40.0,20.0,35.0,Qualified Applicant,['2 yrs exp'],0,Stable in Role
31687,city_173,0.878,Male,Has relevent experience,no_enrollment,High School,,<1,10/49,Funded Startup,1,105,0.049019607843137254,0.049019607843137254,0.5,0.025,0.4,0.525,1.0,25.59,2032,4.6,4.9,2.5,40.0,52.5,100.0,Qualified Applicant,"['0 yrs exp', 'Committed upskiller (105 hrs)', 'Domain-relevant experience']",0,Stable in Role
23133,city_98,0.949,Male,Has relevent experience,no_enrollment,High School,,4,<10,Pvt Ltd,1,17,0.049019607843137254,0.049019607843137254,4.0,0.2,0.4,0.085,1.0,25.57,2033,4.6,4.9,20.0,40.0,8.5,100.0,Qualified Applicant,"['4 yrs exp', 'Domain-relevant experience']",0,Stable in Role
16690,city_114,0.926,Male,Has relevent experience,Full time course,High School,,4,10000+,Pvt Ltd,1,16,0.049019607843137254,0.049019607843137254,4.0,0.2,0.4,0.08,1.0,25.52,2034,4.5,4.9,20.0,40.0,8.0,100.0,Qualified Applicant,"['4 yrs exp', 'Domain-relevant experience']",0,Stable in Role
12874,city_160,0.92,Female,No relevent experience,no_enrollment,Graduate,Other,2,500-999,,1,27,0.11859838274932614,0.11859838274932614,2.0,0.1,0.7,0.135,0.35,25.5,2035,4.5,11.9,10.0,70.0,13.5,35.0,Qualified Applicant,['2 yrs exp'],0,Stable in Role
32650,city_173,0.878,Male,No relevent experience,no_enrollment,Graduate,Humanities,3,10000+,Pvt Ltd,1,24,0.0847457627118644,0.0847457627118644,3.0,0.15,0.7,0.12,0.35,25.42,2036,4.4,8.5,15.0,70.0,12.0,35.0,Qualified Applicant,['3 yrs exp'],0,Stable in Role
3,city_99,0.915,,No relevent experience,Full time course,High School,,6,,Pvt Ltd,never,44,0.11859838274932614,0.11859838274932614,6.0,0.3,0.4,0.22,0.35,25.35,2037,4.4,11.9,30.0,40.0,22.0,35.0,Qualified Applicant,['6 yrs exp'],0,Stable in Role
322,city_67,0.855,Male,Has relevent experience,Full time course,High School,,3,<10,Pvt Ltd,1,32,0.049019607843137254,0.049019607843137254,3.0,0.15,0.4,0.16,1.0,25.07,2038,4.3,4.9,15.0,40.0,16.0,100.0,Qualified Applicant,"['3 yrs exp', 'Domain-relevant experience']",0,Stable in Role
4863,city_107,0.518,Male,No relevent experience,Full time course,High School,,2,,Pvt Ltd,never,28,0.27564102564102566,0.27564102564102566,2.0,0.1,0.4,0.14,0.35,25.05,2039,4.3,27.6,10.0,40.0,14.0,35.0,Qualified Applicant,['2 yrs exp'],0,Stable in Role
10682,city_104,0.924,,No relevent experience,,,,4,,,2,3,0.11859838274932614,0.11859838274932614,4.0,0.2,0.6,0.015,0.35,24.8,2040,4.2,11.9,20.0,60.0,1.5,35.0,Qualified Applicant,['4 yrs exp'],0,Stable in Role
8413,city_21,0.624,Male,No relevent experience,no_enrollment,Primary School,,3,,,never,13,0.3644859813084112,0.3644859813084112,3.0,0.15,0.2,0.065,0.35,24.66,2041,4.2,36.4,15.0,20.0,6.5,35.0,Qualified Applicant,['3 yrs exp'],0,Stable in Role
25737,city_114,0.926,Other,No relevent experience,Full time course,High School,,5,100-500,Public Sector,1,15,0.17117117117117117,0.17117117117117117,5.0,0.25,0.4,0.075,0.35,24.49,2042,4.1,17.1,25.0,40.0,7.5,35.0,Qualified Applicant,['5 yrs exp'],0,Stable in Role
25136,city_16,0.91,,No relevent experience,no_enrollment,Graduate,Business Degree,<1,,,never,42,0.11859838274932614,0.11859838274932614,0.5,0.025,0.7,0.21,0.35,24.38,2043,4.1,11.9,2.5,70.0,21.0,35.0,Qualified Applicant,['0 yrs exp'],0,Stable in Role
20079,city_103,0.92,Male,No relevent experience,no_enrollment,Graduate,Other,1,5000-9999,Pvt Ltd,never,29,0.11859838274932614,0.11859838274932614,1.0,0.05,0.7,0.145,0.35,24.35,2044,4.0,11.9,5.0,70.0,14.5,35.0,Qualified Applicant,['1 yrs exp'],0,Stable in Role
11339,city_114,0.926,,No relevent experience,Full time course,High School,,8,,,never,22,0.049019607843137254,0.049019607843137254,8.0,0.4,0.4,0.11,0.35,24.32,2045,4.0,4.9,40.0,40.0,11.0,35.0,Qualified Applicant,['Mid-to-Senior (8 yrs)'],0,Stable in Role
23948,city_103,0.92,Male,No relevent experience,no_enrollment,,,3,,,,13,0.11859838274932614,0.11859838274932614,3.0,0.15,0.6,0.065,0.35,24.05,2046,3.9,11.9,15.0,60.0,6.5,35.0,Qualified Applicant,['3 yrs exp'],0,Stable in Role
23514,city_114,0.926,,No relevent experience,no_enrollment,High School,,5,500-999,Public Sector,3,43,0.11859838274932614,0.11859838274932614,5.0,0.25,0.4,0.215,0.35,24.05,2046,3.9,11.9,25.0,40.0,21.5,35.0,Qualified Applicant,['5 yrs exp'],0,Stable in Role
30466,city_10,0.895,Male,No relevent experience,Full time course,High School,,4,10/49,Pvt Ltd,1,89,0.0847457627118644,0.0847457627118644,4.0,0.2,0.4,0.445,0.35,23.92,2048,3.9,8.5,20.0,40.0,44.5,35.0,Qualified Applicant,"['4 yrs exp', 'Committed upskiller (89 hrs)']",0,Stable in Role
21496,city_114,0.926,,No relevent experience,Full time course,High School,,6,10000+,,,98,0.0,0.0,6.0,0.3,0.4,0.49,0.35,23.9,2049,3.8,0.0,30.0,40.0,49.0,35.0,Qualified Applicant,"['6 yrs exp', 'Committed upskiller (98 hrs)']",0,Stable in Role
4532,city_67,0.855,Male,Has relevent experience,no_enrollment,High School,,3,100-500,Funded Startup,1,5,0.049019607843137254,0.049019607843137254,3.0,0.15,0.4,0.025,1.0,23.72,2050,3.8,4.9,15.0,40.0,2.5,100.0,Qualified Applicant,"['3 yrs exp', 'Domain-relevant experience']",0,Stable in Role
3647,city_71,0.884,Male,No relevent experience,Part time course,High School,,7,100-500,Pvt Ltd,1,9,0.0847457627118644,0.0847457627118644,7.0,0.35,0.4,0.045,0.35,23.67,2051,3.7,8.5,35.0,40.0,4.5,35.0,Qualified Applicant,['7 yrs exp'],0,Stable in Role
16525,city_67,0.855,Male,No relevent experience,no_enrollment,Primary School,,7,,,never,111,0.049019607843137254,0.049019607843137254,7.0,0.35,0.2,0.555,0.35,23.52,2052,3.7,4.9,35.0,20.0,55.5,35.0,Qualified Applicant,"['7 yrs exp', 'Committed upskiller (111 hrs)']",0,Stable in Role
29475,city_103,0.92,Male,No relevent experience,Full time course,High School,,8,500-999,NGO,1,4,0.049019607843137254,0.049019607843137254,8.0,0.4,0.4,0.02,0.35,23.42,2053,3.6,4.9,40.0,40.0,2.0,35.0,Qualified Applicant,['Mid-to-Senior (8 yrs)'],0,Stable in Role
20687,city_104,0.924,,No relevent experience,Full time course,High School,,5,100-500,Pvt Ltd,,30,0.11859838274932614,0.11859838274932614,5.0,0.25,0.4,0.15,0.35,23.4,2054,3.6,11.9,25.0,40.0,15.0,35.0,Qualified Applicant,['5 yrs exp'],0,Stable in Role
24628,city_116,0.743,,Has relevent experience,Full time course,Primary School,,2,5000-9999,Pvt Ltd,1,101,0.049019607843137254,0.049019607843137254,2.0,0.1,0.2,0.505,1.0,23.27,2055,3.5,4.9,10.0,20.0,50.5,100.0,Qualified Applicant,"['2 yrs exp', 'Committed upskiller (101 hrs)', 'Domain-relevant experience']",0,Stable in Role
17952,city_102,0.804,Male,No relevent experience,no_enrollment,,,3,,,never,21,0.0847457627118644,0.0847457627118644,3.0,0.15,0.6,0.105,0.35,23.27,2055,3.5,8.5,15.0,60.0,10.5,35.0,Qualified Applicant,['3 yrs exp'],0,Stable in Role
25890,city_103,0.92,Male,No relevent experience,no_enrollment,High School,,6,,,never,25,0.0847457627118644,0.0847457627118644,6.0,0.3,0.4,0.125,0.35,23.22,2057,3.4,8.5,30.0,40.0,12.5,35.0,Qualified Applicant,['6 yrs exp'],0,Stable in Role
30486,city_30,0.698,,No relevent experience,Full time course,,,4,50-99,Funded Startup,1,18,0.049019607843137254,0.049019607843137254,4.0,0.2,0.6,0.09,0.35,23.12,2058,3.4,4.9,20.0,60.0,9.0,35.0,Qualified Applicant,['4 yrs exp'],0,Stable in Role
20872,city_116,0.743,Male,No relevent experience,Full time course,High School,,6,<10,,1,33,0.07035175879396985,0.07035175879396985,6.0,0.3,0.4,0.165,0.35,23.11,2059,3.3,7.0,30.0,40.0,16.5,35.0,Qualified Applicant,['6 yrs exp'],0,Stable in Role
13006,city_134,0.698,,No relevent experience,no_enrollment,High School,,4,,,never,48,0.11859838274932614,0.11859838274932614,4.0,0.2,0.4,0.24,0.35,23.05,2060,3.3,11.9,20.0,40.0,24.0,35.0,Qualified Applicant,['4 yrs exp'],0,Stable in Role
31533,city_114,0.926,Male,No relevent experience,no_enrollment,High School,,6,50-99,Pvt Ltd,4,46,0.049019607843137254,0.049019607843137254,6.0,0.3,0.4,0.23,0.35,23.02,2061,3.2,4.9,30.0,40.0,23.0,35.0,Qualified Applicant,['6 yrs exp'],0,Stable in Role
5377,city_114,0.926,Male,No relevent experience,no_enrollment,High School,,5,,Pvt Ltd,never,70,0.049019607843137254,0.049019607843137254,5.0,0.25,0.4,0.35,0.35,22.97,2062,3.2,4.9,25.0,40.0,35.0,35.0,Qualified Applicant,['5 yrs exp'],0,Stable in Role
16230,city_103,0.92,,No relevent experience,Full time course,High School,,1,,,never,84,0.17117117117117117,0.17117117117117117,1.0,0.05,0.4,0.42,0.35,22.94,2063,3.1,17.1,5.0,40.0,42.0,35.0,Qualified Applicant,"['1 yrs exp', 'Committed upskiller (84 hrs)']",0,Stable in Role
19653,city_114,0.926,Male,No relevent experience,Full time course,High School,,5,,,never,68,0.049019607843137254,0.049019607843137254,5.0,0.25,0.4,0.34,0.35,22.87,2064,3.1,4.9,25.0,40.0,34.0,35.0,Qualified Applicant,['5 yrs exp'],0,Stable in Role
20064,city_10,0.895,,No relevent experience,Full time course,High School,,3,,,never,90,0.0847457627118644,0.0847457627118644,3.0,0.15,0.4,0.45,0.35,22.72,2065,3.1,8.5,15.0,40.0,45.0,35.0,Qualified Applicant,"['3 yrs exp', 'Committed upskiller (90 hrs)']",0,Stable in Role
30965,city_114,0.926,Male,No relevent experience,Full time course,High School,,4,500-999,Pvt Ltd,1,63,0.0847457627118644,0.0847457627118644,4.0,0.2,0.4,0.315,0.35,22.62,2066,3.0,8.5,20.0,40.0,31.5,35.0,Qualified Applicant,['4 yrs exp'],0,Stable in Role
29652,city_103,0.92,,No relevent experience,no_enrollment,Graduate,Business Degree,1,50-99,Pvt Ltd,1,12,0.0847457627118644,0.0847457627118644,1.0,0.05,0.7,0.06,0.35,22.32,2067,3.0,8.5,5.0,70.0,6.0,35.0,Qualified Applicant,['1 yrs exp'],0,Stable in Role
17200,city_150,0.698,,No relevent experience,no_enrollment,High School,,<1,,,never,146,0.07894736842105263,0.07894736842105263,0.5,0.025,0.4,0.73,0.35,22.19,2068,2.9,7.9,2.5,40.0,73.0,35.0,Qualified Applicant,"['0 yrs exp', 'Committed upskiller (146 hrs)']",0,Stable in Role
16922,city_73,0.754,,No relevent experience,no_enrollment,High School,,2,,,never,78,0.11859838274932614,0.11859838274932614,2.0,0.1,0.4,0.39,0.35,22.05,2069,2.9,11.9,10.0,40.0,39.0,35.0,Qualified Applicant,['2 yrs exp'],0,Stable in Role
27036,city_61,0.913,Male,No relevent experience,Full time course,High School,,5,10/49,,1,36,0.07035175879396985,0.07035175879396985,5.0,0.25,0.4,0.18,0.35,22.01,2070,2.8,7.0,25.0,40.0,18.0,35.0,Qualified Applicant,['5 yrs exp'],0,Stable in Role
18665,city_21,0.624,Male,No relevent experience,no_enrollment,Primary School,,1,,,never,9,0.3644859813084112,0.3644859813084112,1.0,0.05,0.2,0.045,0.35,21.96,2071,2.8,36.4,5.0,20.0,4.5,35.0,Qualified Applicant,['1 yrs exp'],0,Stable in Role
18513,city_50,0.8959999999999999,Male,No relevent experience,Full time course,High School,,2,,,1,61,0.14,0.14,2.0,0.1,0.4,0.305,0.35,21.95,2072,2.7,14.0,10.0,40.0,30.5,35.0,Qualified Applicant,['2 yrs exp'],0,Stable in Role
24998,city_173,0.878,Male,No relevent experience,no_enrollment,High School,,3,,,1,74,0.0847457627118644,0.0847457627118644,3.0,0.15,0.4,0.37,0.35,21.92,2073,2.7,8.5,15.0,40.0,37.0,35.0,Qualified Applicant,['3 yrs exp'],0,Stable in Role
13089,city_16,0.91,Male,No relevent experience,no_enrollment,High School,,5,,,never,22,0.0847457627118644,0.0847457627118644,5.0,0.25,0.4,0.11,0.35,21.82,2074,2.6,8.5,25.0,40.0,11.0,35.0,Qualified Applicant,['5 yrs exp'],0,Stable in Role
13823,city_77,0.83,Male,No relevent experience,Full time course,High School,,5,10/49,Pvt Ltd,1,20,0.0847457627118644,0.0847457627118644,5.0,0.25,0.4,0.1,0.35,21.72,2075,2.6,8.5,25.0,40.0,10.0,35.0,Qualified Applicant,['5 yrs exp'],0,Stable in Role
5956,city_114,0.926,Male,No relevent experience,Full time course,High School,,6,,,never,14,0.049019607843137254,0.049019607843137254,6.0,0.3,0.4,0.07,0.35,21.42,2076,2.5,4.9,30.0,40.0,7.0,35.0,Qualified Applicant,['6 yrs exp'],0,Stable in Role
9827,city_138,0.836,Male,No relevent experience,Full time course,High School,,2,,,never,112,0.049019607843137254,0.049019607843137254,2.0,0.1,0.4,0.56,0.35,21.32,2077,2.5,4.9,10.0,40.0,56.0,35.0,Qualified Applicant,"['2 yrs exp', 'Committed upskiller (112 hrs)']",0,Stable in Role
21845,city_103,0.92,,No relevent experience,no_enrollment,High School,,2,,,never,89,0.07894736842105263,0.07894736842105263,2.0,0.1,0.4,0.445,0.35,21.21,2078,2.4,7.9,10.0,40.0,44.5,35.0,Qualified Applicant,"['2 yrs exp', 'Committed upskiller (89 hrs)']",0,Stable in Role
11155,city_103,0.92,Male,No relevent experience,Full time course,High School,,5,10000+,Pvt Ltd,1,20,0.07035175879396985,0.07035175879396985,5.0,0.25,0.4,0.1,0.35,21.21,2078,2.4,7.0,25.0,40.0,10.0,35.0,Qualified Applicant,['5 yrs exp'],0,Stable in Role
9772,city_114,0.926,Male,No relevent experience,no_enrollment,High School,,5,,,never,32,0.049019607843137254,0.049019607843137254,5.0,0.25,0.4,0.16,0.35,21.07,2080,2.3,4.9,25.0,40.0,16.0,35.0,Qualified Applicant,['5 yrs exp'],0,Stable in Role
22200,city_114,0.926,,No relevent experience,Full time course,High School,,6,,,never,6,0.049019607843137254,0.049019607843137254,6.0,0.3,0.4,0.03,0.35,21.02,2081,2.3,4.9,30.0,40.0,3.0,35.0,Qualified Applicant,['6 yrs exp'],0,Stable in Role
29710,city_149,0.6890000000000001,,No relevent experience,Part time course,,,2,,,never,11,0.07035175879396985,0.07035175879396985,2.0,0.1,0.6,0.055,0.35,21.01,2082,2.3,7.0,10.0,60.0,5.5,35.0,Qualified Applicant,['2 yrs exp'],0,Stable in Role
4579,city_28,0.939,Male,No relevent experience,Full time course,High School,,3,,,2,22,0.11859838274932614,0.11859838274932614,3.0,0.15,0.4,0.11,0.35,20.5,2083,2.2,11.9,15.0,40.0,11.0,35.0,Qualified Applicant,['3 yrs exp'],0,Stable in Role
8744,city_150,0.698,Male,No relevent experience,Full time course,High School,,1,,,never,72,0.11859838274932614,0.11859838274932614,1.0,0.05,0.4,0.36,0.35,20.5,2083,2.2,11.9,5.0,40.0,36.0,35.0,Qualified Applicant,['1 yrs exp'],0,Stable in Role
17898,city_100,0.887,Male,No relevent experience,no_enrollment,Primary School,,1,,,never,288,0.049019607843137254,0.049019607843137254,1.0,0.05,0.2,1.0,0.35,20.47,2085,2.1,4.9,5.0,20.0,100.0,35.0,Qualified Applicant,"['1 yrs exp', 'Committed upskiller (288 hrs)']",0,Stable in Role
21511,city_114,0.926,,No relevent experience,no_enrollment,High School,,4,,,never,45,0.049019607843137254,0.049019607843137254,4.0,0.2,0.4,0.225,0.35,20.47,2085,2.1,4.9,20.0,40.0,22.5,35.0,Qualified Applicant,['4 yrs exp'],0,Stable in Role
23885,city_67,0.855,,No relevent experience,no_enrollment,High School,,3,,,never,70,0.049019607843137254,0.049019607843137254,3.0,0.15,0.4,0.35,0.35,20.47,2085,2.1,4.9,15.0,40.0,35.0,35.0,Qualified Applicant,['3 yrs exp'],0,Stable in Role
4158,city_103,0.92,,No relevent experience,no_enrollment,High School,,4,5000-9999,Public Sector,2,12,0.0847457627118644,0.0847457627118644,4.0,0.2,0.4,0.06,0.35,20.07,2088,2.0,8.5,20.0,40.0,6.0,35.0,Qualified Applicant,['4 yrs exp'],0,Stable in Role
32212,city_16,0.91,Male,No relevent experience,Full time course,High School,,4,,,1,10,0.0847457627118644,0.0847457627118644,4.0,0.2,0.4,0.05,0.35,19.97,2089,1.9,8.5,20.0,40.0,5.0,35.0,Qualified Applicant,['4 yrs exp'],0,Stable in Role
22214,city_167,0.921,,No relevent experience,no_enrollment,Primary School,,6,<10,Pvt Ltd,3,34,0.09259259259259259,0.09259259259259259,6.0,0.3,0.2,0.17,0.35,19.94,2090,1.9,9.3,30.0,20.0,17.0,35.0,Qualified Applicant,['6 yrs exp'],0,Stable in Role
4926,city_103,0.92,Male,No relevent experience,no_enrollment,High School,,1,,,never,22,0.17117117117117117,0.17117117117117117,1.0,0.05,0.4,0.11,0.35,19.84,2091,1.8,17.1,5.0,40.0,11.0,35.0,Qualified Applicant,['1 yrs exp'],0,Stable in Role
6191,city_160,0.92,,No relevent experience,Full time course,High School,,2,1000-4999,Public Sector,2,33,0.11859838274932614,0.11859838274932614,2.0,0.1,0.4,0.165,0.35,19.8,2092,1.8,11.9,10.0,40.0,16.5,35.0,Qualified Applicant,['2 yrs exp'],0,Stable in Role
8083,city_45,0.89,,No relevent experience,Full time course,High School,,3,,,never,22,0.09259259259259259,0.09259259259259259,3.0,0.15,0.4,0.11,0.35,19.59,2093,1.7,9.3,15.0,40.0,11.0,35.0,Qualified Applicant,['3 yrs exp'],0,Stable in Role
545,city_162,0.767,Other,No relevent experience,no_enrollment,Primary School,,6,,,never,26,0.0847457627118644,0.0847457627118644,6.0,0.3,0.2,0.13,0.35,19.27,2094,1.7,8.5,30.0,20.0,13.0,35.0,Qualified Applicant,['6 yrs exp'],0,Stable in Role
14353,city_149,0.6890000000000001,Male,No relevent experience,Full time course,Primary School,,4,<10,Early Stage Startup,1,70,0.09259259259259259,0.09259259259259259,4.0,0.2,0.2,0.35,0.35,19.24,2095,1.6,9.3,20.0,20.0,35.0,35.0,Qualified Applicant,['4 yrs exp'],0,Stable in Role
12295,city_70,0.698,,No relevent experience,no_enrollment,Primary School,,1,,,never,13,0.2777777777777778,0.2777777777777778,1.0,0.05,0.2,0.065,0.35,19.12,2096,1.6,27.8,5.0,20.0,6.5,35.0,Qualified Applicant,['1 yrs exp'],0,Stable in Role
30399,city_114,0.926,Male,No relevent experience,no_enrollment,High School,,2,100-500,Pvt Ltd,1,42,0.0847457627118644,0.0847457627118644,2.0,0.1,0.4,0.21,0.35,19.07,2097,1.6,8.5,10.0,40.0,21.0,35.0,Qualified Applicant,['2 yrs exp'],0,Stable in Role
10873,city_114,0.926,Male,No relevent experience,Full time course,High School,,3,,,never,36,0.049019607843137254,0.049019607843137254,3.0,0.15,0.4,0.18,0.35,18.77,2098,1.5,4.9,15.0,40.0,18.0,35.0,Qualified Applicant,['3 yrs exp'],0,Stable in Role
25586,city_46,0.762,Male,No relevent experience,no_enrollment,High School,,2,,,never,26,0.09259259259259259,0.09259259259259259,2.0,0.1,0.4,0.13,0.35,18.54,2099,1.5,9.3,10.0,40.0,13.0,35.0,Qualified Applicant,['2 yrs exp'],0,Stable in Role
3880,city_67,0.855,Male,No relevent experience,Full time course,High School,,2,50-99,Pvt Ltd,1,30,0.0847457627118644,0.0847457627118644,2.0,0.1,0.4,0.15,0.35,18.47,2100,1.4,8.5,10.0,40.0,15.0,35.0,Qualified Applicant,['2 yrs exp'],0,Stable in Role
8122,city_61,0.913,,No relevent experience,Full time course,High School,,4,,,never,4,0.049019607843137254,0.049019607843137254,4.0,0.2,0.4,0.02,0.35,18.42,2101,1.3,4.9,20.0,40.0,2.0,35.0,Qualified Applicant,['4 yrs exp'],0,Stable in Role
20707,city_136,0.897,Male,No relevent experience,Full time course,High School,,4,,,1,4,0.049019607843137254,0.049019607843137254,4.0,0.2,0.4,0.02,0.35,18.42,2101,1.3,4.9,20.0,40.0,2.0,35.0,Qualified Applicant,['4 yrs exp'],0,Stable in Role
1588,city_160,0.92,,No relevent experience,Full time course,High School,,1,500-999,Pvt Ltd,1,53,0.0847457627118644,0.0847457627118644,1.0,0.05,0.4,0.265,0.35,18.37,2103,1.3,8.5,5.0,40.0,26.5,35.0,Qualified Applicant,['1 yrs exp'],0,Stable in Role
634,city_160,0.92,Female,No relevent experience,Part time course,High School,,1,10000+,Pvt Ltd,1,57,0.07894736842105263,0.07894736842105263,1.0,0.05,0.4,0.285,0.35,18.36,2104,1.2,7.9,5.0,40.0,28.5,35.0,Qualified Applicant,['1 yrs exp'],0,Stable in Role
15977,city_175,0.7759999999999999,Male,No relevent experience,Full time course,High School,,2,<10,,1,27,0.0847457627118644,0.0847457627118644,2.0,0.1,0.4,0.135,0.35,18.32,2105,1.2,8.5,10.0,40.0,13.5,35.0,Qualified Applicant,['2 yrs exp'],0,Stable in Role
15009,city_134,0.698,Male,No relevent experience,no_enrollment,Primary School,,3,,,never,82,0.0847457627118644,0.0847457627118644,3.0,0.15,0.2,0.41,0.35,18.32,2105,1.2,8.5,15.0,20.0,41.0,35.0,Qualified Applicant,"['3 yrs exp', 'Committed upskiller (82 hrs)']",0,Stable in Role
5189,city_16,0.91,,No relevent experience,no_enrollment,High School,,<1,,,1,64,0.0847457627118644,0.0847457627118644,0.5,0.025,0.4,0.32,0.35,18.29,2107,1.1,8.5,2.5,40.0,32.0,35.0,Qualified Applicant,['0 yrs exp'],0,Stable in Role
3180,city_114,0.926,Male,No relevent experience,Part time course,Primary School,,3,,Pvt Ltd,never,100,0.049019607843137254,0.049019607843137254,3.0,0.15,0.2,0.5,0.35,17.97,2108,1.0,4.9,15.0,20.0,50.0,35.0,Qualified Applicant,"['3 yrs exp', 'Committed upskiller (100 hrs)']",0,Stable in Role
19499,city_75,0.939,,No relevent experience,,High School,,2,,,never,44,0.049019607843137254,0.049019607843137254,2.0,0.1,0.4,0.22,0.35,17.92,2109,1.0,4.9,10.0,40.0,22.0,35.0,Qualified Applicant,['2 yrs exp'],0,Stable in Role
28293,city_16,0.91,Male,No relevent experience,no_enrollment,Primary School,,3,,,2,46,0.11859838274932614,0.11859838274932614,3.0,0.15,0.2,0.23,0.35,17.7,2110,0.9,11.9,15.0,20.0,23.0,35.0,Qualified Applicant,['3 yrs exp'],0,Stable in Role
4709,city_90,0.698,Male,No relevent experience,no_enrollment,Primary School,,2,,,never,88,0.09259259259259259,0.09259259259259259,2.0,0.1,0.2,0.44,0.35,17.64,2111,0.9,9.3,10.0,20.0,44.0,35.0,Qualified Applicant,"['2 yrs exp', 'Committed upskiller (88 hrs)']",0,Stable in Role
32698,city_160,0.92,,No relevent experience,no_enrollment,Primary School,,4,,,never,47,0.07035175879396985,0.07035175879396985,4.0,0.2,0.2,0.235,0.35,17.31,2112,0.8,7.0,20.0,20.0,23.5,35.0,Qualified Applicant,['4 yrs exp'],0,Stable in Role
19816,city_97,0.925,Male,No relevent experience,Part time course,High School,,2,500-999,Pvt Ltd,1,14,0.07035175879396985,0.07035175879396985,2.0,0.1,0.4,0.07,0.35,17.16,2113,0.8,7.0,10.0,40.0,7.0,35.0,Qualified Applicant,['2 yrs exp'],0,Stable in Role
29223,city_160,0.92,Male,No relevent experience,no_enrollment,Primary School,,2,,,never,108,0.049019607843137254,0.049019607843137254,2.0,0.1,0.2,0.54,0.35,17.12,2114,0.8,4.9,10.0,20.0,54.0,35.0,Qualified Applicant,"['2 yrs exp', 'Committed upskiller (108 hrs)']",0,Stable in Role
23233,city_16,0.91,Male,No relevent experience,no_enrollment,High School,,<1,,,never,63,0.049019607843137254,0.049019607843137254,0.5,0.025,0.4,0.315,0.35,16.99,2115,0.7,4.9,2.5,40.0,31.5,35.0,Qualified Applicant,['0 yrs exp'],0,Stable in Role
16104,city_103,0.92,,No relevent experience,no_enrollment,High School,,<1,,,never,44,0.07035175879396985,0.07035175879396985,0.5,0.025,0.4,0.22,0.35,16.79,2116,0.7,7.0,2.5,40.0,22.0,35.0,Qualified Applicant,['0 yrs exp'],0,Stable in Role
32745,city_16,0.91,,No relevent experience,no_enrollment,Primary School,,5,,Pvt Ltd,never,21,0.049019607843137254,0.049019607843137254,5.0,0.25,0.2,0.105,0.35,16.52,2117,0.6,4.9,25.0,20.0,10.5,35.0,Qualified Applicant,['5 yrs exp'],0,Stable in Role
31796,city_91,0.691,,No relevent experience,no_enrollment,Primary School,,2,,Pvt Ltd,never,46,0.11859838274932614,0.11859838274932614,2.0,0.1,0.2,0.23,0.35,16.45,2118,0.6,11.9,10.0,20.0,23.0,35.0,Qualified Applicant,['2 yrs exp'],0,Stable in Role
4274,city_13,0.8270000000000001,Male,No relevent experience,no_enrollment,Primary School,,5,,,never,14,0.049019607843137254,0.049019607843137254,5.0,0.25,0.2,0.07,0.35,16.17,2119,0.5,4.9,25.0,20.0,7.0,35.0,Qualified Applicant,['5 yrs exp'],0,Stable in Role
17932,city_114,0.926,,No relevent experience,no_enrollment,Primary School,,2,,,never,109,0.01881520057912686,0.01881520057912686,2.0,0.1,0.2,0.545,0.35,16.11,2120,0.5,1.9,10.0,20.0,54.5,35.0,Qualified Applicant,"['2 yrs exp', 'Committed upskiller (109 hrs)']",0,Stable in Role
23562,city_53,0.74,Other,No relevent experience,Part time course,High School,,2,50-99,,1,4,0.049019607843137254,0.049019607843137254,2.0,0.1,0.4,0.02,0.35,15.92,2121,0.4,4.9,10.0,40.0,2.0,35.0,Qualified Applicant,['2 yrs exp'],0,Stable in Role
31464,city_80,0.847,Male,No relevent experience,no_enrollment,Primary School,,3,,,never,43,0.07035175879396985,0.07035175879396985,3.0,0.15,0.2,0.215,0.35,15.86,2122,0.4,7.0,15.0,20.0,21.5,35.0,Qualified Applicant,['3 yrs exp'],0,Stable in Role
23554,city_176,0.764,,No relevent experience,no_enrollment,Primary School,,<1,,,never,94,0.0847457627118644,0.0847457627118644,0.5,0.025,0.2,0.47,0.35,15.79,2123,0.3,8.5,2.5,20.0,47.0,35.0,Qualified Applicant,"['0 yrs exp', 'Committed upskiller (94 hrs)']",0,Stable in Role
22858,city_16,0.91,,No relevent experience,no_enrollment,High School,,<1,,,never,31,0.049019607843137254,0.049019607843137254,0.5,0.025,0.4,0.155,0.35,15.39,2124,0.3,4.9,2.5,40.0,15.5,35.0,Qualified Applicant,['0 yrs exp'],0,Stable in Role
23116,city_16,0.91,Male,No relevent experience,no_enrollment,Primary School,,2,,,never,47,0.049019607843137254,0.049019607843137254,2.0,0.1,0.2,0.235,0.35,14.07,2125,0.2,4.9,10.0,20.0,23.5,35.0,Qualified Applicant,['2 yrs exp'],0,Stable in Role
5194,city_103,0.92,Male,No relevent experience,no_enrollment,Primary School,,2,,Pvt Ltd,never,45,0.049019607843137254,0.049019607843137254,2.0,0.1,0.2,0.225,0.35,13.97,2126,0.2,4.9,10.0,20.0,22.5,35.0,Qualified Applicant,['2 yrs exp'],0,Stable in Role
31762,city_100,0.887,Male,No relevent experience,no_enrollment,Primary School,,3,,Pvt Ltd,never,18,0.049019607843137254,0.049019607843137254,3.0,0.15,0.2,0.09,0.35,13.87,2127,0.1,4.9,15.0,20.0,9.0,35.0,Qualified Applicant,['3 yrs exp'],0,Stable in Role
7032,city_104,0.924,,No relevent experience,Full time course,Primary School,,1,,,never,15,0.049019607843137254,0.049019607843137254,1.0,0.05,0.2,0.075,0.35,11.22,2128,0.1,4.9,5.0,20.0,7.5,35.0,Qualified Applicant,['1 yrs exp'],0,Stable in Role
1392,city_103,0.92,,No relevent experience,no_enrollment,Primary School,,1,,Pvt Ltd,never,15,0.049019607843137254,0.049019607843137254,1.0,0.05,0.2,0.075,0.35,11.22,2128,0.1,4.9,5.0,20.0,7.5,35.0,Qualified Applicant,['1 yrs exp'],0,Stable in Role
